customer_id,tenure_months,contract,monthly_charges,total_charges,tech_support,internet_service,payment_method,paperless_billing,support_tickets,churn
CUST-00000,29,One Year,119.98,3138.25,Yes,No,Electronic Check,Yes,1,1
CUST-00001,54,Month-to-Month,90.05,4852.2,Yes,Fiber Optic,Electronic Check,No,2,0
CUST-00002,7,Two Year,51.26,343.03,Yes,DSL,Mailed Check,Yes,0,0
CUST-00003,65,One Year,35.0,2158.75,No,No,Credit Card,Yes,0,0
CUST-00004,38,Month-to-Month,84.17,3172.19,Yes,Fiber Optic,Electronic Check,No,1,1
CUST-00005,44,Two Year,68.6,2822.71,No,DSL,Electronic Check,Yes,4,0
CUST-00006,14,One Year,34.28,470.08,No,Fiber Optic,Electronic Check,Yes,2,1
CUST-00007,39,One Year,80.71,3060.12,Yes,DSL,Electronic Check,Yes,0,0
CUST-00008,1,Month-to-Month,63.27,59.96,No,DSL,Mailed Check,Yes,1,1
CUST-00009,65,Month-to-Month,83.27,5290.57,Yes,DSL,Mailed Check,No,0,0
CUST-00010,54,Month-to-Month,81.04,4361.18,Yes,Fiber Optic,Bank Transfer,No,2,0
CUST-00011,33,Two Year,54.79,1663.53,Yes,DSL,Bank Transfer,Yes,0,0
CUST-00012,61,One Year,85.82,4720.68,No,DSL,Credit Card,No,1,0
CUST-00013,59,Two Year,57.55,3334.83,No,Fiber Optic,Credit Card,Yes,2,0
CUST-00014,9,Month-to-Month,59.18,500.85,Yes,DSL,Electronic Check,No,0,1
CUST-00015,4,Month-to-Month,56.69,216.43,Yes,Fiber Optic,Electronic Check,No,0,1
CUST-00016,19,One Year,98.27,1721.95,Yes,Fiber Optic,Mailed Check,No,1,0
CUST-00017,1,Month-to-Month,62.99,61.99,No,DSL,Bank Transfer,No,3,1
CUST-00018,42,Two Year,104.31,4258.88,Yes,DSL,Bank Transfer,No,0,0
CUST-00019,39,One Year,114.59,4448.17,No,DSL,Mailed Check,No,1,1
CUST-00020,39,One Year,51.53,1904.21,No,Fiber Optic,Credit Card,No,3,0
CUST-00021,6,Month-to-Month,15.0,89.79,Yes,No,Mailed Check,No,0,1
CUST-00022,67,Two Year,96.11,6124.39,No,DSL,Credit Card,Yes,0,0
CUST-00023,71,Two Year,61.45,4197.78,No,DSL,Credit Card,No,1,0
CUST-00024,43,One Year,48.35,2011.3,No,DSL,Mailed Check,No,0,0
CUST-00025,1,Month-to-Month,55.28,52.46,No,Fiber Optic,Electronic Check,No,1,1
CUST-00026,29,Month-to-Month,59.63,1653.66,No,DSL,Electronic Check,No,1,1
CUST-00027,52,Month-to-Month,102.43,4912.67,No,Fiber Optic,Mailed Check,Yes,1,0
CUST-00028,54,Month-to-Month,74.0,3741.2,Yes,Fiber Optic,Credit Card,Yes,1,0
CUST-00029,18,One Year,102.09,1782.86,No,DSL,Credit Card,Yes,1,1
CUST-00030,60,One Year,82.36,4466.71,Yes,Fiber Optic,Electronic Check,Yes,1,0
CUST-00031,70,Two Year,62.27,4228.31,Yes,No,Electronic Check,No,1,0
CUST-00032,37,Month-to-Month,60.24,2073.7,No,DSL,Credit Card,Yes,3,0
CUST-00033,28,Month-to-Month,84.04,2181.77,Yes,Fiber Optic,Bank Transfer,Yes,2,1
CUST-00034,38,Month-to-Month,90.51,3333.96,Yes,Fiber Optic,Bank Transfer,Yes,1,1
CUST-00035,2,Month-to-Month,94.92,174.94,Yes,DSL,Electronic Check,No,3,1
CUST-00036,38,Month-to-Month,63.46,2402.24,No,Fiber Optic,Electronic Check,Yes,3,1
CUST-00037,2,Month-to-Month,74.38,148.62,No,DSL,Electronic Check,Yes,2,1
CUST-00038,3,Month-to-Month,84.6,240.05,Yes,DSL,Electronic Check,Yes,2,1
CUST-00039,40,One Year,60.4,2271.38,No,Fiber Optic,Mailed Check,Yes,4,0
CUST-00040,37,Month-to-Month,41.63,1398.45,No,No,Electronic Check,No,1,0
CUST-00041,72,Two Year,49.84,3508.89,Yes,DSL,Mailed Check,No,2,0
CUST-00042,37,One Year,63.97,2168.72,No,Fiber Optic,Credit Card,Yes,3,0
CUST-00043,71,Month-to-Month,86.56,6104.61,Yes,DSL,Electronic Check,No,0,0
CUST-00044,59,Two Year,101.47,5981.1,No,Fiber Optic,Credit Card,No,0,0
CUST-00045,25,Two Year,36.1,823.3,No,Fiber Optic,Electronic Check,Yes,0,0
CUST-00046,67,Month-to-Month,55.07,3572.73,Yes,Fiber Optic,Bank Transfer,Yes,3,0
CUST-00047,35,Month-to-Month,61.05,2022.65,No,No,Electronic Check,Yes,2,1
CUST-00048,43,One Year,89.87,3687.09,Yes,Fiber Optic,Credit Card,Yes,2,0
CUST-00049,8,Month-to-Month,56.8,417.12,No,DSL,Electronic Check,Yes,2,1
CUST-00050,16,Month-to-Month,59.26,921.95,Yes,No,Mailed Check,No,0,0
CUST-00051,38,Month-to-Month,34.7,1208.71,No,DSL,Credit Card,Yes,0,1
CUST-00052,20,One Year,82.09,1622.97,No,Fiber Optic,Electronic Check,No,1,0
CUST-00053,44,One Year,65.97,2744.19,Yes,Fiber Optic,Bank Transfer,Yes,2,0
CUST-00054,6,One Year,53.65,310.15,No,No,Bank Transfer,Yes,3,1
CUST-00055,19,One Year,63.51,1197.25,Yes,Fiber Optic,Electronic Check,No,1,0
CUST-00056,48,Month-to-Month,98.17,4588.67,No,Fiber Optic,Electronic Check,No,3,1
CUST-00057,45,One Year,44.88,1926.87,No,Fiber Optic,Credit Card,No,3,0
CUST-00058,71,Month-to-Month,48.96,3268.52,Yes,Fiber Optic,Credit Card,Yes,0,0
CUST-00059,65,Month-to-Month,101.31,6230.96,Yes,No,Electronic Check,Yes,2,1
CUST-00060,59,One Year,71.89,3962.28,Yes,DSL,Credit Card,Yes,0,0
CUST-00061,1,Month-to-Month,86.74,86.27,No,DSL,Credit Card,Yes,2,1
CUST-00062,44,One Year,80.04,3258.63,No,Fiber Optic,Bank Transfer,Yes,3,0
CUST-00063,17,One Year,69.12,1105.64,Yes,DSL,Credit Card,No,1,0
CUST-00064,20,One Year,61.29,1198.61,Yes,No,Electronic Check,Yes,1,0
CUST-00065,16,One Year,90.79,1360.3,No,DSL,Mailed Check,No,0,0
CUST-00066,33,One Year,99.06,3231.91,Yes,Fiber Optic,Credit Card,No,2,0
CUST-00067,9,Month-to-Month,97.1,807.75,Yes,Fiber Optic,Credit Card,Yes,1,1
CUST-00068,39,Month-to-Month,40.36,1421.57,No,No,Electronic Check,Yes,0,0
CUST-00069,12,Month-to-Month,102.62,1185.72,Yes,Fiber Optic,Bank Transfer,No,0,0
CUST-00070,37,Month-to-Month,61.05,2147.77,No,DSL,Electronic Check,Yes,1,0
CUST-00071,46,Month-to-Month,51.12,2335.78,Yes,DSL,Electronic Check,Yes,0,0
CUST-00072,13,Two Year,65.77,805.69,No,Fiber Optic,Electronic Check,Yes,0,0
CUST-00073,8,Month-to-Month,90.78,663.46,Yes,No,Electronic Check,Yes,1,0
CUST-00074,59,Month-to-Month,83.51,4596.85,Yes,Fiber Optic,Mailed Check,Yes,2,0
CUST-00075,54,Month-to-Month,63.62,3227.02,Yes,Fiber Optic,Electronic Check,Yes,0,0
CUST-00076,19,Month-to-Month,90.94,1655.83,No,Fiber Optic,Credit Card,Yes,1,1
CUST-00077,64,One Year,73.5,4362.73,No,Fiber Optic,Credit Card,No,0,0
CUST-00078,16,One Year,55.68,850.82,Yes,Fiber Optic,Mailed Check,No,1,0
CUST-00079,67,One Year,52.3,3471.88,No,DSL,Electronic Check,Yes,3,0
CUST-00080,9,One Year,80.26,680.71,Yes,DSL,Credit Card,Yes,2,0
CUST-00081,48,Month-to-Month,67.94,3147.49,Yes,Fiber Optic,Electronic Check,Yes,1,0
CUST-00082,2,Two Year,35.61,65.73,Yes,Fiber Optic,Mailed Check,Yes,1,0
CUST-00083,15,Month-to-Month,91.18,1340.53,No,DSL,Electronic Check,Yes,0,1
CUST-00084,30,Month-to-Month,57.99,1612.64,Yes,No,Credit Card,No,3,0
CUST-00085,7,Month-to-Month,109.8,736.3,Yes,DSL,Electronic Check,Yes,0,0
CUST-00086,33,One Year,34.93,1072.03,No,Fiber Optic,Credit Card,No,0,0
CUST-00087,17,Month-to-Month,65.48,1009.35,No,Fiber Optic,Credit Card,Yes,2,0
CUST-00088,8,Month-to-Month,52.5,391.43,Yes,No,Credit Card,Yes,1,0
CUST-00089,70,Month-to-Month,45.61,2941.13,No,No,Credit Card,No,1,0
CUST-00090,71,Month-to-Month,57.83,4061.86,Yes,Fiber Optic,Bank Transfer,No,1,0
CUST-00091,70,One Year,114.26,7411.26,No,Fiber Optic,Credit Card,Yes,0,0
CUST-00092,12,Month-to-Month,73.58,880.7,Yes,Fiber Optic,Electronic Check,Yes,1,1
CUST-00093,28,Month-to-Month,50.21,1334.51,No,No,Credit Card,Yes,2,0
CUST-00094,24,Month-to-Month,24.28,537.33,No,Fiber Optic,Electronic Check,No,1,1
CUST-00095,24,One Year,26.97,607.88,Yes,Fiber Optic,Mailed Check,Yes,0,0
CUST-00096,30,Month-to-Month,56.59,1559.07,Yes,DSL,Mailed Check,Yes,1,1
CUST-00097,37,Month-to-Month,54.16,1970.59,Yes,Fiber Optic,Credit Card,Yes,0,0
CUST-00098,35,Month-to-Month,64.4,2055.64,No,DSL,Electronic Check,No,1,1
CUST-00099,22,Two Year,15.0,325.83,No,Fiber Optic,Bank Transfer,Yes,2,0
CUST-00100,71,Two Year,67.71,4348.74,No,Fiber Optic,Bank Transfer,Yes,2,0
CUST-00101,71,One Year,95.69,6318.14,No,DSL,Bank Transfer,No,0,0
CUST-00102,24,Month-to-Month,110.57,2425.43,No,Fiber Optic,Electronic Check,No,0,1
CUST-00103,16,Two Year,22.64,350.84,No,Fiber Optic,Bank Transfer,No,2,0
CUST-00104,39,One Year,49.97,1853.79,No,No,Bank Transfer,Yes,0,0
CUST-00105,27,One Year,48.64,1305.31,Yes,DSL,Credit Card,Yes,3,0
CUST-00106,72,Month-to-Month,73.64,4966.02,No,DSL,Credit Card,No,1,0
CUST-00107,31,Month-to-Month,39.51,1107.32,Yes,Fiber Optic,Electronic Check,No,1,0
CUST-00108,3,Month-to-Month,112.06,328.17,Yes,Fiber Optic,Electronic Check,Yes,1,1
CUST-00109,10,Two Year,71.09,681.01,Yes,DSL,Bank Transfer,Yes,1,0
CUST-00110,6,Month-to-Month,66.92,394.59,Yes,Fiber Optic,Mailed Check,No,1,0
CUST-00111,28,Month-to-Month,109.82,2898.5,No,No,Bank Transfer,Yes,0,0
CUST-00112,23,Month-to-Month,69.6,1558.89,Yes,DSL,Credit Card,No,5,1
CUST-00113,62,One Year,80.01,4549.42,Yes,Fiber Optic,Electronic Check,Yes,0,0
CUST-00114,65,Month-to-Month,51.23,3329.79,No,DSL,Credit Card,No,2,1
CUST-00115,11,Two Year,35.74,360.65,No,No,Electronic Check,Yes,0,0
CUST-00116,69,One Year,54.74,3712.77,Yes,No,Credit Card,Yes,1,0
CUST-00117,43,One Year,124.67,4938.61,Yes,Fiber Optic,Mailed Check,No,1,0
CUST-00118,23,Month-to-Month,85.83,1931.16,Yes,No,Credit Card,No,1,0
CUST-00119,30,One Year,76.86,2273.81,No,DSL,Electronic Check,Yes,1,0
CUST-00120,32,One Year,45.59,1440.88,Yes,Fiber Optic,Mailed Check,Yes,0,0
CUST-00121,13,One Year,92.78,1142.9,No,Fiber Optic,Electronic Check,Yes,3,1
CUST-00122,63,Month-to-Month,36.06,2142.02,Yes,No,Bank Transfer,No,0,0
CUST-00123,1,Month-to-Month,30.82,30.31,No,Fiber Optic,Credit Card,Yes,1,1
CUST-00124,6,Month-to-Month,56.03,322.04,Yes,DSL,Credit Card,Yes,0,0
CUST-00125,20,Month-to-Month,118.86,2287.17,No,DSL,Bank Transfer,Yes,0,0
CUST-00126,11,Month-to-Month,117.45,1193.25,Yes,DSL,Electronic Check,No,0,1
CUST-00127,5,Month-to-Month,58.72,277.34,Yes,No,Credit Card,Yes,1,0
CUST-00128,28,Month-to-Month,53.15,1394.36,No,Fiber Optic,Electronic Check,No,0,1
CUST-00129,28,One Year,28.99,784.55,No,Fiber Optic,Bank Transfer,No,0,0
CUST-00130,10,Month-to-Month,71.95,661.69,Yes,DSL,Electronic Check,No,1,1
CUST-00131,59,Two Year,74.05,4109.33,No,Fiber Optic,Credit Card,Yes,0,0
CUST-00132,64,One Year,89.74,5656.48,Yes,Fiber Optic,Mailed Check,Yes,1,0
CUST-00133,52,Month-to-Month,92.77,4605.24,No,Fiber Optic,Mailed Check,No,1,1
CUST-00134,38,One Year,65.06,2446.58,Yes,Fiber Optic,Electronic Check,Yes,2,1
CUST-00135,69,Month-to-Month,83.9,5344.8,Yes,DSL,Bank Transfer,No,1,0
CUST-00136,26,Two Year,52.48,1288.06,Yes,DSL,Electronic Check,Yes,1,0
CUST-00137,31,Month-to-Month,83.43,2457.12,Yes,No,Credit Card,No,0,0
CUST-00138,2,One Year,57.32,107.77,No,Fiber Optic,Credit Card,No,1,0
CUST-00139,51,Month-to-Month,81.49,4024.87,Yes,Fiber Optic,Credit Card,No,0,0
CUST-00140,7,Month-to-Month,79.46,508.87,Yes,No,Mailed Check,No,1,0
CUST-00141,48,Month-to-Month,71.72,3277.11,No,Fiber Optic,Bank Transfer,Yes,0,1
CUST-00142,57,Two Year,89.86,4680.9,Yes,Fiber Optic,Mailed Check,Yes,2,0
CUST-00143,16,One Year,30.74,473.6,Yes,Fiber Optic,Credit Card,Yes,1,0
CUST-00144,45,Month-to-Month,43.38,1918.96,No,DSL,Electronic Check,No,2,0
CUST-00145,22,Month-to-Month,63.25,1255.13,Yes,DSL,Electronic Check,Yes,1,0
CUST-00146,29,Month-to-Month,33.92,930.26,No,No,Mailed Check,Yes,1,0
CUST-00147,39,Month-to-Month,59.83,2215.0,No,Fiber Optic,Mailed Check,Yes,2,1
CUST-00148,18,Month-to-Month,60.63,1060.81,Yes,DSL,Credit Card,No,2,1
CUST-00149,58,Month-to-Month,102.74,5407.55,No,No,Electronic Check,No,3,1
CUST-00150,29,Two Year,73.56,2006.53,Yes,DSL,Bank Transfer,No,2,0
CUST-00151,34,Two Year,95.74,3185.33,No,Fiber Optic,Electronic Check,Yes,0,0
CUST-00152,59,Month-to-Month,77.54,4360.82,No,Fiber Optic,Electronic Check,No,1,1
CUST-00153,17,One Year,56.61,938.3,No,DSL,Credit Card,Yes,1,1
CUST-00154,33,Month-to-Month,73.34,2266.3,No,DSL,Credit Card,No,0,0
CUST-00155,72,One Year,88.24,6302.51,No,Fiber Optic,Credit Card,No,1,0
CUST-00156,29,Month-to-Month,99.84,2628.22,Yes,Fiber Optic,Mailed Check,Yes,1,0
CUST-00157,9,One Year,66.69,545.66,No,No,Bank Transfer,Yes,1,0
CUST-00158,21,One Year,28.81,576.48,Yes,No,Bank Transfer,Yes,3,0
CUST-00159,69,One Year,27.05,1767.68,No,DSL,Bank Transfer,Yes,0,1
CUST-00160,55,Month-to-Month,61.84,3278.24,No,DSL,Electronic Check,Yes,1,0
CUST-00161,59,Two Year,15.0,816.77,Yes,Fiber Optic,Electronic Check,Yes,1,0
CUST-00162,19,Month-to-Month,114.88,2013.78,Yes,Fiber Optic,Electronic Check,Yes,3,1
CUST-00163,61,Month-to-Month,84.92,5050.16,No,DSL,Bank Transfer,Yes,2,1
CUST-00164,29,One Year,54.11,1458.05,No,DSL,Credit Card,Yes,0,0
CUST-00165,58,Month-to-Month,42.26,2384.24,No,DSL,Bank Transfer,No,0,1
CUST-00166,64,Two Year,95.7,5904.74,Yes,DSL,Electronic Check,No,1,0
CUST-00167,15,Two Year,42.16,574.43,No,Fiber Optic,Credit Card,Yes,1,0
CUST-00168,68,Month-to-Month,44.54,2941.23,Yes,No,Electronic Check,No,1,1
CUST-00169,46,Two Year,50.85,2310.92,No,DSL,Credit Card,No,0,0
CUST-00170,53,Month-to-Month,72.85,3790.26,Yes,Fiber Optic,Mailed Check,Yes,2,0
CUST-00171,55,Month-to-Month,85.52,4237.41,No,Fiber Optic,Bank Transfer,No,0,0
CUST-00172,13,Month-to-Month,99.82,1237.93,No,Fiber Optic,Electronic Check,No,0,1
CUST-00173,54,Two Year,96.12,5145.5,Yes,DSL,Electronic Check,No,0,0
CUST-00174,16,Month-to-Month,70.02,1075.36,No,DSL,Mailed Check,Yes,1,1
CUST-00175,20,Month-to-Month,95.51,1774.64,Yes,DSL,Mailed Check,Yes,3,1
CUST-00176,9,Month-to-Month,53.23,440.48,Yes,Fiber Optic,Electronic Check,Yes,1,1
CUST-00177,14,Two Year,24.48,331.92,Yes,Fiber Optic,Mailed Check,No,3,0
CUST-00178,71,Two Year,53.22,3692.19,Yes,Fiber Optic,Electronic Check,No,2,0
CUST-00179,24,One Year,49.84,1185.7,Yes,Fiber Optic,Credit Card,Yes,0,0
CUST-00180,28,Two Year,54.2,1503.29,No,DSL,Mailed Check,Yes,0,0
CUST-00181,35,Two Year,46.02,1504.28,No,DSL,Mailed Check,Yes,0,0
CUST-00182,52,Month-to-Month,58.47,2920.0,No,DSL,Bank Transfer,No,0,1
CUST-00183,42,Month-to-Month,85.5,3268.36,No,DSL,Credit Card,Yes,0,0
CUST-00184,39,One Year,112.88,4003.67,No,DSL,Electronic Check,Yes,0,0
CUST-00185,61,One Year,26.87,1486.88,Yes,No,Bank Transfer,Yes,0,0
CUST-00186,36,Month-to-Month,37.81,1351.24,No,No,Credit Card,Yes,3,0
CUST-00187,56,Month-to-Month,50.21,2573.44,No,Fiber Optic,Mailed Check,No,0,0
CUST-00188,66,One Year,89.14,5578.68,Yes,Fiber Optic,Electronic Check,Yes,2,0
CUST-00189,49,Month-to-Month,64.88,2998.89,Yes,Fiber Optic,Electronic Check,Yes,0,0
CUST-00190,3,Two Year,51.9,145.19,No,Fiber Optic,Credit Card,No,4,0
CUST-00191,19,Month-to-Month,87.92,1593.26,No,Fiber Optic,Electronic Check,Yes,1,0
CUST-00192,45,Month-to-Month,93.91,3804.53,No,DSL,Electronic Check,Yes,0,1
CUST-00193,35,Two Year,69.53,2282.71,No,No,Credit Card,No,0,0
CUST-00194,21,Month-to-Month,49.59,987.17,Yes,Fiber Optic,Credit Card,No,1,0
CUST-00195,25,Month-to-Month,76.76,1881.25,No,DSL,Mailed Check,Yes,0,0
CUST-00196,6,One Year,64.17,373.51,No,Fiber Optic,Electronic Check,No,3,0
CUST-00197,17,Two Year,63.97,1071.15,Yes,Fiber Optic,Bank Transfer,Yes,3,0
CUST-00198,57,Month-to-Month,57.19,3056.51,Yes,No,Credit Card,No,2,0
CUST-00199,1,Month-to-Month,93.12,85.12,Yes,Fiber Optic,Electronic Check,No,1,1
CUST-00200,61,One Year,76.25,4372.67,No,Fiber Optic,Electronic Check,Yes,1,0
CUST-00201,25,Two Year,95.89,2388.39,No,DSL,Credit Card,No,0,1
CUST-00202,59,Month-to-Month,103.41,5621.84,No,Fiber Optic,Bank Transfer,Yes,1,0
CUST-00203,19,Month-to-Month,81.47,1420.19,Yes,DSL,Mailed Check,Yes,3,1
CUST-00204,60,Month-to-Month,57.34,3421.25,No,DSL,Credit Card,Yes,2,0
CUST-00205,42,Month-to-Month,96.01,4012.23,Yes,Fiber Optic,Bank Transfer,No,1,0
CUST-00206,62,Month-to-Month,81.64,4631.05,No,Fiber Optic,Credit Card,Yes,2,1
CUST-00207,5,One Year,135.08,659.83,No,Fiber Optic,Electronic Check,No,2,1
CUST-00208,58,Month-to-Month,77.75,4252.34,No,Fiber Optic,Mailed Check,Yes,2,0
CUST-00209,20,Month-to-Month,87.44,1660.0,Yes,DSL,Bank Transfer,Yes,1,0
CUST-00210,26,One Year,77.26,1908.06,Yes,Fiber Optic,Mailed Check,No,2,1
CUST-00211,4,One Year,67.52,269.23,Yes,Fiber Optic,Electronic Check,Yes,1,0
CUST-00212,69,Month-to-Month,63.53,4026.16,No,Fiber Optic,Bank Transfer,No,1,0
CUST-00213,47,Two Year,77.36,3553.41,Yes,Fiber Optic,Bank Transfer,No,3,0
CUST-00214,71,One Year,83.03,5308.96,No,DSL,Electronic Check,No,1,0
CUST-00215,41,One Year,98.86,3902.73,Yes,DSL,Mailed Check,Yes,0,0
CUST-00216,12,Month-to-Month,77.72,900.25,No,No,Bank Transfer,Yes,1,1
CUST-00217,25,Month-to-Month,58.43,1424.77,Yes,DSL,Bank Transfer,Yes,1,1
CUST-00218,32,Two Year,61.83,1963.91,Yes,DSL,Mailed Check,No,2,0
CUST-00219,11,Month-to-Month,36.93,396.23,No,DSL,Electronic Check,Yes,3,1
CUST-00220,68,Month-to-Month,111.53,7380.9,Yes,Fiber Optic,Electronic Check,No,3,0
CUST-00221,69,Month-to-Month,56.47,3605.67,Yes,Fiber Optic,Credit Card,No,2,0
CUST-00222,41,One Year,94.19,3859.02,No,Fiber Optic,Credit Card,No,0,0
CUST-00223,43,Two Year,76.91,3131.33,Yes,No,Bank Transfer,No,1,0
CUST-00224,51,Month-to-Month,77.59,3726.57,No,DSL,Bank Transfer,No,2,0
CUST-00225,49,Two Year,67.06,3122.26,No,DSL,Electronic Check,Yes,1,0
CUST-00226,5,Month-to-Month,50.31,236.31,Yes,No,Mailed Check,No,2,1
CUST-00227,39,One Year,45.79,1713.24,Yes,Fiber Optic,Mailed Check,Yes,2,0
CUST-00228,56,One Year,113.21,5927.44,Yes,No,Mailed Check,No,2,0
CUST-00229,59,Month-to-Month,72.85,3971.47,Yes,Fiber Optic,Electronic Check,Yes,0,0
CUST-00230,43,Month-to-Month,98.13,4189.21,Yes,DSL,Electronic Check,No,1,1
CUST-00231,65,Month-to-Month,104.62,6751.22,No,No,Credit Card,Yes,0,0
CUST-00232,43,Two Year,59.73,2439.01,Yes,DSL,Bank Transfer,No,0,0
CUST-00233,28,One Year,80.59,2247.98,No,Fiber Optic,Credit Card,Yes,1,0
CUST-00234,32,Two Year,71.13,2143.17,No,DSL,Bank Transfer,No,1,0
CUST-00235,50,Two Year,41.07,1927.7,Yes,Fiber Optic,Credit Card,Yes,1,0
CUST-00236,64,Month-to-Month,65.36,4148.28,No,Fiber Optic,Electronic Check,Yes,1,0
CUST-00237,17,One Year,84.69,1386.88,Yes,DSL,Electronic Check,No,0,0
CUST-00238,22,Month-to-Month,57.52,1235.39,Yes,No,Bank Transfer,No,0,0
CUST-00239,47,Month-to-Month,61.88,2737.56,No,DSL,Mailed Check,Yes,1,1
CUST-00240,55,Two Year,65.67,3397.67,No,Fiber Optic,Electronic Check,Yes,3,1
CUST-00241,29,One Year,122.79,3234.48,Yes,DSL,Bank Transfer,No,2,1
CUST-00242,47,Month-to-Month,24.15,1131.28,No,Fiber Optic,Electronic Check,Yes,2,0
CUST-00243,1,Month-to-Month,82.54,76.17,No,Fiber Optic,Electronic Check,Yes,1,1
CUST-00244,22,One Year,63.67,1329.9,No,Fiber Optic,Credit Card,No,0,0
CUST-00245,69,Two Year,53.98,3394.85,No,Fiber Optic,Bank Transfer,Yes,0,0
CUST-00246,42,One Year,63.05,2554.61,No,Fiber Optic,Electronic Check,No,1,0
CUST-00247,63,Month-to-Month,86.68,5128.21,No,No,Electronic Check,Yes,1,0
CUST-00248,16,Month-to-Month,88.11,1377.01,No,No,Credit Card,No,0,1
CUST-00249,21,Month-to-Month,74.65,1493.72,No,DSL,Credit Card,Yes,0,0
CUST-00250,71,One Year,97.32,6308.21,No,Fiber Optic,Electronic Check,Yes,0,0
CUST-00251,72,Two Year,101.72,6599.32,Yes,DSL,Mailed Check,No,0,0
CUST-00252,64,Month-to-Month,90.41,5330.54,Yes,DSL,Bank Transfer,No,1,1
CUST-00253,23,Month-to-Month,56.35,1260.32,Yes,Fiber Optic,Electronic Check,No,5,0
CUST-00254,58,Month-to-Month,82.36,4694.96,Yes,Fiber Optic,Mailed Check,No,0,0
CUST-00255,34,One Year,82.48,2619.61,Yes,Fiber Optic,Electronic Check,Yes,1,0
CUST-00256,61,Two Year,49.61,2885.77,No,Fiber Optic,Electronic Check,No,3,0
CUST-00257,62,Month-to-Month,30.76,1762.18,No,Fiber Optic,Bank Transfer,Yes,2,0
CUST-00258,32,Month-to-Month,19.43,614.33,Yes,No,Electronic Check,Yes,2,0
CUST-00259,22,One Year,71.75,1573.01,Yes,DSL,Bank Transfer,Yes,1,0
CUST-00260,71,Month-to-Month,77.45,5363.09,No,Fiber Optic,Electronic Check,Yes,2,1
CUST-00261,33,Two Year,40.46,1213.53,Yes,DSL,Mailed Check,Yes,0,0
CUST-00262,32,Month-to-Month,96.15,2903.61,No,DSL,Credit Card,Yes,1,1
CUST-00263,48,Month-to-Month,73.81,3539.52,No,No,Mailed Check,No,1,0
CUST-00264,68,Two Year,103.74,6510.7,No,DSL,Mailed Check,No,3,0
CUST-00265,10,Month-to-Month,79.26,766.48,Yes,DSL,Mailed Check,Yes,3,1
CUST-00266,71,Month-to-Month,43.34,3058.24,Yes,Fiber Optic,Credit Card,Yes,0,1
CUST-00267,31,Month-to-Month,81.46,2467.99,No,DSL,Bank Transfer,Yes,0,0
CUST-00268,2,Month-to-Month,86.75,166.71,Yes,Fiber Optic,Electronic Check,No,1,0
CUST-00269,23,Month-to-Month,56.31,1231.24,Yes,No,Electronic Check,Yes,0,1
CUST-00270,34,Month-to-Month,33.95,1146.08,Yes,Fiber Optic,Bank Transfer,No,2,0
CUST-00271,49,Month-to-Month,72.51,3337.94,No,Fiber Optic,Bank Transfer,Yes,2,0
CUST-00272,41,Month-to-Month,44.98,1825.97,No,Fiber Optic,Electronic Check,No,2,1
CUST-00273,10,One Year,98.02,924.43,No,No,Mailed Check,No,0,0
CUST-00274,36,One Year,59.82,2101.09,No,DSL,Bank Transfer,Yes,3,0
CUST-00275,17,Month-to-Month,113.12,1906.83,Yes,Fiber Optic,Mailed Check,No,0,1
CUST-00276,20,Month-to-Month,16.9,322.81,No,Fiber Optic,Bank Transfer,Yes,0,0
CUST-00277,52,Month-to-Month,73.37,3551.94,No,Fiber Optic,Electronic Check,Yes,0,0
CUST-00278,58,Two Year,105.73,5550.37,Yes,DSL,Bank Transfer,Yes,1,0
CUST-00279,12,Two Year,47.74,561.95,No,Fiber Optic,Bank Transfer,Yes,0,0
CUST-00280,44,Month-to-Month,66.02,2795.08,Yes,Fiber Optic,Credit Card,No,1,0
CUST-00281,31,Month-to-Month,59.92,1720.63,No,Fiber Optic,Bank Transfer,Yes,0,1
CUST-00282,25,Month-to-Month,52.91,1306.53,Yes,DSL,Mailed Check,No,1,0
CUST-00283,52,Month-to-Month,76.12,3926.69,Yes,DSL,Bank Transfer,No,1,0
CUST-00284,18,One Year,37.61,669.34,No,Fiber Optic,Credit Card,No,0,0
CUST-00285,56,Month-to-Month,67.23,3614.86,No,Fiber Optic,Mailed Check,Yes,1,1
CUST-00286,29,Month-to-Month,82.9,2398.47,Yes,No,Mailed Check,Yes,0,1
CUST-00287,7,Month-to-Month,64.62,446.68,No,Fiber Optic,Electronic Check,No,3,1
CUST-00288,58,Month-to-Month,44.99,2375.68,No,DSL,Bank Transfer,Yes,0,0
CUST-00289,62,Month-to-Month,95.75,5925.28,Yes,Fiber Optic,Mailed Check,No,1,0
CUST-00290,41,Two Year,88.26,3455.39,No,Fiber Optic,Electronic Check,Yes,0,0
CUST-00291,53,Month-to-Month,43.97,2311.78,No,Fiber Optic,Bank Transfer,Yes,1,0
CUST-00292,11,Two Year,37.65,404.22,No,Fiber Optic,Credit Card,No,0,0
CUST-00293,25,Month-to-Month,46.2,1114.29,No,DSL,Electronic Check,No,0,0
CUST-00294,26,Two Year,83.63,2027.97,No,DSL,Mailed Check,Yes,1,0
CUST-00295,55,Two Year,76.89,3817.49,No,DSL,Credit Card,No,2,0
CUST-00296,26,Two Year,89.75,2164.73,No,DSL,Credit Card,Yes,3,1
CUST-00297,53,Two Year,61.85,3175.06,Yes,Fiber Optic,Electronic Check,Yes,4,0
CUST-00298,23,One Year,46.88,1063.48,Yes,DSL,Electronic Check,Yes,1,0
CUST-00299,44,One Year,92.97,3682.57,No,No,Mailed Check,No,2,0
CUST-00300,16,One Year,56.16,827.39,No,DSL,Electronic Check,No,0,0
CUST-00301,41,Month-to-Month,74.66,2960.98,Yes,Fiber Optic,Mailed Check,No,0,1
CUST-00302,6,Month-to-Month,31.25,174.07,Yes,Fiber Optic,Bank Transfer,Yes,0,0
CUST-00303,53,Month-to-Month,55.75,2701.14,Yes,DSL,Bank Transfer,No,4,0
CUST-00304,3,Two Year,95.23,259.46,Yes,Fiber Optic,Bank Transfer,Yes,1,0
CUST-00305,72,Month-to-Month,52.09,3614.67,Yes,No,Credit Card,Yes,4,0
CUST-00306,61,Month-to-Month,90.36,5288.65,No,No,Bank Transfer,No,1,0
CUST-00307,42,One Year,15.0,621.09,Yes,DSL,Mailed Check,Yes,1,0
CUST-00308,66,Month-to-Month,56.02,3443.99,No,Fiber Optic,Electronic Check,Yes,2,0
CUST-00309,59,Month-to-Month,65.72,3542.74,No,DSL,Credit Card,No,0,0
CUST-00310,11,Month-to-Month,113.56,1224.07,No,Fiber Optic,Bank Transfer,No,1,0
CUST-00311,54,Month-to-Month,40.77,2198.98,No,DSL,Electronic Check,Yes,0,0
CUST-00312,28,Month-to-Month,86.77,2274.16,Yes,No,Electronic Check,No,2,1
CUST-00313,62,Month-to-Month,96.42,5897.55,No,Fiber Optic,Bank Transfer,No,0,0
CUST-00314,63,Month-to-Month,51.96,3195.75,No,DSL,Electronic Check,Yes,2,1
CUST-00315,69,Month-to-Month,60.66,4148.53,Yes,No,Credit Card,No,1,1
CUST-00316,33,Month-to-Month,73.54,2287.13,No,Fiber Optic,Electronic Check,Yes,0,0
CUST-00317,14,One Year,32.96,419.97,No,DSL,Bank Transfer,Yes,0,0
CUST-00318,10,Month-to-Month,58.62,534.52,No,Fiber Optic,Electronic Check,Yes,1,1
CUST-00319,12,Two Year,101.9,1193.84,Yes,Fiber Optic,Mailed Check,Yes,1,0
CUST-00320,72,Two Year,83.07,5899.3,Yes,Fiber Optic,Credit Card,No,1,0
CUST-00321,43,Month-to-Month,66.08,2687.15,No,DSL,Electronic Check,Yes,0,0
CUST-00322,26,Month-to-Month,72.83,1715.5,Yes,DSL,Electronic Check,Yes,1,1
CUST-00323,33,Month-to-Month,84.52,2528.85,Yes,DSL,Electronic Check,Yes,3,1
CUST-00324,13,Two Year,89.31,1114.43,No,No,Electronic Check,No,0,0
CUST-00325,42,One Year,56.09,2336.61,No,DSL,Mailed Check,Yes,0,0
CUST-00326,31,Two Year,108.37,3157.76,Yes,Fiber Optic,Electronic Check,Yes,0,1
CUST-00327,58,Month-to-Month,102.91,5760.24,Yes,No,Mailed Check,No,0,0
CUST-00328,2,One Year,86.93,165.9,No,No,Bank Transfer,Yes,0,0
CUST-00329,68,Month-to-Month,48.93,3290.56,No,Fiber Optic,Credit Card,No,2,0
CUST-00330,5,One Year,44.49,218.72,No,Fiber Optic,Electronic Check,Yes,2,0
CUST-00331,31,Month-to-Month,61.83,1763.27,No,No,Credit Card,Yes,0,0
CUST-00332,25,One Year,71.52,1730.34,Yes,Fiber Optic,Credit Card,Yes,1,0
CUST-00333,52,Two Year,25.79,1320.63,No,Fiber Optic,Bank Transfer,No,0,0
CUST-00334,48,Month-to-Month,82.37,3926.18,No,DSL,Bank Transfer,No,2,1
CUST-00335,15,One Year,102.19,1469.99,No,DSL,Mailed Check,Yes,0,0
CUST-00336,36,Month-to-Month,84.41,2788.34,No,Fiber Optic,Electronic Check,No,1,0
CUST-00337,39,One Year,53.1,1979.41,Yes,DSL,Credit Card,No,1,0
CUST-00338,34,Month-to-Month,50.14,1647.79,Yes,DSL,Credit Card,Yes,0,0
CUST-00339,2,Two Year,77.5,143.72,No,DSL,Electronic Check,Yes,1,0
CUST-00340,13,Month-to-Month,66.17,857.89,Yes,Fiber Optic,Electronic Check,Yes,0,1
CUST-00341,37,Two Year,81.08,2768.76,No,Fiber Optic,Electronic Check,Yes,1,0
CUST-00342,19,Two Year,85.04,1601.44,No,DSL,Mailed Check,No,2,0
CUST-00343,40,One Year,97.3,3668.28,Yes,Fiber Optic,Credit Card,No,0,1
CUST-00344,12,One Year,41.7,450.39,No,DSL,Electronic Check,No,3,1
CUST-00345,53,One Year,75.54,3820.77,No,Fiber Optic,Bank Transfer,No,1,0
CUST-00346,14,Two Year,60.91,821.04,No,DSL,Credit Card,No,2,0
CUST-00347,47,Month-to-Month,67.53,3132.45,Yes,Fiber Optic,Mailed Check,No,4,1
CUST-00348,61,One Year,91.61,5331.47,Yes,No,Bank Transfer,No,1,0
CUST-00349,26,Month-to-Month,94.33,2230.41,Yes,DSL,Mailed Check,No,3,0
CUST-00350,11,One Year,104.96,1146.11,Yes,No,Electronic Check,No,0,1
CUST-00351,1,Month-to-Month,80.64,77.14,No,No,Mailed Check,No,0,1
CUST-00352,26,One Year,67.25,1621.13,Yes,No,Electronic Check,Yes,0,0
CUST-00353,9,One Year,63.68,567.32,Yes,No,Bank Transfer,Yes,0,0
CUST-00354,64,Month-to-Month,26.63,1554.5,No,Fiber Optic,Electronic Check,No,1,0
CUST-00355,71,Month-to-Month,103.49,6684.64,Yes,DSL,Credit Card,Yes,0,0
CUST-00356,71,One Year,61.95,4193.93,Yes,DSL,Bank Transfer,Yes,2,0
CUST-00357,67,One Year,82.65,5329.83,No,DSL,Credit Card,Yes,2,0
CUST-00358,43,Month-to-Month,86.97,3556.82,No,Fiber Optic,Bank Transfer,Yes,3,1
CUST-00359,24,One Year,38.87,926.26,Yes,No,Bank Transfer,Yes,1,0
CUST-00360,33,Two Year,46.92,1434.22,No,DSL,Electronic Check,Yes,1,0
CUST-00361,19,Month-to-Month,108.68,2062.9,No,Fiber Optic,Mailed Check,No,0,0
CUST-00362,61,Month-to-Month,77.26,4250.69,Yes,No,Bank Transfer,No,1,1
CUST-00363,32,Month-to-Month,55.49,1619.16,Yes,DSL,Bank Transfer,Yes,1,1
CUST-00364,28,One Year,66.84,1719.12,No,DSL,Bank Transfer,Yes,2,0
CUST-00365,50,Month-to-Month,97.16,4410.86,Yes,DSL,Electronic Check,Yes,0,1
CUST-00366,27,One Year,93.36,2379.11,No,DSL,Electronic Check,Yes,2,1
CUST-00367,26,One Year,33.35,855.43,Yes,Fiber Optic,Electronic Check,No,0,0
CUST-00368,17,Month-to-Month,110.86,1850.84,Yes,Fiber Optic,Electronic Check,No,1,1
CUST-00369,5,Two Year,94.15,458.73,No,Fiber Optic,Credit Card,Yes,1,0
CUST-00370,3,One Year,66.19,178.86,No,DSL,Mailed Check,Yes,0,1
CUST-00371,30,Month-to-Month,40.21,1190.1,Yes,Fiber Optic,Mailed Check,No,0,0
CUST-00372,72,Month-to-Month,96.35,6518.54,Yes,DSL,Electronic Check,No,1,0
CUST-00373,19,Month-to-Month,81.91,1514.53,No,Fiber Optic,Credit Card,No,0,0
CUST-00374,47,Month-to-Month,33.56,1534.25,No,DSL,Electronic Check,Yes,0,0
CUST-00375,24,Month-to-Month,64.2,1414.07,Yes,Fiber Optic,Electronic Check,Yes,0,0
CUST-00376,22,Two Year,148.15,3101.35,Yes,Fiber Optic,Credit Card,Yes,0,0
CUST-00377,12,Month-to-Month,70.41,838.68,No,DSL,Bank Transfer,Yes,1,1
CUST-00378,41,Month-to-Month,51.45,1953.99,Yes,Fiber Optic,Electronic Check,No,0,0
CUST-00379,48,One Year,44.79,2088.65,Yes,Fiber Optic,Electronic Check,Yes,2,0
CUST-00380,26,One Year,114.3,2959.33,Yes,No,Mailed Check,No,1,0
CUST-00381,38,Two Year,91.19,3243.66,Yes,No,Bank Transfer,No,1,0
CUST-00382,35,One Year,105.19,3456.2,No,DSL,Electronic Check,No,3,0
CUST-00383,20,Month-to-Month,76.2,1440.57,Yes,Fiber Optic,Bank Transfer,No,2,1
CUST-00384,50,Month-to-Month,101.35,4970.73,No,DSL,Mailed Check,Yes,2,0
CUST-00385,40,Two Year,48.79,1842.17,Yes,Fiber Optic,Bank Transfer,No,1,0
CUST-00386,5,One Year,74.06,351.28,Yes,DSL,Bank Transfer,No,1,1
CUST-00387,36,Two Year,77.18,2562.4,No,Fiber Optic,Credit Card,Yes,1,0
CUST-00388,29,Month-to-Month,104.56,3028.71,No,No,Electronic Check,Yes,0,1
CUST-00389,58,Two Year,77.97,4473.58,Yes,Fiber Optic,Electronic Check,Yes,3,0
CUST-00390,23,One Year,54.36,1200.3,Yes,No,Electronic Check,Yes,0,0
CUST-00391,69,Month-to-Month,71.6,4920.92,No,DSL,Electronic Check,No,0,1
CUST-00392,45,One Year,28.09,1224.48,No,No,Electronic Check,Yes,1,0
CUST-00393,10,One Year,15.0,149.39,No,Fiber Optic,Electronic Check,Yes,1,0
CUST-00394,30,Month-to-Month,90.78,2495.05,No,Fiber Optic,Credit Card,No,1,1
CUST-00395,64,Month-to-Month,60.63,3579.77,Yes,DSL,Credit Card,No,2,1
CUST-00396,19,Two Year,63.46,1191.9,No,Fiber Optic,Bank Transfer,Yes,3,0
CUST-00397,51,Month-to-Month,90.77,4360.71,Yes,Fiber Optic,Mailed Check,No,0,0
CUST-00398,57,Month-to-Month,104.93,5604.9,Yes,DSL,Bank Transfer,No,2,1
CUST-00399,50,Month-to-Month,83.36,4065.61,No,No,Bank Transfer,Yes,1,1
CUST-00400,7,Month-to-Month,118.2,796.81,Yes,Fiber Optic,Bank Transfer,Yes,1,1
CUST-00401,27,Two Year,82.57,2083.16,Yes,No,Electronic Check,Yes,2,0
CUST-00402,26,One Year,77.56,1895.13,Yes,DSL,Credit Card,No,1,0
CUST-00403,25,Month-to-Month,76.01,1787.83,No,Fiber Optic,Electronic Check,No,0,0
CUST-00404,64,Two Year,37.86,2211.35,No,DSL,Electronic Check,Yes,1,0
CUST-00405,1,Two Year,93.9,86.67,No,DSL,Mailed Check,No,1,0
CUST-00406,39,Month-to-Month,15.0,557.95,Yes,DSL,Electronic Check,Yes,0,0
CUST-00407,71,Two Year,55.34,3843.42,Yes,DSL,Credit Card,No,0,0
CUST-00408,64,Month-to-Month,70.57,4254.09,No,Fiber Optic,Bank Transfer,Yes,2,1
CUST-00409,44,Two Year,50.26,2075.07,No,DSL,Credit Card,Yes,0,0
CUST-00410,72,One Year,58.71,4079.39,No,DSL,Credit Card,No,3,0
CUST-00411,29,One Year,115.98,3079.97,Yes,Fiber Optic,Bank Transfer,No,2,0
CUST-00412,45,Month-to-Month,97.6,4120.03,Yes,Fiber Optic,Credit Card,Yes,1,1
CUST-00413,40,Two Year,52.85,1946.6,Yes,Fiber Optic,Credit Card,No,1,0
CUST-00414,4,Month-to-Month,58.26,224.92,No,Fiber Optic,Electronic Check,Yes,0,1
CUST-00415,3,Month-to-Month,38.07,104.07,No,DSL,Electronic Check,No,3,1
CUST-00416,65,Month-to-Month,87.62,5380.82,No,Fiber Optic,Mailed Check,Yes,2,0
CUST-00417,13,One Year,63.76,795.41,Yes,Fiber Optic,Bank Transfer,Yes,1,0
CUST-00418,26,Month-to-Month,20.84,532.83,No,DSL,Bank Transfer,Yes,3,1
CUST-00419,45,Two Year,72.52,3173.51,No,DSL,Electronic Check,Yes,1,0
CUST-00420,42,One Year,80.97,3381.31,Yes,No,Credit Card,Yes,4,0
CUST-00421,38,Month-to-Month,94.08,3460.6,No,DSL,Bank Transfer,Yes,2,1
CUST-00422,71,Month-to-Month,68.17,4525.07,No,DSL,Mailed Check,No,3,0
CUST-00423,57,Month-to-Month,60.68,3193.03,Yes,DSL,Bank Transfer,Yes,1,0
CUST-00424,68,One Year,119.66,7369.23,Yes,No,Credit Card,No,2,0
CUST-00425,48,Two Year,70.16,3124.39,Yes,Fiber Optic,Electronic Check,Yes,0,1
CUST-00426,71,Month-to-Month,87.99,5708.05,No,No,Mailed Check,No,1,0
CUST-00427,44,Two Year,56.51,2329.6,Yes,No,Bank Transfer,No,2,0
CUST-00428,40,Month-to-Month,87.25,3386.2,Yes,Fiber Optic,Mailed Check,No,0,1
CUST-00429,59,Two Year,33.61,1921.92,Yes,DSL,Electronic Check,Yes,2,0
CUST-00430,63,Two Year,58.45,3431.28,No,DSL,Credit Card,No,1,0
CUST-00431,5,One Year,39.79,189.17,No,No,Electronic Check,No,4,0
CUST-00432,66,One Year,54.88,3338.39,No,No,Electronic Check,No,2,0
CUST-00433,50,Two Year,101.26,4811.36,No,No,Credit Card,Yes,1,0
CUST-00434,65,Month-to-Month,54.69,3380.69,Yes,No,Bank Transfer,No,1,1
CUST-00435,52,Month-to-Month,87.96,4254.34,Yes,Fiber Optic,Mailed Check,No,0,0
CUST-00436,67,Month-to-Month,107.93,6695.81,No,Fiber Optic,Mailed Check,No,1,0
CUST-00437,20,Month-to-Month,69.31,1383.37,No,Fiber Optic,Electronic Check,Yes,0,1
CUST-00438,14,One Year,94.84,1266.3,No,Fiber Optic,Electronic Check,Yes,0,0
CUST-00439,15,One Year,83.28,1194.49,Yes,DSL,Credit Card,No,2,0
CUST-00440,19,Two Year,72.91,1247.84,No,DSL,Electronic Check,Yes,2,0
CUST-00441,16,Month-to-Month,88.76,1303.97,Yes,DSL,Electronic Check,No,3,1
CUST-00442,32,One Year,116.0,3473.18,No,DSL,Bank Transfer,Yes,1,0
CUST-00443,15,Month-to-Month,54.07,808.29,No,DSL,Credit Card,No,1,0
CUST-00444,12,Month-to-Month,46.02,506.69,No,Fiber Optic,Bank Transfer,Yes,3,0
CUST-00445,38,One Year,44.55,1574.95,No,Fiber Optic,Electronic Check,Yes,2,0
CUST-00446,58,Two Year,94.86,5496.46,No,Fiber Optic,Electronic Check,No,1,0
CUST-00447,10,One Year,98.23,931.33,No,Fiber Optic,Credit Card,Yes,1,0
CUST-00448,37,Month-to-Month,56.57,1950.43,No,Fiber Optic,Bank Transfer,Yes,3,1
CUST-00449,48,One Year,16.6,767.67,Yes,Fiber Optic,Credit Card,No,2,0
CUST-00450,51,Month-to-Month,53.13,2573.15,Yes,Fiber Optic,Mailed Check,Yes,1,0
CUST-00451,8,Two Year,83.7,666.75,No,DSL,Credit Card,Yes,2,0
CUST-00452,53,One Year,68.33,3289.47,No,Fiber Optic,Credit Card,Yes,0,0
CUST-00453,2,Month-to-Month,74.51,145.9,No,Fiber Optic,Mailed Check,Yes,0,0
CUST-00454,18,Month-to-Month,56.92,950.7,Yes,DSL,Electronic Check,No,4,1
CUST-00455,23,Month-to-Month,95.35,2150.65,Yes,No,Electronic Check,No,1,1
CUST-00456,62,Two Year,78.58,4797.77,No,DSL,Bank Transfer,No,0,0
CUST-00457,14,Month-to-Month,84.66,1167.37,No,Fiber Optic,Electronic Check,No,0,1
CUST-00458,57,One Year,73.98,4160.65,Yes,No,Electronic Check,No,1,0
CUST-00459,72,One Year,83.11,5815.25,Yes,Fiber Optic,Bank Transfer,Yes,0,0
CUST-00460,70,One Year,81.46,5213.18,Yes,Fiber Optic,Bank Transfer,No,1,0
CUST-00461,22,Month-to-Month,46.8,931.98,No,Fiber Optic,Mailed Check,No,1,0
CUST-00462,7,Two Year,79.33,518.7,Yes,DSL,Credit Card,No,0,0
CUST-00463,16,Month-to-Month,89.79,1364.1,No,Fiber Optic,Electronic Check,No,2,0
CUST-00464,56,One Year,98.88,5151.12,Yes,Fiber Optic,Mailed Check,No,1,0
CUST-00465,15,One Year,80.4,1174.91,Yes,DSL,Bank Transfer,Yes,2,0
CUST-00466,47,One Year,45.87,2096.05,Yes,DSL,Bank Transfer,Yes,1,0
CUST-00467,27,Two Year,49.72,1338.67,Yes,No,Bank Transfer,Yes,1,0
CUST-00468,56,Month-to-Month,59.12,3112.27,No,DSL,Bank Transfer,No,3,0
CUST-00469,44,Month-to-Month,74.74,3218.1,No,No,Credit Card,No,1,1
CUST-00470,43,Month-to-Month,66.94,2803.93,No,DSL,Credit Card,Yes,0,1
CUST-00471,57,Month-to-Month,41.91,2386.18,No,Fiber Optic,Credit Card,Yes,1,0
CUST-00472,69,Month-to-Month,41.76,2816.21,Yes,Fiber Optic,Credit Card,Yes,2,0
CUST-00473,27,Month-to-Month,17.54,439.65,No,Fiber Optic,Mailed Check,Yes,1,0
CUST-00474,39,Month-to-Month,15.0,527.39,No,Fiber Optic,Bank Transfer,Yes,2,1
CUST-00475,46,Month-to-Month,66.71,3058.89,No,DSL,Mailed Check,No,0,1
CUST-00476,60,Month-to-Month,128.01,7462.52,No,Fiber Optic,Bank Transfer,Yes,0,1
CUST-00477,35,One Year,114.92,3946.83,Yes,Fiber Optic,Electronic Check,No,0,0
CUST-00478,27,One Year,45.54,1204.16,Yes,Fiber Optic,Mailed Check,No,2,0
CUST-00479,61,Month-to-Month,73.75,4379.88,Yes,Fiber Optic,Credit Card,No,1,0
CUST-00480,69,Month-to-Month,33.39,2246.65,Yes,Fiber Optic,Bank Transfer,Yes,1,0
CUST-00481,41,Month-to-Month,37.2,1514.44,No,DSL,Electronic Check,Yes,1,1
CUST-00482,8,One Year,40.06,317.73,No,DSL,Mailed Check,Yes,0,0
CUST-00483,21,Month-to-Month,64.36,1267.66,Yes,DSL,Mailed Check,Yes,2,0
CUST-00484,34,Month-to-Month,65.44,2009.35,No,Fiber Optic,Credit Card,Yes,0,0
CUST-00485,51,Month-to-Month,76.32,3518.14,No,No,Electronic Check,Yes,0,0
CUST-00486,49,Month-to-Month,86.58,4007.66,Yes,DSL,Bank Transfer,No,1,0
CUST-00487,60,Month-to-Month,61.58,3633.83,Yes,DSL,Bank Transfer,Yes,1,0
CUST-00488,3,One Year,70.91,209.49,Yes,No,Bank Transfer,No,1,0
CUST-00489,34,One Year,42.65,1363.73,No,DSL,Electronic Check,Yes,1,0
CUST-00490,51,One Year,36.39,1726.28,Yes,Fiber Optic,Credit Card,Yes,2,0
CUST-00491,72,One Year,32.53,2226.6,Yes,Fiber Optic,Credit Card,Yes,3,0
CUST-00492,11,One Year,86.23,932.65,Yes,Fiber Optic,Mailed Check,Yes,1,0
CUST-00493,64,Month-to-Month,61.55,3796.01,No,Fiber Optic,Electronic Check,Yes,2,1
CUST-00494,1,One Year,23.22,21.22,No,No,Bank Transfer,No,0,0
CUST-00495,15,Month-to-Month,68.42,960.85,Yes,Fiber Optic,Mailed Check,Yes,1,0
CUST-00496,61,Month-to-Month,38.78,2260.41,No,Fiber Optic,Electronic Check,Yes,0,0
CUST-00497,57,One Year,111.51,6062.59,No,DSL,Mailed Check,Yes,0,0
CUST-00498,71,Month-to-Month,55.53,3875.86,Yes,DSL,Mailed Check,Yes,1,0
CUST-00499,44,Month-to-Month,87.04,3803.78,Yes,No,Credit Card,No,3,0
CUST-00500,45,One Year,97.22,3981.36,Yes,No,Credit Card,No,1,0
CUST-00501,39,Two Year,46.13,1659.54,Yes,No,Bank Transfer,No,0,0
CUST-00502,37,Two Year,71.9,2498.6,No,DSL,Electronic Check,No,1,0
CUST-00503,38,Month-to-Month,83.84,2961.76,No,No,Electronic Check,Yes,3,1
CUST-00504,22,Month-to-Month,72.89,1508.69,No,DSL,Electronic Check,Yes,3,0
CUST-00505,62,One Year,79.03,4429.83,Yes,Fiber Optic,Bank Transfer,Yes,0,0
CUST-00506,26,Month-to-Month,36.76,866.49,No,Fiber Optic,Bank Transfer,No,1,0
CUST-00507,44,Two Year,83.85,3629.77,Yes,Fiber Optic,Credit Card,No,0,0
CUST-00508,49,Month-to-Month,57.85,2580.26,Yes,Fiber Optic,Mailed Check,No,1,0
CUST-00509,39,Month-to-Month,78.74,3016.84,Yes,Fiber Optic,Electronic Check,No,1,0
CUST-00510,45,Month-to-Month,93.0,3894.78,No,No,Bank Transfer,No,2,1
CUST-00511,4,Two Year,86.72,322.92,No,DSL,Mailed Check,No,0,0
CUST-00512,23,Month-to-Month,78.72,1647.74,No,DSL,Electronic Check,No,0,0
CUST-00513,33,Month-to-Month,86.05,2559.45,No,Fiber Optic,Mailed Check,Yes,0,0
CUST-00514,29,Month-to-Month,87.21,2366.04,Yes,DSL,Electronic Check,Yes,0,0
CUST-00515,66,Month-to-Month,107.39,6971.05,Yes,DSL,Electronic Check,Yes,1,0
CUST-00516,65,Month-to-Month,69.15,4458.77,No,DSL,Mailed Check,Yes,1,0
CUST-00517,52,One Year,74.1,3491.61,No,DSL,Credit Card,Yes,1,0
CUST-00518,26,Month-to-Month,93.3,2190.72,No,Fiber Optic,Credit Card,No,1,0
CUST-00519,4,Two Year,57.74,211.53,Yes,No,Electronic Check,Yes,1,0
CUST-00520,55,Two Year,36.62,1967.03,No,No,Mailed Check,Yes,2,0
CUST-00521,64,Month-to-Month,82.33,4850.16,Yes,Fiber Optic,Credit Card,Yes,1,0
CUST-00522,36,Month-to-Month,64.85,2155.02,Yes,DSL,Credit Card,Yes,1,1
CUST-00523,60,One Year,39.81,2362.07,Yes,Fiber Optic,Credit Card,No,0,0
CUST-00524,68,Month-to-Month,82.51,5540.52,Yes,Fiber Optic,Mailed Check,Yes,1,0
CUST-00525,40,Month-to-Month,105.78,4091.69,No,Fiber Optic,Credit Card,Yes,0,0
CUST-00526,16,Two Year,29.26,429.02,No,Fiber Optic,Bank Transfer,Yes,0,0
CUST-00527,2,Two Year,95.56,179.29,Yes,Fiber Optic,Electronic Check,No,5,0
CUST-00528,55,One Year,15.0,761.98,Yes,DSL,Electronic Check,Yes,1,0
CUST-00529,41,Month-to-Month,59.99,2378.88,No,No,Credit Card,Yes,0,0
CUST-00530,12,One Year,116.01,1361.48,Yes,Fiber Optic,Credit Card,Yes,0,0
CUST-00531,4,One Year,61.79,225.96,Yes,Fiber Optic,Mailed Check,Yes,2,0
CUST-00532,70,Month-to-Month,72.25,5005.89,Yes,No,Bank Transfer,No,4,0
CUST-00533,24,One Year,89.07,2022.85,No,DSL,Electronic Check,Yes,1,1
CUST-00534,24,Month-to-Month,27.09,636.83,No,DSL,Bank Transfer,Yes,1,0
CUST-00535,46,Month-to-Month,71.8,2989.57,Yes,Fiber Optic,Mailed Check,No,2,0
CUST-00536,27,Month-to-Month,71.61,1809.84,No,Fiber Optic,Electronic Check,Yes,0,1
CUST-00537,66,Month-to-Month,116.56,6935.03,No,DSL,Mailed Check,Yes,0,1
CUST-00538,50,Month-to-Month,39.11,1900.45,Yes,DSL,Mailed Check,No,1,1
CUST-00539,26,Two Year,60.46,1427.25,No,DSL,Credit Card,Yes,1,1
CUST-00540,20,Two Year,46.79,873.88,No,DSL,Credit Card,Yes,1,0
CUST-00541,62,One Year,44.14,2676.95,No,Fiber Optic,Electronic Check,Yes,3,0
CUST-00542,43,Two Year,98.19,4116.18,No,DSL,Electronic Check,No,4,0
CUST-00543,67,Two Year,70.67,4564.57,Yes,Fiber Optic,Electronic Check,No,3,0
CUST-00544,25,Month-to-Month,56.11,1359.83,No,Fiber Optic,Electronic Check,Yes,0,0
CUST-00545,2,Month-to-Month,57.05,110.12,No,Fiber Optic,Mailed Check,No,2,1
CUST-00546,65,Month-to-Month,55.92,3504.41,Yes,No,Mailed Check,Yes,1,0
CUST-00547,18,Month-to-Month,58.15,978.63,No,DSL,Electronic Check,Yes,2,1
CUST-00548,61,One Year,38.39,2114.21,No,DSL,Credit Card,No,0,0
CUST-00549,52,Month-to-Month,63.53,3119.16,No,DSL,Bank Transfer,Yes,2,0
CUST-00550,17,Month-to-Month,61.02,938.32,No,DSL,Electronic Check,Yes,2,1
CUST-00551,55,Month-to-Month,51.06,2659.14,Yes,Fiber Optic,Bank Transfer,Yes,2,0
CUST-00552,6,Month-to-Month,73.88,419.52,Yes,DSL,Electronic Check,No,2,1
CUST-00553,29,Two Year,76.0,2022.99,Yes,Fiber Optic,Bank Transfer,No,1,0
CUST-00554,26,Month-to-Month,56.08,1426.62,No,No,Mailed Check,No,0,1
CUST-00555,48,Month-to-Month,66.4,3092.93,No,DSL,Electronic Check,No,0,0
CUST-00556,39,Month-to-Month,123.97,4621.87,No,DSL,Mailed Check,No,1,1
CUST-00557,45,Month-to-Month,123.01,5494.44,Yes,Fiber Optic,Credit Card,No,4,1
CUST-00558,35,One Year,43.65,1418.85,No,Fiber Optic,Bank Transfer,No,3,0
CUST-00559,54,Month-to-Month,47.14,2357.71,No,DSL,Bank Transfer,Yes,5,1
CUST-00560,12,Month-to-Month,43.51,479.49,No,Fiber Optic,Credit Card,No,0,0
CUST-00561,52,Month-to-Month,96.43,4785.93,No,DSL,Credit Card,Yes,2,0
CUST-00562,4,Two Year,60.04,221.08,Yes,Fiber Optic,Credit Card,Yes,1,0
CUST-00563,7,One Year,75.99,524.96,Yes,Fiber Optic,Electronic Check,No,2,0
CUST-00564,53,One Year,119.92,5913.6,Yes,DSL,Electronic Check,No,1,0
CUST-00565,12,One Year,69.74,794.28,Yes,DSL,Credit Card,Yes,2,0
CUST-00566,56,One Year,87.66,4678.0,Yes,Fiber Optic,Credit Card,Yes,1,0
CUST-00567,10,Month-to-Month,83.01,772.63,No,Fiber Optic,Bank Transfer,No,2,1
CUST-00568,11,Month-to-Month,55.29,592.28,Yes,No,Credit Card,Yes,0,1
CUST-00569,68,Month-to-Month,96.48,6358.62,Yes,Fiber Optic,Bank Transfer,Yes,1,0
CUST-00570,13,Month-to-Month,48.76,618.72,Yes,Fiber Optic,Electronic Check,Yes,1,1
CUST-00571,66,Two Year,103.5,6561.8,No,Fiber Optic,Credit Card,Yes,1,0
CUST-00572,26,Month-to-Month,55.31,1360.43,No,Fiber Optic,Credit Card,Yes,0,1
CUST-00573,58,One Year,58.05,3181.36,Yes,DSL,Mailed Check,Yes,0,0
CUST-00574,68,Two Year,42.79,2827.24,No,DSL,Bank Transfer,No,1,0
CUST-00575,9,Month-to-Month,46.89,395.72,No,Fiber Optic,Mailed Check,Yes,1,0
CUST-00576,24,Two Year,59.33,1343.79,No,DSL,Bank Transfer,Yes,1,1
CUST-00577,42,One Year,15.0,577.31,No,DSL,Mailed Check,Yes,0,0
CUST-00578,63,Two Year,64.17,3913.19,No,DSL,Mailed Check,Yes,1,0
CUST-00579,14,Month-to-Month,57.3,728.15,No,No,Bank Transfer,No,1,1
CUST-00580,14,Month-to-Month,89.75,1255.31,Yes,Fiber Optic,Electronic Check,Yes,0,1
CUST-00581,27,Month-to-Month,80.57,1989.12,No,No,Electronic Check,No,1,1
CUST-00582,15,Month-to-Month,52.31,736.24,Yes,No,Electronic Check,Yes,3,0
CUST-00583,20,Month-to-Month,58.54,1081.56,Yes,Fiber Optic,Bank Transfer,No,1,0
CUST-00584,10,Two Year,64.13,595.81,No,Fiber Optic,Mailed Check,Yes,0,0
CUST-00585,60,One Year,107.15,5993.41,No,Fiber Optic,Mailed Check,No,0,0
CUST-00586,58,Month-to-Month,49.44,2786.75,No,Fiber Optic,Mailed Check,Yes,1,0
CUST-00587,11,Month-to-Month,52.01,525.01,No,No,Electronic Check,No,2,1
CUST-00588,39,Month-to-Month,41.79,1509.83,No,No,Credit Card,Yes,0,0
CUST-00589,47,Month-to-Month,32.95,1409.46,No,Fiber Optic,Bank Transfer,Yes,2,1
CUST-00590,46,Two Year,77.68,3334.39,No,Fiber Optic,Bank Transfer,Yes,2,0
CUST-00591,71,Month-to-Month,75.07,5298.65,Yes,Fiber Optic,Electronic Check,No,3,1
CUST-00592,47,Month-to-Month,102.07,4499.91,Yes,Fiber Optic,Bank Transfer,Yes,0,1
CUST-00593,50,One Year,96.04,4695.08,Yes,DSL,Mailed Check,No,1,0
CUST-00594,3,Month-to-Month,129.93,368.81,No,DSL,Bank Transfer,Yes,0,1
CUST-00595,6,Month-to-Month,68.15,386.39,No,DSL,Electronic Check,Yes,1,1
CUST-00596,45,One Year,63.49,2806.76,No,Fiber Optic,Bank Transfer,No,0,0
CUST-00597,66,One Year,37.49,2233.54,Yes,DSL,Credit Card,Yes,0,0
CUST-00598,29,Two Year,87.41,2500.64,No,No,Credit Card,Yes,2,0
CUST-00599,47,One Year,72.96,3252.59,No,DSL,Credit Card,No,2,0
CUST-00600,16,Month-to-Month,86.28,1290.9,No,DSL,Electronic Check,Yes,0,1
CUST-00601,33,One Year,41.52,1357.39,Yes,Fiber Optic,Mailed Check,No,3,0
CUST-00602,55,Two Year,78.79,4047.38,No,DSL,Electronic Check,Yes,1,0
CUST-00603,48,One Year,75.13,3598.2,No,DSL,Mailed Check,No,1,0
CUST-00604,9,Two Year,73.48,657.11,No,DSL,Bank Transfer,Yes,2,0
CUST-00605,64,One Year,52.92,3138.93,Yes,Fiber Optic,Bank Transfer,No,1,0
CUST-00606,67,Two Year,99.73,6241.31,Yes,DSL,Credit Card,No,2,0
CUST-00607,35,Month-to-Month,121.26,4164.38,Yes,Fiber Optic,Credit Card,Yes,2,1
CUST-00608,25,One Year,42.24,971.06,No,DSL,Electronic Check,Yes,1,1
CUST-00609,39,Month-to-Month,88.01,3340.39,No,DSL,Credit Card,Yes,1,0
CUST-00610,58,One Year,15.0,794.24,No,DSL,Credit Card,No,0,0
CUST-00611,33,One Year,86.72,2634.42,No,DSL,Bank Transfer,Yes,2,0
CUST-00612,3,Two Year,23.25,66.27,Yes,Fiber Optic,Electronic Check,Yes,1,0
CUST-00613,6,Two Year,56.88,332.61,Yes,Fiber Optic,Electronic Check,Yes,0,0
CUST-00614,59,Month-to-Month,37.17,2135.89,No,Fiber Optic,Mailed Check,Yes,0,0
CUST-00615,57,One Year,64.61,3538.75,No,No,Electronic Check,Yes,3,0
CUST-00616,56,One Year,90.97,4723.51,No,DSL,Electronic Check,No,1,0
CUST-00617,10,Month-to-Month,23.57,221.92,No,No,Electronic Check,No,2,0
CUST-00618,13,Month-to-Month,61.01,733.34,No,Fiber Optic,Mailed Check,Yes,2,0
CUST-00619,29,Month-to-Month,57.17,1538.06,No,Fiber Optic,Bank Transfer,No,1,0
CUST-00620,17,One Year,109.53,1735.99,No,No,Electronic Check,No,0,0
CUST-00621,28,Month-to-Month,80.79,2171.37,Yes,DSL,Credit Card,Yes,1,0
CUST-00622,41,Two Year,40.57,1531.56,Yes,Fiber Optic,Electronic Check,Yes,2,0
CUST-00623,21,Month-to-Month,58.22,1105.56,No,Fiber Optic,Mailed Check,Yes,1,0
CUST-00624,9,Two Year,108.9,949.96,Yes,Fiber Optic,Mailed Check,No,2,0
CUST-00625,29,Month-to-Month,87.86,2298.7,Yes,DSL,Bank Transfer,No,1,0
CUST-00626,53,One Year,47.04,2485.84,Yes,DSL,Electronic Check,No,2,0
CUST-00627,45,Month-to-Month,63.32,2664.27,No,No,Bank Transfer,No,1,1
CUST-00628,24,One Year,64.12,1386.0,Yes,Fiber Optic,Electronic Check,No,2,0
CUST-00629,23,Two Year,56.55,1285.64,No,DSL,Electronic Check,Yes,2,0
CUST-00630,43,Two Year,27.24,1124.44,No,DSL,Mailed Check,Yes,2,0
CUST-00631,13,Two Year,53.06,677.18,No,Fiber Optic,Electronic Check,Yes,5,0
CUST-00632,61,Month-to-Month,104.73,6027.59,Yes,DSL,Credit Card,No,1,0
CUST-00633,63,Month-to-Month,60.47,3563.58,No,DSL,Bank Transfer,No,1,0
CUST-00634,2,Month-to-Month,67.42,130.19,No,No,Electronic Check,Yes,1,1
CUST-00635,70,Month-to-Month,73.51,4840.05,Yes,DSL,Credit Card,Yes,0,0
CUST-00636,2,One Year,125.45,239.77,No,DSL,Bank Transfer,Yes,0,0
CUST-00637,34,One Year,70.22,2215.06,Yes,Fiber Optic,Mailed Check,No,1,0
CUST-00638,49,One Year,97.35,4451.81,No,DSL,Credit Card,Yes,0,0
CUST-00639,24,Two Year,55.05,1199.94,No,DSL,Mailed Check,Yes,1,0
CUST-00640,15,One Year,63.52,931.97,No,Fiber Optic,Electronic Check,No,0,1
CUST-00641,4,Two Year,70.31,262.93,No,Fiber Optic,Credit Card,No,1,0
CUST-00642,53,Month-to-Month,50.65,2677.74,Yes,Fiber Optic,Credit Card,Yes,2,0
CUST-00643,3,Month-to-Month,64.91,180.32,No,Fiber Optic,Electronic Check,No,0,0
CUST-00644,35,One Year,92.2,3057.6,No,No,Electronic Check,Yes,0,0
CUST-00645,29,Two Year,49.99,1349.03,Yes,Fiber Optic,Bank Transfer,No,1,0
CUST-00646,70,Month-to-Month,70.0,4750.02,No,Fiber Optic,Bank Transfer,Yes,1,0
CUST-00647,67,Month-to-Month,87.72,5764.61,No,No,Electronic Check,Yes,1,0
CUST-00648,59,One Year,49.39,2764.52,Yes,DSL,Credit Card,No,0,0
CUST-00649,53,Month-to-Month,97.39,4834.9,No,Fiber Optic,Electronic Check,Yes,0,1
CUST-00650,40,Month-to-Month,71.82,2799.47,Yes,DSL,Credit Card,No,2,0
CUST-00651,26,Two Year,65.87,1574.15,Yes,DSL,Credit Card,Yes,1,0
CUST-00652,12,One Year,19.8,228.08,Yes,No,Electronic Check,Yes,0,0
CUST-00653,70,Month-to-Month,60.66,4133.09,No,DSL,Mailed Check,No,2,0
CUST-00654,28,Two Year,79.29,2057.89,Yes,DSL,Electronic Check,Yes,3,0
CUST-00655,31,Month-to-Month,113.63,3401.25,Yes,DSL,Bank Transfer,Yes,1,0
CUST-00656,11,Two Year,84.2,901.68,No,Fiber Optic,Mailed Check,Yes,1,0
CUST-00657,20,Month-to-Month,98.16,1789.93,No,No,Credit Card,Yes,0,1
CUST-00658,46,One Year,39.77,1705.73,No,Fiber Optic,Mailed Check,No,2,0
CUST-00659,31,Month-to-Month,66.83,1948.73,Yes,No,Mailed Check,Yes,2,0
CUST-00660,43,Month-to-Month,100.52,4225.52,Yes,Fiber Optic,Electronic Check,No,2,0
CUST-00661,16,Two Year,47.81,731.88,No,No,Electronic Check,Yes,1,0
CUST-00662,6,Month-to-Month,94.13,533.69,Yes,No,Mailed Check,Yes,1,0
CUST-00663,64,Month-to-Month,88.33,5268.01,No,DSL,Credit Card,Yes,1,1
CUST-00664,32,Month-to-Month,76.87,2214.86,No,No,Bank Transfer,Yes,2,0
CUST-00665,27,One Year,61.78,1504.63,Yes,DSL,Mailed Check,Yes,2,0
CUST-00666,21,Two Year,45.34,879.82,No,Fiber Optic,Credit Card,Yes,1,0
CUST-00667,48,Two Year,114.38,5005.28,No,DSL,Electronic Check,Yes,0,0
CUST-00668,41,Month-to-Month,85.8,3208.09,Yes,Fiber Optic,Credit Card,No,0,1
CUST-00669,29,Month-to-Month,78.52,2186.62,No,No,Electronic Check,No,1,0
CUST-00670,68,Month-to-Month,59.68,3898.12,No,Fiber Optic,Electronic Check,Yes,0,0
CUST-00671,65,One Year,70.95,4171.22,Yes,Fiber Optic,Credit Card,Yes,1,0
CUST-00672,15,Two Year,74.12,1066.65,Yes,No,Mailed Check,No,2,1
CUST-00673,47,One Year,80.0,3438.83,No,Fiber Optic,Credit Card,Yes,1,0
CUST-00674,70,One Year,88.36,5800.0,No,DSL,Bank Transfer,Yes,2,0
CUST-00675,36,Month-to-Month,50.44,1813.97,No,No,Electronic Check,No,0,0
CUST-00676,3,Two Year,33.34,95.24,No,DSL,Electronic Check,Yes,0,0
CUST-00677,10,Month-to-Month,72.11,651.46,Yes,No,Mailed Check,Yes,1,0
CUST-00678,49,Month-to-Month,26.32,1205.55,No,DSL,Bank Transfer,Yes,1,0
CUST-00679,65,Month-to-Month,61.91,3891.71,No,DSL,Mailed Check,Yes,1,0
CUST-00680,10,Month-to-Month,57.27,528.29,Yes,Fiber Optic,Electronic Check,No,2,1
CUST-00681,40,Month-to-Month,82.29,3279.9,Yes,DSL,Electronic Check,Yes,1,1
CUST-00682,36,Month-to-Month,119.56,4056.8,Yes,DSL,Mailed Check,Yes,2,0
CUST-00683,21,Month-to-Month,21.39,405.22,Yes,DSL,Electronic Check,Yes,0,0
CUST-00684,46,One Year,126.85,5567.02,No,DSL,Mailed Check,No,0,1
CUST-00685,64,Month-to-Month,64.17,3973.89,Yes,Fiber Optic,Electronic Check,Yes,0,0
CUST-00686,18,Month-to-Month,78.7,1339.54,No,Fiber Optic,Credit Card,Yes,2,0
CUST-00687,4,Two Year,34.63,137.53,No,DSL,Bank Transfer,Yes,4,0
CUST-00688,26,One Year,94.92,2443.72,Yes,DSL,Electronic Check,Yes,0,0
CUST-00689,23,Month-to-Month,71.04,1493.23,No,DSL,Bank Transfer,No,0,0
CUST-00690,53,Month-to-Month,68.46,3294.55,No,Fiber Optic,Mailed Check,Yes,1,0
CUST-00691,39,Two Year,21.57,783.38,Yes,Fiber Optic,Mailed Check,Yes,0,0
CUST-00692,2,Month-to-Month,71.84,138.05,Yes,DSL,Electronic Check,No,2,1
CUST-00693,25,Month-to-Month,91.15,2187.96,No,No,Mailed Check,No,1,0
CUST-00694,53,Two Year,64.09,3149.36,No,DSL,Credit Card,Yes,0,0
CUST-00695,35,Month-to-Month,99.35,3460.25,No,Fiber Optic,Electronic Check,Yes,1,1
CUST-00696,41,One Year,98.32,3751.9,No,Fiber Optic,Bank Transfer,No,1,0
CUST-00697,20,One Year,53.97,1058.27,No,DSL,Electronic Check,Yes,0,1
CUST-00698,23,One Year,109.88,2484.78,No,DSL,Mailed Check,Yes,0,0
CUST-00699,10,Month-to-Month,71.13,647.17,No,Fiber Optic,Mailed Check,Yes,0,1
CUST-00700,6,Month-to-Month,71.24,394.64,No,Fiber Optic,Electronic Check,No,1,0
CUST-00701,3,Month-to-Month,72.47,200.35,Yes,No,Electronic Check,Yes,2,0
CUST-00702,45,Month-to-Month,71.73,3201.91,No,Fiber Optic,Mailed Check,Yes,0,0
CUST-00703,12,Two Year,15.0,168.32,Yes,No,Mailed Check,No,0,0
CUST-00704,42,Month-to-Month,65.36,2700.23,No,Fiber Optic,Credit Card,No,0,1
CUST-00705,69,One Year,35.9,2347.8,Yes,Fiber Optic,Bank Transfer,Yes,0,0
CUST-00706,51,One Year,110.66,5337.33,No,DSL,Credit Card,Yes,1,0
CUST-00707,42,One Year,109.65,4560.82,Yes,No,Credit Card,No,0,0
CUST-00708,9,Month-to-Month,91.3,775.76,No,DSL,Electronic Check,Yes,0,0
CUST-00709,36,Month-to-Month,64.04,2246.62,Yes,DSL,Credit Card,No,1,0
CUST-00710,65,Two Year,44.8,2744.38,No,Fiber Optic,Credit Card,Yes,3,0
CUST-00711,28,One Year,53.56,1364.99,Yes,No,Mailed Check,No,3,0
CUST-00712,60,Two Year,118.57,6440.55,No,DSL,Bank Transfer,Yes,2,0
CUST-00713,52,Two Year,52.7,2523.43,No,DSL,Electronic Check,Yes,1,0
CUST-00714,20,One Year,15.0,291.67,Yes,No,Electronic Check,Yes,1,0
CUST-00715,11,Month-to-Month,95.75,987.28,No,No,Electronic Check,Yes,1,1
CUST-00716,2,One Year,107.51,203.28,No,Fiber Optic,Electronic Check,Yes,2,1
CUST-00717,20,Month-to-Month,111.48,2029.35,No,Fiber Optic,Mailed Check,Yes,1,1
CUST-00718,24,One Year,95.96,2216.22,No,Fiber Optic,Bank Transfer,No,1,0
CUST-00719,48,Two Year,100.04,4707.54,Yes,No,Electronic Check,No,2,0
CUST-00720,42,Month-to-Month,71.32,2883.02,No,DSL,Electronic Check,Yes,1,0
CUST-00721,35,Month-to-Month,18.09,632.18,No,Fiber Optic,Electronic Check,No,2,1
CUST-00722,53,Month-to-Month,70.7,3378.51,No,Fiber Optic,Credit Card,Yes,0,0
CUST-00723,56,Two Year,85.54,4318.72,No,No,Credit Card,No,1,0
CUST-00724,52,Month-to-Month,66.62,3291.03,No,Fiber Optic,Electronic Check,Yes,1,1
CUST-00725,65,Month-to-Month,65.48,3943.97,No,DSL,Credit Card,Yes,0,0
CUST-00726,26,Month-to-Month,45.9,1155.99,No,Fiber Optic,Credit Card,No,1,0
CUST-00727,60,Month-to-Month,44.96,2641.82,Yes,No,Credit Card,No,0,0
CUST-00728,31,Month-to-Month,115.95,3271.83,No,No,Credit Card,Yes,2,1
CUST-00729,14,Month-to-Month,116.86,1622.52,Yes,DSL,Mailed Check,No,0,1
CUST-00730,11,Month-to-Month,69.93,694.61,No,DSL,Electronic Check,Yes,1,1
CUST-00731,7,Month-to-Month,77.04,522.48,No,Fiber Optic,Credit Card,Yes,0,1
CUST-00732,69,Month-to-Month,45.48,2944.97,Yes,Fiber Optic,Credit Card,Yes,1,0
CUST-00733,13,Month-to-Month,86.06,1081.57,Yes,DSL,Electronic Check,Yes,0,1
CUST-00734,61,Month-to-Month,113.99,6325.94,Yes,DSL,Bank Transfer,Yes,2,0
CUST-00735,57,One Year,31.77,1799.5,No,DSL,Bank Transfer,No,0,0
CUST-00736,32,Month-to-Month,81.6,2594.86,Yes,DSL,Mailed Check,Yes,1,1
CUST-00737,66,Month-to-Month,83.48,5244.89,Yes,DSL,Bank Transfer,Yes,0,0
CUST-00738,66,Month-to-Month,83.19,5221.28,Yes,No,Electronic Check,Yes,1,1
CUST-00739,67,Month-to-Month,111.07,7169.93,Yes,Fiber Optic,Mailed Check,Yes,4,1
CUST-00740,36,Month-to-Month,120.9,4169.63,Yes,DSL,Electronic Check,Yes,1,1
CUST-00741,22,Month-to-Month,64.16,1347.09,Yes,Fiber Optic,Electronic Check,Yes,1,0
CUST-00742,4,Two Year,86.83,333.05,No,Fiber Optic,Mailed Check,Yes,2,0
CUST-00743,61,Month-to-Month,72.11,4336.53,No,Fiber Optic,Mailed Check,No,3,0
CUST-00744,63,Month-to-Month,54.2,3281.79,No,No,Mailed Check,No,1,0
CUST-00745,39,Month-to-Month,76.77,2753.26,Yes,DSL,Electronic Check,Yes,0,0
CUST-00746,6,Month-to-Month,86.79,516.26,Yes,No,Mailed Check,Yes,0,1
CUST-00747,60,Month-to-Month,75.42,4170.41,Yes,DSL,Electronic Check,Yes,1,0
CUST-00748,22,One Year,47.97,967.24,No,Fiber Optic,Electronic Check,Yes,1,0
CUST-00749,40,Two Year,58.41,2335.71,Yes,No,Credit Card,Yes,3,0
CUST-00750,48,Month-to-Month,58.6,2591.55,Yes,Fiber Optic,Bank Transfer,Yes,2,0
CUST-00751,11,Month-to-Month,48.94,489.89,No,DSL,Mailed Check,Yes,1,1
CUST-00752,5,Month-to-Month,77.84,372.15,Yes,DSL,Bank Transfer,Yes,2,0
CUST-00753,6,Month-to-Month,80.45,474.36,No,DSL,Electronic Check,Yes,0,1
CUST-00754,70,One Year,94.49,5993.05,No,DSL,Electronic Check,No,3,0
CUST-00755,69,Month-to-Month,48.56,3179.79,No,DSL,Mailed Check,No,1,0
CUST-00756,31,Month-to-Month,55.56,1561.92,Yes,DSL,Credit Card,No,3,0
CUST-00757,31,Two Year,108.86,3181.86,Yes,Fiber Optic,Bank Transfer,No,1,0
CUST-00758,30,Month-to-Month,65.89,1847.02,No,DSL,Credit Card,No,2,1
CUST-00759,26,Month-to-Month,70.75,1680.77,Yes,Fiber Optic,Credit Card,Yes,0,0
CUST-00760,40,One Year,65.62,2606.69,Yes,Fiber Optic,Electronic Check,Yes,1,0
CUST-00761,26,Month-to-Month,98.33,2463.24,No,DSL,Credit Card,No,1,0
CUST-00762,45,Month-to-Month,99.3,4398.37,Yes,Fiber Optic,Bank Transfer,Yes,4,1
CUST-00763,28,Month-to-Month,97.83,2713.48,Yes,Fiber Optic,Bank Transfer,Yes,0,1
CUST-00764,46,Two Year,70.66,3227.67,No,Fiber Optic,Mailed Check,No,4,0
CUST-00765,69,Month-to-Month,48.19,3241.36,No,Fiber Optic,Mailed Check,No,1,0
CUST-00766,15,Month-to-Month,118.13,1649.14,Yes,Fiber Optic,Electronic Check,Yes,0,1
CUST-00767,5,Month-to-Month,91.41,449.23,No,Fiber Optic,Electronic Check,Yes,1,1
CUST-00768,38,Month-to-Month,58.58,2119.23,No,Fiber Optic,Electronic Check,Yes,0,0
CUST-00769,9,One Year,105.6,881.18,Yes,No,Electronic Check,Yes,0,0
CUST-00770,17,Month-to-Month,56.61,903.26,No,No,Electronic Check,No,1,1
CUST-00771,57,One Year,105.27,5581.1,Yes,Fiber Optic,Electronic Check,Yes,2,0
CUST-00772,31,One Year,106.96,3138.77,No,Fiber Optic,Credit Card,Yes,1,0
CUST-00773,40,Two Year,46.96,1837.33,Yes,No,Electronic Check,No,1,0
CUST-00774,56,Month-to-Month,84.54,4490.36,Yes,Fiber Optic,Credit Card,Yes,1,0
CUST-00775,10,Two Year,89.55,829.94,No,Fiber Optic,Mailed Check,No,2,0
CUST-00776,35,One Year,135.37,4305.57,No,DSL,Electronic Check,No,1,1
CUST-00777,3,Month-to-Month,51.44,152.09,Yes,DSL,Electronic Check,No,1,0
CUST-00778,36,One Year,105.81,3587.23,No,Fiber Optic,Electronic Check,No,0,0
CUST-00779,17,Two Year,70.43,1130.49,No,No,Mailed Check,No,0,0
CUST-00780,66,Month-to-Month,38.97,2511.25,No,DSL,Electronic Check,Yes,0,0
CUST-00781,19,Two Year,67.0,1253.87,Yes,No,Credit Card,Yes,0,0
CUST-00782,15,Month-to-Month,70.06,999.53,Yes,Fiber Optic,Mailed Check,No,1,0
CUST-00783,2,One Year,43.53,83.86,No,Fiber Optic,Mailed Check,No,0,0
CUST-00784,10,Two Year,77.8,718.81,Yes,No,Mailed Check,Yes,2,0
CUST-00785,16,Month-to-Month,93.95,1493.44,Yes,DSL,Bank Transfer,No,2,0
CUST-00786,17,Two Year,75.96,1235.52,Yes,DSL,Credit Card,No,2,0
CUST-00787,54,Month-to-Month,56.45,2962.83,Yes,DSL,Mailed Check,Yes,0,0
CUST-00788,64,One Year,66.29,3866.76,No,Fiber Optic,Electronic Check,Yes,2,0
CUST-00789,62,One Year,69.89,4175.85,Yes,DSL,Credit Card,No,1,0
CUST-00790,69,Month-to-Month,75.43,4876.23,Yes,Fiber Optic,Credit Card,No,0,0
CUST-00791,65,Month-to-Month,97.75,6004.33,Yes,No,Credit Card,No,1,0
CUST-00792,33,Month-to-Month,76.8,2453.85,Yes,DSL,Credit Card,No,1,1
CUST-00793,29,Month-to-Month,34.93,992.34,Yes,Fiber Optic,Mailed Check,Yes,1,0
CUST-00794,47,Month-to-Month,55.94,2458.12,Yes,Fiber Optic,Mailed Check,Yes,0,1
CUST-00795,23,Month-to-Month,74.15,1683.83,No,Fiber Optic,Mailed Check,Yes,1,1
CUST-00796,44,Month-to-Month,98.1,3979.28,Yes,No,Bank Transfer,Yes,3,0
CUST-00797,72,Month-to-Month,102.45,7053.98,Yes,DSL,Credit Card,No,0,1
CUST-00798,15,One Year,114.37,1569.95,No,DSL,Mailed Check,Yes,0,0
CUST-00799,56,One Year,73.27,3811.49,No,No,Mailed Check,Yes,2,0
CUST-00800,68,One Year,89.08,5994.09,No,DSL,Credit Card,No,3,0
CUST-00801,39,Month-to-Month,33.64,1182.28,No,Fiber Optic,Electronic Check,No,0,0
CUST-00802,26,Two Year,80.75,2081.78,Yes,DSL,Bank Transfer,Yes,2,0
CUST-00803,19,One Year,43.12,764.26,Yes,Fiber Optic,Credit Card,Yes,3,0
CUST-00804,13,Month-to-Month,68.44,862.65,Yes,Fiber Optic,Electronic Check,Yes,2,0
CUST-00805,24,Month-to-Month,145.75,3180.28,Yes,Fiber Optic,Electronic Check,Yes,0,1
CUST-00806,54,One Year,77.59,4039.56,No,DSL,Electronic Check,No,0,0
CUST-00807,38,Month-to-Month,48.4,1822.55,No,No,Electronic Check,Yes,0,0
CUST-00808,16,Month-to-Month,80.19,1225.97,No,No,Mailed Check,Yes,3,1
CUST-00809,40,Two Year,57.07,2137.19,No,Fiber Optic,Bank Transfer,No,1,0
CUST-00810,59,Month-to-Month,45.98,2656.82,No,No,Mailed Check,Yes,0,0
CUST-00811,1,Month-to-Month,122.58,119.06,Yes,No,Bank Transfer,No,4,1
CUST-00812,2,Two Year,96.67,176.28,No,Fiber Optic,Electronic Check,Yes,1,0
CUST-00813,70,One Year,78.64,5320.78,Yes,Fiber Optic,Credit Card,Yes,0,0
CUST-00814,54,Month-to-Month,60.2,3141.79,Yes,No,Mailed Check,Yes,0,0
CUST-00815,42,Two Year,62.23,2548.82,No,No,Bank Transfer,Yes,2,0
CUST-00816,66,Two Year,108.56,6675.1,No,Fiber Optic,Electronic Check,Yes,0,0
CUST-00817,43,Month-to-Month,77.66,3139.44,No,DSL,Credit Card,Yes,2,1
CUST-00818,38,One Year,15.0,567.72,Yes,DSL,Mailed Check,No,2,0
CUST-00819,16,Month-to-Month,130.52,1999.24,No,Fiber Optic,Credit Card,Yes,1,1
CUST-00820,59,Month-to-Month,74.58,4183.95,No,No,Mailed Check,Yes,0,0
CUST-00821,56,One Year,78.58,4394.69,No,DSL,Credit Card,Yes,0,0
CUST-00822,22,Month-to-Month,97.17,1973.04,Yes,No,Mailed Check,Yes,0,0
CUST-00823,54,One Year,81.64,4143.14,Yes,DSL,Electronic Check,Yes,0,0
CUST-00824,53,Two Year,88.67,4586.67,Yes,Fiber Optic,Bank Transfer,Yes,1,0
CUST-00825,7,Month-to-Month,59.41,403.94,No,No,Electronic Check,Yes,0,1
CUST-00826,12,One Year,39.26,469.55,No,No,Credit Card,No,2,0
CUST-00827,43,Month-to-Month,77.01,3196.95,Yes,Fiber Optic,Electronic Check,Yes,1,0
CUST-00828,45,Two Year,105.79,4433.55,Yes,No,Bank Transfer,No,2,0
CUST-00829,48,Month-to-Month,53.8,2426.85,Yes,No,Mailed Check,No,2,0
CUST-00830,27,One Year,51.8,1271.29,No,No,Mailed Check,Yes,0,0
CUST-00831,61,One Year,100.53,6085.55,No,No,Bank Transfer,Yes,3,0
CUST-00832,33,Month-to-Month,58.57,1764.4,No,Fiber Optic,Bank Transfer,Yes,2,0
CUST-00833,15,One Year,59.74,855.39,Yes,DSL,Bank Transfer,Yes,3,0
CUST-00834,9,One Year,60.67,513.34,Yes,DSL,Bank Transfer,Yes,1,1
CUST-00835,64,One Year,68.38,3997.43,No,DSL,Bank Transfer,Yes,0,0
CUST-00836,51,One Year,30.66,1453.11,No,DSL,Credit Card,Yes,2,0
CUST-00837,34,Two Year,56.52,1851.26,Yes,DSL,Electronic Check,Yes,1,0
CUST-00838,16,Month-to-Month,75.76,1094.73,Yes,DSL,Electronic Check,Yes,2,1
CUST-00839,7,Month-to-Month,75.58,527.26,Yes,Fiber Optic,Bank Transfer,Yes,1,1
CUST-00840,12,Month-to-Month,98.95,1176.61,Yes,DSL,Mailed Check,Yes,0,0
CUST-00841,8,One Year,115.98,842.91,Yes,DSL,Credit Card,No,1,0
CUST-00842,39,Month-to-Month,107.81,4149.24,No,DSL,Credit Card,Yes,3,1
CUST-00843,15,Month-to-Month,92.87,1299.52,Yes,DSL,Credit Card,No,0,0
CUST-00844,10,Month-to-Month,66.28,600.99,Yes,Fiber Optic,Mailed Check,No,1,0
CUST-00845,21,Two Year,54.42,1063.52,No,No,Bank Transfer,Yes,1,0
CUST-00846,51,Month-to-Month,70.45,3524.28,Yes,Fiber Optic,Electronic Check,Yes,0,0
CUST-00847,36,One Year,84.64,2945.22,No,Fiber Optic,Electronic Check,Yes,4,0
CUST-00848,12,Month-to-Month,90.55,1003.86,No,No,Credit Card,Yes,5,1
CUST-00849,54,Two Year,85.58,4491.54,Yes,Fiber Optic,Credit Card,Yes,1,0
CUST-00850,36,Month-to-Month,66.97,2340.48,No,DSL,Electronic Check,Yes,2,1
CUST-00851,14,Month-to-Month,89.67,1223.1,Yes,DSL,Credit Card,No,2,0
CUST-00852,50,Two Year,101.52,4842.84,Yes,Fiber Optic,Credit Card,Yes,1,0
CUST-00853,72,Two Year,92.0,6504.07,Yes,Fiber Optic,Electronic Check,No,3,0
CUST-00854,39,Month-to-Month,69.2,2602.01,No,No,Electronic Check,No,0,1
CUST-00855,12,Month-to-Month,49.15,538.22,Yes,DSL,Credit Card,Yes,2,1
CUST-00856,23,One Year,48.56,1095.69,No,No,Electronic Check,No,2,0
CUST-00857,44,Two Year,52.97,2173.07,Yes,Fiber Optic,Electronic Check,Yes,2,0
CUST-00858,72,Month-to-Month,76.43,5340.64,No,No,Mailed Check,No,1,1
CUST-00859,67,Month-to-Month,83.0,5380.34,Yes,Fiber Optic,Credit Card,No,2,0
CUST-00860,68,One Year,34.64,2199.09,Yes,DSL,Credit Card,Yes,3,1
CUST-00861,60,One Year,57.4,3155.28,No,Fiber Optic,Bank Transfer,Yes,3,0
CUST-00862,42,One Year,76.08,3097.89,Yes,DSL,Credit Card,Yes,1,0
CUST-00863,47,One Year,47.51,2199.26,Yes,DSL,Bank Transfer,Yes,2,0
CUST-00864,53,Month-to-Month,80.85,4215.73,No,No,Bank Transfer,Yes,0,1
CUST-00865,52,Two Year,62.31,3119.1,No,Fiber Optic,Electronic Check,No,1,0
CUST-00866,46,Two Year,51.91,2203.38,No,DSL,Mailed Check,Yes,1,0
CUST-00867,10,One Year,71.33,664.53,Yes,Fiber Optic,Mailed Check,Yes,2,0
CUST-00868,64,Month-to-Month,79.81,4982.51,Yes,Fiber Optic,Electronic Check,Yes,0,1
CUST-00869,1,Month-to-Month,48.79,45.92,Yes,DSL,Mailed Check,No,1,1
CUST-00870,31,One Year,63.93,1928.82,Yes,DSL,Electronic Check,Yes,0,0
CUST-00871,32,Month-to-Month,81.69,2433.56,Yes,No,Electronic Check,Yes,2,1
CUST-00872,72,Two Year,50.95,3303.88,Yes,DSL,Mailed Check,No,0,0
CUST-00873,7,Month-to-Month,28.56,191.99,Yes,No,Electronic Check,Yes,3,1
CUST-00874,35,One Year,31.59,1061.53,No,DSL,Electronic Check,Yes,0,0
CUST-00875,26,Two Year,59.55,1490.63,Yes,Fiber Optic,Credit Card,Yes,0,0
CUST-00876,8,Month-to-Month,37.04,274.63,Yes,Fiber Optic,Credit Card,No,0,0
CUST-00877,17,Month-to-Month,61.31,1022.58,Yes,DSL,Bank Transfer,No,2,0
CUST-00878,31,One Year,111.62,3282.87,Yes,Fiber Optic,Electronic Check,No,0,0
CUST-00879,66,One Year,35.54,2289.9,No,Fiber Optic,Bank Transfer,No,0,0
CUST-00880,28,Month-to-Month,62.93,1693.51,Yes,Fiber Optic,Bank Transfer,Yes,1,0
CUST-00881,64,One Year,123.31,7431.01,Yes,No,Electronic Check,No,1,0
CUST-00882,53,Two Year,80.2,4114.42,No,No,Electronic Check,No,2,0
CUST-00883,59,Month-to-Month,60.81,3435.3,Yes,DSL,Mailed Check,No,1,0
CUST-00884,62,Month-to-Month,66.08,3896.5,Yes,Fiber Optic,Mailed Check,No,1,0
CUST-00885,52,Month-to-Month,80.73,4050.43,No,DSL,Electronic Check,Yes,2,0
CUST-00886,53,Month-to-Month,112.39,5412.19,No,DSL,Electronic Check,Yes,0,0
CUST-00887,12,Month-to-Month,56.73,674.65,No,DSL,Mailed Check,No,3,0
CUST-00888,52,Month-to-Month,51.06,2478.58,No,Fiber Optic,Mailed Check,Yes,1,0
CUST-00889,4,One Year,35.53,131.1,No,Fiber Optic,Mailed Check,Yes,3,0
CUST-00890,54,Month-to-Month,72.58,3829.88,Yes,Fiber Optic,Credit Card,No,1,1
CUST-00891,48,Two Year,34.86,1544.64,No,No,Electronic Check,No,1,0
CUST-00892,55,Month-to-Month,58.41,3211.19,Yes,Fiber Optic,Credit Card,Yes,1,0
CUST-00893,47,Month-to-Month,47.28,2093.38,No,DSL,Mailed Check,Yes,2,0
CUST-00894,27,One Year,96.85,2431.02,No,DSL,Bank Transfer,Yes,1,0
CUST-00895,27,Two Year,57.29,1401.75,Yes,Fiber Optic,Bank Transfer,Yes,2,0
CUST-00896,43,Month-to-Month,79.92,3107.27,No,DSL,Bank Transfer,Yes,1,1
CUST-00897,35,Month-to-Month,29.9,951.81,No,DSL,Bank Transfer,Yes,3,0
CUST-00898,25,Month-to-Month,73.29,1649.95,Yes,DSL,Bank Transfer,No,0,1
CUST-00899,36,Month-to-Month,39.92,1340.41,No,Fiber Optic,Bank Transfer,Yes,3,0
CUST-00900,39,Month-to-Month,59.36,2155.41,No,Fiber Optic,Electronic Check,Yes,0,0
CUST-00901,18,Month-to-Month,125.28,2126.52,Yes,Fiber Optic,Mailed Check,No,1,0
CUST-00902,46,Month-to-Month,93.3,3962.59,No,Fiber Optic,Credit Card,Yes,3,0
CUST-00903,23,Month-to-Month,66.79,1392.19,Yes,No,Mailed Check,No,2,1
CUST-00904,20,Two Year,149.97,2720.8,Yes,No,Electronic Check,Yes,2,1
CUST-00905,31,One Year,47.12,1341.25,No,Fiber Optic,Credit Card,Yes,0,0
CUST-00906,8,Month-to-Month,99.13,738.84,No,Fiber Optic,Credit Card,Yes,0,1
CUST-00907,44,Month-to-Month,31.68,1275.16,No,DSL,Mailed Check,Yes,1,0
CUST-00908,53,Month-to-Month,63.9,3171.68,No,No,Mailed Check,Yes,1,0
CUST-00909,69,Month-to-Month,36.31,2485.9,No,Fiber Optic,Electronic Check,No,2,1
CUST-00910,21,One Year,76.43,1486.52,Yes,DSL,Mailed Check,No,1,0
CUST-00911,39,Two Year,71.4,2553.03,No,Fiber Optic,Credit Card,No,3,0
CUST-00912,37,Two Year,62.31,2228.19,No,Fiber Optic,Electronic Check,No,1,0
CUST-00913,53,Two Year,97.3,4894.35,Yes,No,Electronic Check,Yes,2,0
CUST-00914,45,Two Year,55.82,2272.58,Yes,DSL,Credit Card,No,0,0
CUST-00915,59,Two Year,78.17,4514.17,No,DSL,Mailed Check,No,0,0
CUST-00916,62,Month-to-Month,90.51,5451.88,No,No,Credit Card,Yes,4,1
CUST-00917,9,Month-to-Month,32.92,295.61,No,Fiber Optic,Electronic Check,No,0,0
CUST-00918,26,Month-to-Month,51.29,1325.31,No,DSL,Electronic Check,Yes,1,0
CUST-00919,48,One Year,71.35,3282.41,No,Fiber Optic,Credit Card,No,0,0
CUST-00920,40,Month-to-Month,85.75,3322.31,No,Fiber Optic,Electronic Check,No,2,0
CUST-00921,35,Two Year,105.53,3475.45,No,DSL,Bank Transfer,No,0,0
CUST-00922,13,One Year,64.6,830.43,No,DSL,Electronic Check,No,3,0
CUST-00923,42,Month-to-Month,62.09,2491.16,No,DSL,Bank Transfer,No,2,0
CUST-00924,54,Month-to-Month,48.19,2426.75,No,DSL,Electronic Check,Yes,2,0
CUST-00925,3,Month-to-Month,78.25,211.5,Yes,Fiber Optic,Credit Card,Yes,0,0
CUST-00926,43,Month-to-Month,62.57,2579.24,No,DSL,Credit Card,No,0,0
CUST-00927,66,Two Year,63.15,3970.11,No,Fiber Optic,Electronic Check,Yes,2,0
CUST-00928,42,One Year,67.65,2787.85,Yes,Fiber Optic,Mailed Check,Yes,0,0
CUST-00929,69,One Year,83.79,5311.48,Yes,Fiber Optic,Bank Transfer,Yes,3,0
CUST-00930,26,Month-to-Month,55.91,1426.83,No,DSL,Credit Card,Yes,2,0
CUST-00931,1,Month-to-Month,50.7,45.71,Yes,Fiber Optic,Mailed Check,Yes,2,1
CUST-00932,50,Month-to-Month,80.79,3872.8,Yes,DSL,Credit Card,No,3,1
CUST-00933,16,One Year,15.0,225.52,No,No,Credit Card,No,1,1
CUST-00934,1,One Year,54.91,51.24,Yes,DSL,Bank Transfer,Yes,1,0
CUST-00935,13,Month-to-Month,41.22,505.49,Yes,No,Mailed Check,No,3,0
CUST-00936,68,Two Year,100.08,6277.06,No,Fiber Optic,Mailed Check,Yes,1,0
CUST-00937,57,Month-to-Month,58.98,3087.34,Yes,No,Bank Transfer,Yes,1,0
CUST-00938,20,Two Year,55.98,1097.78,No,No,Bank Transfer,No,1,0
CUST-00939,44,Month-to-Month,68.78,2792.61,Yes,No,Electronic Check,No,1,0
CUST-00940,25,Month-to-Month,55.12,1341.75,No,Fiber Optic,Bank Transfer,Yes,5,1
CUST-00941,13,Two Year,59.93,756.6,Yes,DSL,Credit Card,No,1,0
CUST-00942,72,Month-to-Month,72.43,4710.88,No,Fiber Optic,Mailed Check,No,1,1
CUST-00943,59,Month-to-Month,59.45,3465.84,No,DSL,Bank Transfer,Yes,2,1
CUST-00944,27,Month-to-Month,59.27,1566.58,No,Fiber Optic,Electronic Check,Yes,0,1
CUST-00945,26,Month-to-Month,44.75,1139.77,No,No,Electronic Check,No,2,1
CUST-00946,59,One Year,41.16,2382.1,No,Fiber Optic,Electronic Check,Yes,1,0
CUST-00947,34,Two Year,71.52,2330.17,Yes,DSL,Mailed Check,No,0,0
CUST-00948,28,Two Year,77.67,2173.32,No,No,Bank Transfer,Yes,0,0
CUST-00949,28,Month-to-Month,34.3,881.57,No,DSL,Bank Transfer,Yes,0,1
CUST-00950,33,Month-to-Month,89.0,2664.55,No,No,Electronic Check,Yes,1,1
CUST-00951,38,Month-to-Month,89.1,3285.64,Yes,Fiber Optic,Electronic Check,Yes,1,1
CUST-00952,3,Month-to-Month,94.37,263.12,No,DSL,Credit Card,Yes,0,1
CUST-00953,35,Month-to-Month,77.5,2606.23,No,DSL,Electronic Check,No,3,0
CUST-00954,32,Two Year,85.93,2582.49,No,No,Credit Card,No,0,0
CUST-00955,20,Two Year,124.63,2326.47,No,DSL,Bank Transfer,Yes,1,0
CUST-00956,26,One Year,62.46,1606.62,Yes,No,Credit Card,No,2,0
CUST-00957,31,Month-to-Month,43.86,1243.01,No,Fiber Optic,Bank Transfer,Yes,1,1
CUST-00958,27,Month-to-Month,31.65,785.24,Yes,Fiber Optic,Credit Card,Yes,1,0
CUST-00959,66,Month-to-Month,113.89,7267.06,No,Fiber Optic,Bank Transfer,Yes,0,0
CUST-00960,39,Month-to-Month,114.22,4357.74,No,Fiber Optic,Electronic Check,Yes,1,1
CUST-00961,37,Month-to-Month,46.89,1705.82,Yes,Fiber Optic,Credit Card,Yes,0,0
CUST-00962,19,Month-to-Month,51.82,908.88,Yes,Fiber Optic,Electronic Check,No,1,1
CUST-00963,66,Month-to-Month,61.9,4037.24,No,Fiber Optic,Bank Transfer,No,0,0
CUST-00964,2,Two Year,100.61,193.36,No,DSL,Mailed Check,Yes,1,0
CUST-00965,40,Month-to-Month,37.82,1486.06,Yes,No,Credit Card,Yes,2,0
CUST-00966,13,Two Year,20.83,245.57,Yes,Fiber Optic,Bank Transfer,No,0,0
CUST-00967,56,Month-to-Month,124.19,6507.38,Yes,Fiber Optic,Credit Card,No,0,1
CUST-00968,28,One Year,77.81,2075.16,No,Fiber Optic,Electronic Check,Yes,5,0
CUST-00969,22,Month-to-Month,81.36,1714.2,Yes,Fiber Optic,Credit Card,No,2,0
CUST-00970,5,Month-to-Month,64.87,295.13,No,DSL,Credit Card,No,2,1
CUST-00971,57,Month-to-Month,81.64,4438.8,No,No,Mailed Check,Yes,1,1
CUST-00972,29,Month-to-Month,32.14,900.88,No,Fiber Optic,Electronic Check,Yes,0,0
CUST-00973,20,Two Year,48.98,917.06,No,No,Electronic Check,No,1,0
CUST-00974,61,Month-to-Month,72.63,4209.24,No,No,Electronic Check,Yes,0,1
CUST-00975,2,One Year,15.0,27.88,No,Fiber Optic,Bank Transfer,Yes,0,0
CUST-00976,34,Month-to-Month,62.44,2095.47,No,Fiber Optic,Electronic Check,No,0,0
CUST-00977,12,Month-to-Month,60.9,701.51,No,DSL,Mailed Check,No,2,0
CUST-00978,10,Month-to-Month,62.43,596.29,No,DSL,Bank Transfer,No,2,1
CUST-00979,2,Month-to-Month,56.22,111.81,Yes,Fiber Optic,Mailed Check,No,2,0
CUST-00980,14,Two Year,45.1,610.24,No,DSL,Credit Card,Yes,1,0
CUST-00981,69,Two Year,24.45,1565.55,Yes,DSL,Electronic Check,No,2,0
CUST-00982,33,One Year,73.62,2342.43,No,Fiber Optic,Mailed Check,No,3,0
CUST-00983,72,Month-to-Month,62.5,4482.73,Yes,DSL,Credit Card,No,0,0
CUST-00984,20,Month-to-Month,35.62,642.84,No,DSL,Mailed Check,Yes,1,1
CUST-00985,55,Two Year,71.56,3788.83,No,Fiber Optic,Mailed Check,No,1,0
CUST-00986,7,Month-to-Month,62.63,401.44,No,DSL,Credit Card,No,1,0
CUST-00987,8,Month-to-Month,58.47,459.17,No,DSL,Mailed Check,Yes,1,0
CUST-00988,2,Month-to-Month,16.08,31.0,Yes,DSL,Credit Card,Yes,1,0
CUST-00989,65,One Year,87.07,5623.89,Yes,Fiber Optic,Credit Card,Yes,1,1
CUST-00990,49,One Year,39.17,1855.91,Yes,No,Electronic Check,Yes,1,0
CUST-00991,54,One Year,71.58,3485.44,No,DSL,Credit Card,Yes,0,0
CUST-00992,67,One Year,49.79,3172.59,Yes,Fiber Optic,Bank Transfer,Yes,2,0
CUST-00993,24,Month-to-Month,60.28,1432.78,Yes,DSL,Credit Card,Yes,4,1
CUST-00994,53,Two Year,98.81,4834.89,Yes,Fiber Optic,Bank Transfer,Yes,2,0
CUST-00995,37,Month-to-Month,83.29,2799.1,No,DSL,Credit Card,Yes,1,0
CUST-00996,40,One Year,98.25,3819.92,No,No,Electronic Check,No,2,0
CUST-00997,48,Month-to-Month,78.26,3569.6,Yes,Fiber Optic,Bank Transfer,No,1,0
CUST-00998,34,Two Year,79.9,2457.87,No,Fiber Optic,Credit Card,No,2,1
CUST-00999,2,Month-to-Month,25.47,47.27,No,DSL,Credit Card,Yes,0,0
CUST-01000,6,Month-to-Month,62.06,347.29,Yes,No,Electronic Check,No,0,1
CUST-01001,37,Month-to-Month,64.38,2302.94,Yes,DSL,Electronic Check,No,1,0
CUST-01002,42,Month-to-Month,100.59,4001.54,No,Fiber Optic,Credit Card,No,0,0
CUST-01003,53,Month-to-Month,57.34,2883.18,Yes,Fiber Optic,Bank Transfer,No,0,0
CUST-01004,42,One Year,76.62,3155.8,Yes,Fiber Optic,Electronic Check,Yes,1,0
CUST-01005,14,Month-to-Month,75.64,982.55,No,No,Mailed Check,Yes,1,0
CUST-01006,27,Two Year,98.94,2583.91,No,Fiber Optic,Credit Card,No,1,0
CUST-01007,32,Month-to-Month,66.66,1998.21,No,Fiber Optic,Credit Card,Yes,1,0
CUST-01008,71,One Year,90.69,6064.48,No,DSL,Electronic Check,Yes,1,1
CUST-01009,39,Month-to-Month,27.38,1020.4,No,Fiber Optic,Credit Card,Yes,1,0
CUST-01010,46,One Year,29.65,1322.39,Yes,Fiber Optic,Mailed Check,Yes,2,0
CUST-01011,53,One Year,15.0,790.64,No,Fiber Optic,Mailed Check,No,1,0
CUST-01012,27,Month-to-Month,89.65,2243.61,Yes,Fiber Optic,Bank Transfer,No,0,1
CUST-01013,70,Two Year,86.84,5533.98,Yes,Fiber Optic,Electronic Check,Yes,1,0
CUST-01014,49,Month-to-Month,92.42,4269.9,No,Fiber Optic,Mailed Check,Yes,2,0
CUST-01015,62,Month-to-Month,53.07,3141.19,Yes,DSL,Electronic Check,No,1,0
CUST-01016,54,One Year,55.91,2786.06,Yes,Fiber Optic,Electronic Check,No,1,0
CUST-01017,45,Two Year,66.97,2980.65,Yes,No,Mailed Check,Yes,0,0
CUST-01018,3,Month-to-Month,106.09,311.87,No,DSL,Credit Card,Yes,1,1
CUST-01019,43,Month-to-Month,112.35,4586.44,No,DSL,Mailed Check,No,1,0
CUST-01020,10,Two Year,89.85,849.09,Yes,Fiber Optic,Bank Transfer,Yes,2,0
CUST-01021,44,One Year,78.28,3113.92,Yes,DSL,Electronic Check,Yes,1,0
CUST-01022,51,Two Year,103.38,5028.21,No,Fiber Optic,Credit Card,Yes,2,0
CUST-01023,40,Month-to-Month,63.6,2441.16,No,Fiber Optic,Bank Transfer,No,1,0
CUST-01024,23,One Year,60.23,1370.28,Yes,Fiber Optic,Credit Card,No,2,0
CUST-01025,5,Month-to-Month,66.77,317.19,Yes,No,Electronic Check,Yes,0,1
CUST-01026,49,Two Year,45.53,2042.98,No,No,Mailed Check,Yes,2,0
CUST-01027,51,Month-to-Month,65.62,3072.22,Yes,Fiber Optic,Electronic Check,No,1,1
CUST-01028,35,One Year,42.06,1348.42,No,No,Electronic Check,Yes,1,0
CUST-01029,52,Month-to-Month,95.63,4942.19,Yes,DSL,Bank Transfer,Yes,0,0
CUST-01030,57,One Year,83.59,4666.19,No,DSL,Credit Card,Yes,0,0
CUST-01031,37,One Year,105.74,3843.82,No,Fiber Optic,Electronic Check,Yes,2,0
CUST-01032,4,Month-to-Month,29.27,115.21,No,Fiber Optic,Bank Transfer,No,2,1
CUST-01033,63,Two Year,117.54,6735.34,No,DSL,Bank Transfer,Yes,3,0
CUST-01034,34,Month-to-Month,30.69,1012.38,Yes,Fiber Optic,Mailed Check,Yes,3,0
CUST-01035,49,One Year,40.04,1903.95,Yes,DSL,Bank Transfer,Yes,1,0
CUST-01036,66,Month-to-Month,54.48,3316.95,No,DSL,Bank Transfer,Yes,0,0
CUST-01037,27,Month-to-Month,102.69,2631.41,No,Fiber Optic,Credit Card,Yes,1,1
CUST-01038,45,Month-to-Month,75.64,3288.9,No,No,Bank Transfer,No,2,1
CUST-01039,2,Month-to-Month,63.9,126.49,Yes,No,Credit Card,Yes,0,0
CUST-01040,64,Month-to-Month,50.18,2925.83,No,Fiber Optic,Mailed Check,Yes,0,1
CUST-01041,5,One Year,35.6,176.08,Yes,Fiber Optic,Credit Card,Yes,3,0
CUST-01042,39,One Year,98.32,3804.73,Yes,DSL,Credit Card,No,1,0
CUST-01043,26,One Year,89.97,2321.35,Yes,Fiber Optic,Electronic Check,No,2,0
CUST-01044,3,Month-to-Month,103.81,280.44,No,Fiber Optic,Mailed Check,No,2,0
CUST-01045,34,Month-to-Month,79.92,2505.6,No,Fiber Optic,Credit Card,Yes,1,1
CUST-01046,68,Month-to-Month,15.0,988.51,No,Fiber Optic,Mailed Check,No,2,0
CUST-01047,13,One Year,38.89,471.28,No,No,Mailed Check,No,3,0
CUST-01048,22,Two Year,81.62,1627.04,Yes,No,Bank Transfer,Yes,0,0
CUST-01049,14,Month-to-Month,60.76,830.47,Yes,DSL,Credit Card,No,2,1
CUST-01050,9,One Year,56.03,455.28,Yes,No,Electronic Check,No,2,0
CUST-01051,17,Month-to-Month,42.42,681.19,Yes,DSL,Mailed Check,No,1,0
CUST-01052,42,Month-to-Month,93.69,3914.35,No,No,Mailed Check,Yes,2,1
CUST-01053,57,Month-to-Month,81.4,4380.08,Yes,Fiber Optic,Electronic Check,Yes,3,1
CUST-01054,50,Month-to-Month,82.53,4090.14,No,Fiber Optic,Electronic Check,Yes,0,0
CUST-01055,56,One Year,54.16,2853.71,No,Fiber Optic,Bank Transfer,Yes,1,0
CUST-01056,52,Two Year,74.41,3616.53,No,Fiber Optic,Credit Card,Yes,1,0
CUST-01057,28,Month-to-Month,36.56,932.3,Yes,No,Credit Card,No,0,0
CUST-01058,65,Month-to-Month,66.75,4060.24,No,No,Credit Card,Yes,0,1
CUST-01059,13,One Year,15.0,182.07,Yes,Fiber Optic,Credit Card,Yes,1,0
CUST-01060,51,Two Year,30.8,1546.7,Yes,No,Electronic Check,Yes,2,0
CUST-01061,8,One Year,61.94,491.55,No,Fiber Optic,Mailed Check,Yes,2,0
CUST-01062,56,Month-to-Month,129.38,6536.64,Yes,Fiber Optic,Electronic Check,Yes,0,0
CUST-01063,7,One Year,24.98,159.09,No,DSL,Bank Transfer,No,1,0
CUST-01064,16,Month-to-Month,38.91,600.35,No,No,Credit Card,No,1,1
CUST-01065,29,Two Year,75.42,2074.48,Yes,Fiber Optic,Electronic Check,Yes,3,0
CUST-01066,51,Month-to-Month,114.24,5416.58,No,Fiber Optic,Mailed Check,Yes,0,1
CUST-01067,4,One Year,75.05,277.98,Yes,Fiber Optic,Mailed Check,Yes,0,0
CUST-01068,19,Month-to-Month,87.55,1534.48,No,No,Electronic Check,Yes,3,1
CUST-01069,25,Month-to-Month,61.56,1465.97,No,DSL,Credit Card,No,2,1
CUST-01070,53,Two Year,57.23,2735.17,Yes,Fiber Optic,Mailed Check,No,0,0
CUST-01071,70,One Year,72.05,4911.81,Yes,Fiber Optic,Mailed Check,Yes,2,0
CUST-01072,45,Month-to-Month,53.54,2240.74,Yes,DSL,Credit Card,No,1,0
CUST-01073,37,Two Year,88.11,3073.21,No,DSL,Electronic Check,Yes,0,0
CUST-01074,25,Two Year,29.84,710.72,Yes,Fiber Optic,Mailed Check,No,0,0
CUST-01075,60,Month-to-Month,92.25,5098.49,No,DSL,Credit Card,Yes,0,0
CUST-01076,8,Month-to-Month,70.98,561.24,Yes,No,Mailed Check,Yes,1,1
CUST-01077,10,Month-to-Month,64.63,625.75,No,No,Bank Transfer,No,0,0
CUST-01078,15,One Year,28.93,428.32,Yes,DSL,Mailed Check,No,0,0
CUST-01079,20,Month-to-Month,45.51,862.46,No,Fiber Optic,Electronic Check,No,3,0
CUST-01080,34,Month-to-Month,99.97,3206.07,No,DSL,Electronic Check,Yes,2,1
CUST-01081,69,Two Year,64.79,4129.47,Yes,Fiber Optic,Credit Card,No,2,0
CUST-01082,47,Two Year,76.96,3452.48,Yes,Fiber Optic,Electronic Check,No,2,0
CUST-01083,28,Two Year,48.01,1289.59,No,Fiber Optic,Credit Card,Yes,1,0
CUST-01084,16,Two Year,69.27,1044.03,No,Fiber Optic,Electronic Check,Yes,1,0
CUST-01085,47,One Year,35.7,1534.5,No,Fiber Optic,Credit Card,No,2,0
CUST-01086,19,One Year,72.5,1277.37,Yes,Fiber Optic,Credit Card,Yes,2,0
CUST-01087,71,One Year,79.27,5073.37,No,No,Electronic Check,Yes,1,0
CUST-01088,35,Month-to-Month,78.02,2544.78,No,No,Bank Transfer,Yes,4,0
CUST-01089,40,Month-to-Month,47.41,1816.9,No,Fiber Optic,Credit Card,Yes,2,0
CUST-01090,66,Month-to-Month,61.45,4037.74,Yes,DSL,Bank Transfer,Yes,1,0
CUST-01091,22,One Year,83.43,1684.57,Yes,Fiber Optic,Credit Card,Yes,1,0
CUST-01092,34,Month-to-Month,64.71,1992.33,No,No,Electronic Check,No,1,1
CUST-01093,39,Month-to-Month,62.82,2277.58,No,Fiber Optic,Credit Card,Yes,1,0
CUST-01094,20,One Year,117.59,2153.5,No,Fiber Optic,Bank Transfer,Yes,0,0
CUST-01095,4,Month-to-Month,46.23,179.29,No,Fiber Optic,Electronic Check,Yes,0,0
CUST-01096,21,Month-to-Month,97.01,1834.66,Yes,Fiber Optic,Mailed Check,Yes,1,1
CUST-01097,9,Two Year,41.13,369.46,No,Fiber Optic,Electronic Check,Yes,1,0
CUST-01098,49,Two Year,86.37,4171.05,No,No,Mailed Check,Yes,2,1
CUST-01099,1,Month-to-Month,87.7,83.23,No,DSL,Electronic Check,No,2,1
CUST-01100,23,Month-to-Month,57.24,1306.11,No,DSL,Credit Card,No,0,1
CUST-01101,64,Month-to-Month,39.56,2437.67,No,Fiber Optic,Mailed Check,No,2,0
CUST-01102,41,One Year,20.74,849.81,Yes,Fiber Optic,Mailed Check,Yes,1,0
CUST-01103,49,Two Year,54.62,2483.23,No,Fiber Optic,Credit Card,No,1,0
CUST-01104,49,Month-to-Month,83.16,4073.58,No,DSL,Credit Card,No,2,0
CUST-01105,22,One Year,43.06,869.66,Yes,Fiber Optic,Credit Card,No,0,0
CUST-01106,46,Month-to-Month,72.42,3115.92,No,Fiber Optic,Electronic Check,No,1,1
CUST-01107,16,Month-to-Month,33.09,526.02,Yes,Fiber Optic,Credit Card,No,0,0
CUST-01108,46,Two Year,64.15,2765.15,Yes,Fiber Optic,Electronic Check,No,1,0
CUST-01109,50,Month-to-Month,41.32,1902.75,No,Fiber Optic,Mailed Check,No,1,0
CUST-01110,64,Month-to-Month,68.05,3945.59,No,Fiber Optic,Credit Card,Yes,2,1
CUST-01111,67,Month-to-Month,57.47,3522.8,No,DSL,Electronic Check,Yes,1,0
CUST-01112,2,One Year,40.24,75.29,No,Fiber Optic,Electronic Check,Yes,0,0
CUST-01113,22,Two Year,53.53,1109.5,No,Fiber Optic,Bank Transfer,No,3,0
CUST-01114,40,Two Year,46.65,1780.62,Yes,DSL,Mailed Check,No,2,0
CUST-01115,24,Month-to-Month,37.15,874.98,No,No,Mailed Check,No,0,0
CUST-01116,45,Month-to-Month,97.07,3937.19,No,Fiber Optic,Credit Card,Yes,1,0
CUST-01117,62,One Year,61.0,3721.91,No,DSL,Credit Card,No,1,0
CUST-01118,19,Month-to-Month,15.0,272.95,No,Fiber Optic,Credit Card,Yes,1,1
CUST-01119,65,Two Year,54.42,3451.16,Yes,DSL,Electronic Check,No,0,0
CUST-01120,64,One Year,92.87,5799.24,Yes,Fiber Optic,Bank Transfer,Yes,0,0
CUST-01121,66,Month-to-Month,50.97,3331.46,No,DSL,Credit Card,Yes,1,0
CUST-01122,6,Two Year,107.44,586.2,No,DSL,Electronic Check,Yes,2,0
CUST-01123,22,Month-to-Month,48.58,1022.97,No,Fiber Optic,Mailed Check,Yes,2,1
CUST-01124,9,Month-to-Month,82.59,736.55,Yes,Fiber Optic,Electronic Check,Yes,2,1
CUST-01125,9,One Year,95.92,839.04,Yes,DSL,Electronic Check,No,0,0
CUST-01126,4,Month-to-Month,81.25,295.64,No,DSL,Electronic Check,Yes,0,1
CUST-01127,32,One Year,35.64,1096.45,Yes,DSL,Bank Transfer,No,0,0
CUST-01128,7,One Year,46.44,318.57,No,DSL,Bank Transfer,Yes,1,0
CUST-01129,22,Two Year,99.25,2025.17,No,Fiber Optic,Electronic Check,Yes,4,0
CUST-01130,71,Two Year,49.88,3411.33,Yes,DSL,Bank Transfer,Yes,0,0
CUST-01131,64,Month-to-Month,94.39,5944.55,No,Fiber Optic,Electronic Check,Yes,1,0
CUST-01132,68,Month-to-Month,59.24,3836.52,No,Fiber Optic,Electronic Check,No,1,0
CUST-01133,3,One Year,73.54,202.84,Yes,DSL,Credit Card,No,1,0
CUST-01134,48,Two Year,35.35,1620.39,Yes,Fiber Optic,Mailed Check,No,2,0
CUST-01135,46,Month-to-Month,54.79,2416.5,Yes,Fiber Optic,Credit Card,No,2,1
CUST-01136,10,Month-to-Month,48.12,452.47,No,Fiber Optic,Electronic Check,No,2,0
CUST-01137,66,Month-to-Month,75.64,4832.3,No,Fiber Optic,Electronic Check,No,0,0
CUST-01138,30,Month-to-Month,72.33,2046.94,No,DSL,Credit Card,Yes,2,1
CUST-01139,71,One Year,81.57,5720.47,No,Fiber Optic,Electronic Check,Yes,0,0
CUST-01140,9,Month-to-Month,57.74,508.83,No,No,Electronic Check,No,1,0
CUST-01141,47,One Year,46.74,2153.89,Yes,Fiber Optic,Bank Transfer,Yes,0,0
CUST-01142,10,Two Year,74.57,710.36,Yes,Fiber Optic,Bank Transfer,No,1,0
CUST-01143,69,Two Year,44.26,2808.51,No,Fiber Optic,Credit Card,No,2,0
CUST-01144,44,Month-to-Month,96.96,4148.67,No,No,Credit Card,Yes,0,0
CUST-01145,6,Month-to-Month,67.14,365.33,No,DSL,Electronic Check,No,0,0
CUST-01146,16,One Year,61.85,941.86,No,Fiber Optic,Electronic Check,Yes,2,1
CUST-01147,26,Two Year,81.55,1919.5,Yes,Fiber Optic,Bank Transfer,No,2,0
CUST-01148,1,Month-to-Month,68.09,64.88,Yes,Fiber Optic,Electronic Check,No,1,1
CUST-01149,1,Two Year,28.55,27.65,No,Fiber Optic,Mailed Check,No,2,0
CUST-01150,67,Month-to-Month,43.46,2742.7,No,Fiber Optic,Mailed Check,Yes,1,0
CUST-01151,71,Two Year,96.44,6447.98,No,Fiber Optic,Credit Card,Yes,2,0
CUST-01152,39,Month-to-Month,72.1,2565.24,Yes,Fiber Optic,Credit Card,Yes,2,0
CUST-01153,65,Month-to-Month,27.96,1690.52,No,DSL,Electronic Check,Yes,0,1
CUST-01154,48,Month-to-Month,78.8,3572.2,Yes,No,Electronic Check,Yes,1,1
CUST-01155,3,Month-to-Month,56.02,165.77,Yes,DSL,Credit Card,Yes,0,0
CUST-01156,52,Month-to-Month,48.14,2477.74,No,DSL,Electronic Check,No,0,1
CUST-01157,2,Month-to-Month,41.38,82.38,No,DSL,Electronic Check,Yes,1,1
CUST-01158,59,Month-to-Month,95.0,5100.7,No,Fiber Optic,Electronic Check,Yes,2,0
CUST-01159,27,One Year,20.86,523.58,Yes,Fiber Optic,Electronic Check,Yes,0,1
CUST-01160,11,Month-to-Month,49.06,510.68,Yes,Fiber Optic,Electronic Check,No,1,1
CUST-01161,19,One Year,73.0,1337.31,No,Fiber Optic,Electronic Check,No,0,0
CUST-01162,50,Two Year,109.46,5310.34,No,DSL,Electronic Check,Yes,0,0
CUST-01163,61,Month-to-Month,83.85,5005.4,No,DSL,Credit Card,Yes,0,1
CUST-01164,42,Month-to-Month,48.85,1948.27,Yes,No,Electronic Check,Yes,1,1
CUST-01165,12,Two Year,108.23,1241.17,No,Fiber Optic,Credit Card,Yes,4,0
CUST-01166,65,Two Year,36.12,2338.54,Yes,No,Bank Transfer,No,0,0
CUST-01167,57,Month-to-Month,76.63,4035.96,Yes,DSL,Mailed Check,Yes,0,0
CUST-01168,30,Two Year,82.19,2417.31,No,No,Credit Card,Yes,2,0
CUST-01169,40,Month-to-Month,47.97,1863.5,Yes,No,Mailed Check,Yes,1,0
CUST-01170,70,Month-to-Month,87.44,5594.47,No,Fiber Optic,Electronic Check,No,1,0
CUST-01171,28,One Year,57.15,1588.44,No,Fiber Optic,Bank Transfer,Yes,0,0
CUST-01172,2,Month-to-Month,87.38,172.23,Yes,DSL,Electronic Check,No,3,1
CUST-01173,11,One Year,24.01,258.29,Yes,Fiber Optic,Electronic Check,No,1,0
CUST-01174,44,Month-to-Month,78.37,3147.17,No,Fiber Optic,Credit Card,No,0,0
CUST-01175,72,One Year,59.7,3928.6,No,Fiber Optic,Credit Card,Yes,1,0
CUST-01176,54,Month-to-Month,98.74,5163.04,No,DSL,Mailed Check,Yes,1,0
CUST-01177,45,Month-to-Month,68.9,2823.71,Yes,Fiber Optic,Mailed Check,Yes,1,0
CUST-01178,24,Month-to-Month,101.23,2214.1,No,Fiber Optic,Bank Transfer,No,1,1
CUST-01179,32,Month-to-Month,82.69,2487.39,No,Fiber Optic,Electronic Check,No,2,1
CUST-01180,3,One Year,66.81,180.49,Yes,Fiber Optic,Electronic Check,No,0,0
CUST-01181,27,Month-to-Month,89.69,2354.18,Yes,No,Bank Transfer,Yes,1,1
CUST-01182,45,Month-to-Month,89.85,3857.34,No,DSL,Electronic Check,Yes,0,1
CUST-01183,66,Month-to-Month,81.8,4901.12,Yes,DSL,Electronic Check,Yes,0,0
CUST-01184,67,Month-to-Month,15.0,959.13,Yes,DSL,Bank Transfer,No,0,0
CUST-01185,60,Two Year,45.44,2468.51,No,No,Bank Transfer,Yes,1,0
CUST-01186,2,Month-to-Month,104.6,189.76,Yes,Fiber Optic,Electronic Check,No,1,1
CUST-01187,59,Two Year,38.6,2160.22,No,Fiber Optic,Credit Card,Yes,0,0
CUST-01188,16,Month-to-Month,92.06,1399.29,No,No,Credit Card,Yes,4,1
CUST-01189,45,One Year,87.66,3683.95,No,Fiber Optic,Bank Transfer,Yes,1,0
CUST-01190,69,Month-to-Month,51.86,3443.0,Yes,DSL,Electronic Check,Yes,1,1
CUST-01191,64,Month-to-Month,20.12,1208.79,Yes,Fiber Optic,Bank Transfer,No,0,0
CUST-01192,48,Two Year,55.78,2566.85,No,Fiber Optic,Bank Transfer,Yes,3,0
CUST-01193,22,Two Year,121.95,2508.45,No,Fiber Optic,Bank Transfer,No,2,1
CUST-01194,38,Two Year,48.42,1787.52,Yes,DSL,Bank Transfer,Yes,1,0
CUST-01195,51,Month-to-Month,50.14,2449.56,Yes,Fiber Optic,Electronic Check,Yes,1,0
CUST-01196,38,Month-to-Month,45.06,1568.46,No,Fiber Optic,Electronic Check,Yes,0,0
CUST-01197,30,One Year,100.37,2916.63,Yes,DSL,Credit Card,Yes,2,0
CUST-01198,30,Month-to-Month,63.93,1876.46,No,No,Electronic Check,Yes,3,0
CUST-01199,44,One Year,54.35,2168.01,No,DSL,Bank Transfer,Yes,0,0
CUST-01200,3,One Year,105.34,303.69,Yes,No,Credit Card,Yes,2,0
CUST-01201,72,One Year,84.49,5955.79,No,DSL,Electronic Check,No,1,0
CUST-01202,8,Two Year,47.02,342.86,No,No,Credit Card,No,1,0
CUST-01203,71,One Year,39.41,2770.59,No,Fiber Optic,Credit Card,No,1,0
CUST-01204,3,Month-to-Month,98.95,279.48,No,DSL,Bank Transfer,No,0,1
CUST-01205,37,Month-to-Month,70.42,2537.23,Yes,DSL,Bank Transfer,Yes,1,0
CUST-01206,31,One Year,31.27,959.58,No,Fiber Optic,Credit Card,Yes,0,0
CUST-01207,42,Month-to-Month,25.42,1066.53,Yes,Fiber Optic,Electronic Check,No,1,0
CUST-01208,32,Month-to-Month,42.1,1291.15,No,DSL,Bank Transfer,Yes,2,1
CUST-01209,65,Month-to-Month,39.01,2460.66,No,DSL,Electronic Check,Yes,0,0
CUST-01210,2,One Year,18.85,34.88,Yes,Fiber Optic,Credit Card,Yes,1,0
CUST-01211,71,Two Year,42.51,2803.93,No,Fiber Optic,Mailed Check,Yes,0,0
CUST-01212,50,One Year,47.02,2315.92,No,Fiber Optic,Bank Transfer,No,2,0
CUST-01213,57,Month-to-Month,58.43,3130.09,No,DSL,Electronic Check,Yes,0,0
CUST-01214,11,Month-to-Month,112.32,1213.58,No,Fiber Optic,Electronic Check,Yes,2,0
CUST-01215,5,Month-to-Month,63.33,286.59,Yes,DSL,Credit Card,No,2,0
CUST-01216,29,Month-to-Month,65.81,1759.29,Yes,Fiber Optic,Mailed Check,No,4,1
CUST-01217,24,One Year,82.73,1820.74,Yes,DSL,Mailed Check,No,2,0
CUST-01218,57,One Year,64.07,3479.28,No,No,Bank Transfer,No,2,0
CUST-01219,65,Month-to-Month,80.0,4721.88,No,Fiber Optic,Electronic Check,Yes,1,0
CUST-01220,31,Month-to-Month,77.02,2230.96,No,Fiber Optic,Electronic Check,Yes,2,1
CUST-01221,56,Month-to-Month,73.06,4085.73,No,No,Electronic Check,Yes,2,1
CUST-01222,5,Two Year,139.16,681.48,No,No,Credit Card,Yes,2,0
CUST-01223,54,One Year,92.78,4890.17,Yes,Fiber Optic,Electronic Check,No,0,0
CUST-01224,8,Month-to-Month,42.96,313.96,Yes,Fiber Optic,Mailed Check,No,1,0
CUST-01225,49,Two Year,79.26,3636.95,No,No,Credit Card,Yes,3,0
CUST-01226,28,Month-to-Month,50.21,1360.97,Yes,DSL,Credit Card,Yes,2,0
CUST-01227,30,Month-to-Month,81.16,2196.59,No,Fiber Optic,Bank Transfer,No,0,1
CUST-01228,20,Two Year,35.62,672.08,Yes,Fiber Optic,Mailed Check,Yes,1,0
CUST-01229,30,Month-to-Month,42.31,1260.24,No,Fiber Optic,Credit Card,Yes,1,1
CUST-01230,63,Month-to-Month,78.6,4497.39,Yes,No,Credit Card,Yes,2,0
CUST-01231,59,One Year,94.94,5548.95,No,Fiber Optic,Credit Card,Yes,1,1
CUST-01232,25,Month-to-Month,82.57,1897.98,No,Fiber Optic,Bank Transfer,Yes,0,0
CUST-01233,22,One Year,91.35,1846.73,Yes,No,Bank Transfer,No,1,0
CUST-01234,37,Month-to-Month,79.35,2699.73,Yes,Fiber Optic,Credit Card,Yes,0,0
CUST-01235,50,Month-to-Month,74.31,3689.96,No,DSL,Credit Card,Yes,1,0
CUST-01236,14,Month-to-Month,57.41,771.89,Yes,DSL,Bank Transfer,Yes,1,0
CUST-01237,53,Month-to-Month,90.33,4668.18,Yes,Fiber Optic,Electronic Check,Yes,2,0
CUST-01238,69,Month-to-Month,95.62,6179.75,No,DSL,Bank Transfer,Yes,1,1
CUST-01239,61,Month-to-Month,68.42,4120.72,Yes,Fiber Optic,Mailed Check,Yes,0,0
CUST-01240,40,Two Year,67.08,2571.03,Yes,No,Electronic Check,Yes,3,0
CUST-01241,24,Month-to-Month,109.79,2529.52,Yes,DSL,Electronic Check,Yes,0,0
CUST-01242,24,Month-to-Month,69.49,1626.45,No,No,Electronic Check,No,1,1
CUST-01243,54,Month-to-Month,71.89,3794.19,No,Fiber Optic,Mailed Check,Yes,2,0
CUST-01244,33,Month-to-Month,82.11,2623.43,Yes,No,Electronic Check,No,1,1
CUST-01245,8,Month-to-Month,67.55,492.79,Yes,DSL,Bank Transfer,No,2,0
CUST-01246,49,One Year,49.49,2392.69,No,Fiber Optic,Credit Card,Yes,1,0
CUST-01247,10,Month-to-Month,79.45,735.78,No,Fiber Optic,Electronic Check,Yes,3,1
CUST-01248,72,Two Year,69.03,4968.27,Yes,Fiber Optic,Electronic Check,Yes,1,0
CUST-01249,31,Two Year,116.06,3376.77,No,No,Electronic Check,No,1,0
CUST-01250,25,Month-to-Month,89.71,2045.39,No,No,Credit Card,Yes,1,1
CUST-01251,4,Month-to-Month,55.11,205.36,Yes,DSL,Electronic Check,Yes,2,1
CUST-01252,13,Month-to-Month,88.23,1098.07,Yes,Fiber Optic,Electronic Check,Yes,0,1
CUST-01253,69,One Year,77.7,5035.04,No,Fiber Optic,Electronic Check,Yes,0,0
CUST-01254,39,Month-to-Month,102.74,3938.22,Yes,DSL,Electronic Check,Yes,2,1
CUST-01255,65,Two Year,56.89,3580.33,Yes,No,Bank Transfer,No,1,0
CUST-01256,69,One Year,74.72,4750.16,No,Fiber Optic,Bank Transfer,Yes,3,0
CUST-01257,4,Two Year,67.52,257.63,Yes,No,Electronic Check,Yes,1,0
CUST-01258,28,Month-to-Month,71.46,1958.37,Yes,No,Mailed Check,No,2,1
CUST-01259,61,Two Year,47.87,2888.31,Yes,DSL,Bank Transfer,No,0,0
CUST-01260,36,Month-to-Month,84.4,2854.56,No,Fiber Optic,Credit Card,Yes,2,1
CUST-01261,37,Month-to-Month,80.45,2954.17,No,Fiber Optic,Bank Transfer,No,4,1
CUST-01262,42,Month-to-Month,102.13,3875.94,Yes,No,Credit Card,No,0,0
CUST-01263,51,Two Year,69.75,3442.24,Yes,Fiber Optic,Credit Card,Yes,2,0
CUST-01264,68,One Year,59.7,3971.09,No,DSL,Mailed Check,Yes,1,0
CUST-01265,64,Two Year,89.73,5412.59,No,Fiber Optic,Electronic Check,Yes,0,1
CUST-01266,46,Month-to-Month,50.14,2078.33,No,DSL,Bank Transfer,Yes,2,0
CUST-01267,42,Two Year,97.12,3951.38,Yes,Fiber Optic,Electronic Check,Yes,2,0
CUST-01268,26,Month-to-Month,97.07,2357.9,Yes,No,Mailed Check,No,1,0
CUST-01269,9,Month-to-Month,101.43,835.44,Yes,DSL,Bank Transfer,No,1,1
CUST-01270,52,Two Year,79.42,3781.74,No,DSL,Bank Transfer,No,2,0
CUST-01271,1,Month-to-Month,57.84,56.5,No,Fiber Optic,Mailed Check,No,0,0
CUST-01272,51,Month-to-Month,72.73,3407.81,Yes,No,Mailed Check,No,1,0
CUST-01273,36,One Year,79.5,2714.35,No,DSL,Electronic Check,No,1,0
CUST-01274,57,Month-to-Month,56.0,3182.55,No,DSL,Electronic Check,No,1,0
CUST-01275,69,Month-to-Month,103.33,6957.81,No,Fiber Optic,Mailed Check,No,2,1
CUST-01276,40,Month-to-Month,84.5,3226.95,No,Fiber Optic,Electronic Check,Yes,3,1
CUST-01277,42,Month-to-Month,47.69,1908.49,Yes,DSL,Credit Card,No,1,0
CUST-01278,36,Two Year,117.07,3863.59,No,No,Mailed Check,No,1,0
CUST-01279,27,One Year,72.43,1847.35,Yes,No,Credit Card,Yes,1,0
CUST-01280,7,Month-to-Month,42.65,273.02,Yes,Fiber Optic,Credit Card,No,1,1
CUST-01281,3,Month-to-Month,49.24,134.18,Yes,DSL,Mailed Check,Yes,0,1
CUST-01282,53,Month-to-Month,107.19,5174.96,No,Fiber Optic,Mailed Check,Yes,4,0
CUST-01283,66,One Year,115.62,7330.73,Yes,DSL,Credit Card,No,5,0
CUST-01284,4,Two Year,95.24,350.24,No,Fiber Optic,Electronic Check,Yes,0,0
CUST-01285,24,Two Year,102.98,2261.28,No,Fiber Optic,Mailed Check,No,0,0
CUST-01286,44,Month-to-Month,100.42,4359.77,No,DSL,Electronic Check,Yes,3,1
CUST-01287,51,Month-to-Month,83.92,3904.15,No,DSL,Bank Transfer,Yes,1,0
CUST-01288,53,Month-to-Month,78.23,4024.14,No,DSL,Credit Card,No,3,1
CUST-01289,50,One Year,83.5,3931.6,No,DSL,Bank Transfer,No,1,0
CUST-01290,7,Month-to-Month,88.4,592.75,No,DSL,Mailed Check,Yes,0,1
CUST-01291,19,One Year,51.46,882.25,No,Fiber Optic,Bank Transfer,Yes,1,0
CUST-01292,34,One Year,88.3,2701.99,No,Fiber Optic,Bank Transfer,Yes,1,0
CUST-01293,5,Month-to-Month,106.47,522.62,Yes,DSL,Bank Transfer,Yes,1,1
CUST-01294,25,Month-to-Month,64.84,1535.97,No,Fiber Optic,Credit Card,Yes,4,0
CUST-01295,28,Month-to-Month,62.17,1579.1,No,No,Electronic Check,Yes,3,1
CUST-01296,71,Month-to-Month,81.91,5433.79,No,Fiber Optic,Electronic Check,No,2,1
CUST-01297,23,Month-to-Month,53.76,1175.44,Yes,No,Electronic Check,Yes,1,1
CUST-01298,70,One Year,37.08,2371.21,Yes,Fiber Optic,Bank Transfer,No,2,0
CUST-01299,51,Month-to-Month,98.69,4804.85,No,DSL,Credit Card,Yes,0,0
CUST-01300,50,Month-to-Month,58.73,2798.12,No,DSL,Electronic Check,No,1,1
CUST-01301,60,One Year,70.46,4059.69,Yes,Fiber Optic,Mailed Check,Yes,1,0
CUST-01302,61,One Year,54.75,3276.38,No,No,Credit Card,Yes,3,0
CUST-01303,17,Month-to-Month,101.92,1630.9,No,Fiber Optic,Electronic Check,Yes,1,0
CUST-01304,31,Two Year,91.33,2799.68,Yes,Fiber Optic,Credit Card,Yes,2,0
CUST-01305,39,Two Year,63.98,2364.14,No,Fiber Optic,Credit Card,No,0,0
CUST-01306,71,One Year,40.5,2719.4,Yes,DSL,Credit Card,Yes,1,0
CUST-01307,3,One Year,61.33,177.65,No,DSL,Electronic Check,Yes,2,1
CUST-01308,35,Month-to-Month,84.25,2835.97,Yes,No,Bank Transfer,No,2,1
CUST-01309,16,Two Year,74.72,1077.34,Yes,DSL,Electronic Check,Yes,2,0
CUST-01310,15,Month-to-Month,72.73,1089.03,No,DSL,Electronic Check,No,0,0
CUST-01311,55,Two Year,75.29,4117.22,Yes,Fiber Optic,Electronic Check,Yes,2,0
CUST-01312,15,One Year,88.97,1238.63,No,Fiber Optic,Electronic Check,No,1,0
CUST-01313,58,Month-to-Month,68.95,3822.57,No,No,Credit Card,No,1,1
CUST-01314,72,Month-to-Month,81.25,5715.73,Yes,DSL,Bank Transfer,Yes,2,0
CUST-01315,56,One Year,45.33,2518.29,No,No,Electronic Check,Yes,3,0
CUST-01316,13,One Year,133.85,1668.0,Yes,DSL,Bank Transfer,No,4,0
CUST-01317,11,Month-to-Month,62.9,624.02,No,DSL,Bank Transfer,No,2,0
CUST-01318,32,One Year,75.09,2326.15,No,Fiber Optic,Electronic Check,No,1,0
CUST-01319,40,Two Year,84.16,3061.09,No,No,Electronic Check,Yes,5,0
CUST-01320,57,Month-to-Month,59.73,3292.66,Yes,Fiber Optic,Mailed Check,Yes,1,0
CUST-01321,31,Month-to-Month,70.2,2086.42,No,DSL,Credit Card,No,1,1
CUST-01322,13,Month-to-Month,69.89,875.92,No,Fiber Optic,Electronic Check,Yes,3,1
CUST-01323,72,One Year,47.15,3119.57,No,DSL,Credit Card,Yes,1,0
CUST-01324,66,Month-to-Month,80.96,5072.78,No,No,Bank Transfer,Yes,2,1
CUST-01325,48,Two Year,28.77,1328.2,Yes,No,Mailed Check,Yes,2,0
CUST-01326,51,Month-to-Month,113.82,5398.65,Yes,Fiber Optic,Electronic Check,No,2,0
CUST-01327,68,One Year,89.82,5607.92,No,Fiber Optic,Mailed Check,Yes,2,0
CUST-01328,35,Month-to-Month,85.98,2775.38,Yes,Fiber Optic,Mailed Check,Yes,1,0
CUST-01329,11,Month-to-Month,26.58,288.23,No,Fiber Optic,Electronic Check,No,1,0
CUST-01330,44,One Year,50.19,2090.11,Yes,DSL,Credit Card,Yes,1,0
CUST-01331,33,Month-to-Month,104.73,3338.95,Yes,Fiber Optic,Mailed Check,No,0,0
CUST-01332,58,Month-to-Month,150.0,8277.95,Yes,Fiber Optic,Electronic Check,No,0,1
CUST-01333,56,Two Year,99.87,5499.95,Yes,No,Electronic Check,No,1,0
CUST-01334,34,Two Year,95.92,3100.99,No,Fiber Optic,Electronic Check,Yes,1,0
CUST-01335,27,Two Year,83.12,2040.76,No,No,Credit Card,Yes,2,0
CUST-01336,31,Month-to-Month,48.81,1391.76,Yes,Fiber Optic,Electronic Check,Yes,3,0
CUST-01337,46,One Year,94.88,3933.82,Yes,No,Mailed Check,Yes,3,0
CUST-01338,46,Two Year,42.47,1920.71,Yes,No,Bank Transfer,Yes,1,0
CUST-01339,37,Month-to-Month,39.74,1420.87,No,DSL,Electronic Check,Yes,1,0
CUST-01340,39,Month-to-Month,38.16,1452.4,Yes,Fiber Optic,Mailed Check,Yes,1,1
CUST-01341,72,Two Year,94.39,6602.41,No,Fiber Optic,Bank Transfer,Yes,1,0
CUST-01342,19,Month-to-Month,68.56,1279.78,No,No,Credit Card,Yes,1,0
CUST-01343,13,One Year,72.52,941.53,Yes,DSL,Bank Transfer,Yes,0,0
CUST-01344,58,Two Year,69.61,3897.47,Yes,Fiber Optic,Electronic Check,No,4,0
CUST-01345,68,One Year,41.86,2633.64,Yes,No,Electronic Check,No,1,0
CUST-01346,44,Month-to-Month,53.23,2131.65,Yes,DSL,Mailed Check,No,0,0
CUST-01347,29,Month-to-Month,54.49,1515.38,Yes,DSL,Mailed Check,No,1,0
CUST-01348,26,Month-to-Month,34.87,885.84,No,Fiber Optic,Credit Card,Yes,1,1
CUST-01349,34,Month-to-Month,57.39,1865.71,Yes,Fiber Optic,Electronic Check,No,2,1
CUST-01350,4,One Year,42.97,159.91,Yes,Fiber Optic,Electronic Check,Yes,1,1
CUST-01351,39,Two Year,84.44,3200.86,No,DSL,Mailed Check,Yes,0,0
CUST-01352,20,Month-to-Month,86.52,1634.88,No,Fiber Optic,Electronic Check,No,1,0
CUST-01353,20,Month-to-Month,37.66,699.47,No,DSL,Mailed Check,No,2,0
CUST-01354,41,Two Year,62.58,2525.01,No,No,Electronic Check,Yes,3,1
CUST-01355,70,Month-to-Month,116.4,7802.95,Yes,DSL,Credit Card,Yes,3,1
CUST-01356,15,Month-to-Month,45.48,633.32,No,Fiber Optic,Electronic Check,No,3,1
CUST-01357,66,Month-to-Month,80.67,4966.75,No,Fiber Optic,Mailed Check,Yes,0,0
CUST-01358,38,One Year,72.64,2642.09,No,Fiber Optic,Bank Transfer,Yes,0,0
CUST-01359,71,Month-to-Month,97.32,6510.98,Yes,DSL,Electronic Check,Yes,1,0
CUST-01360,28,One Year,77.39,1985.01,Yes,Fiber Optic,Mailed Check,Yes,2,1
CUST-01361,72,Month-to-Month,59.22,4097.75,No,DSL,Mailed Check,Yes,0,0
CUST-01362,48,One Year,71.67,3333.21,Yes,DSL,Credit Card,Yes,0,0
CUST-01363,49,Month-to-Month,72.03,3176.56,No,Fiber Optic,Mailed Check,Yes,1,0
CUST-01364,41,Month-to-Month,67.71,2647.54,Yes,DSL,Mailed Check,No,0,0
CUST-01365,33,Month-to-Month,37.02,1170.0,No,No,Bank Transfer,No,0,1
CUST-01366,38,Month-to-Month,101.08,3584.48,Yes,Fiber Optic,Mailed Check,Yes,0,0
CUST-01367,62,Month-to-Month,96.66,5596.63,No,DSL,Bank Transfer,Yes,3,0
CUST-01368,58,Month-to-Month,43.9,2372.46,No,No,Electronic Check,No,2,0
CUST-01369,2,Month-to-Month,62.48,118.03,No,DSL,Mailed Check,No,1,1
CUST-01370,51,Month-to-Month,64.37,3221.13,Yes,No,Credit Card,No,2,0
CUST-01371,61,Two Year,41.09,2373.4,No,DSL,Bank Transfer,No,2,0
CUST-01372,54,Month-to-Month,23.33,1259.02,Yes,Fiber Optic,Mailed Check,No,1,1
CUST-01373,36,Two Year,53.24,1797.07,Yes,No,Credit Card,Yes,1,0
CUST-01374,25,Two Year,61.09,1481.32,Yes,DSL,Mailed Check,Yes,1,0
CUST-01375,49,Month-to-Month,33.97,1589.45,Yes,Fiber Optic,Mailed Check,Yes,2,0
CUST-01376,48,One Year,74.42,3487.25,No,DSL,Electronic Check,Yes,4,0
CUST-01377,27,Two Year,99.07,2645.03,Yes,Fiber Optic,Electronic Check,Yes,1,0
CUST-01378,30,One Year,91.05,2598.12,No,DSL,Electronic Check,Yes,1,0
CUST-01379,27,Month-to-Month,66.83,1713.19,No,DSL,Bank Transfer,Yes,1,0
CUST-01380,4,Month-to-Month,23.99,95.41,No,DSL,Mailed Check,Yes,0,0
CUST-01381,3,Month-to-Month,87.89,261.92,Yes,Fiber Optic,Credit Card,No,0,1
CUST-01382,6,Month-to-Month,73.66,441.83,No,No,Electronic Check,No,1,1
CUST-01383,31,Two Year,80.61,2288.12,No,No,Electronic Check,Yes,2,0
CUST-01384,37,Two Year,118.4,3944.28,Yes,Fiber Optic,Bank Transfer,Yes,0,0
CUST-01385,30,Month-to-Month,49.38,1398.04,Yes,No,Electronic Check,Yes,3,0
CUST-01386,69,One Year,15.0,1007.4,Yes,No,Mailed Check,Yes,1,0
CUST-01387,17,Month-to-Month,43.66,673.41,Yes,Fiber Optic,Electronic Check,Yes,1,1
CUST-01388,29,Two Year,82.15,2233.12,Yes,DSL,Electronic Check,No,0,0
CUST-01389,18,Month-to-Month,70.67,1218.82,Yes,Fiber Optic,Mailed Check,No,2,1
CUST-01390,22,Two Year,39.61,802.8,No,DSL,Bank Transfer,Yes,0,0
CUST-01391,43,Two Year,34.51,1444.03,No,No,Electronic Check,Yes,2,0
CUST-01392,23,Month-to-Month,61.13,1297.66,Yes,Fiber Optic,Electronic Check,Yes,1,0
CUST-01393,23,Month-to-Month,38.85,879.31,No,DSL,Electronic Check,No,1,0
CUST-01394,49,Two Year,83.02,3802.86,Yes,No,Electronic Check,Yes,2,0
CUST-01395,60,Month-to-Month,59.71,3438.81,Yes,DSL,Credit Card,No,2,0
CUST-01396,16,Month-to-Month,54.32,829.5,Yes,No,Bank Transfer,Yes,1,0
CUST-01397,9,Two Year,51.04,427.04,Yes,No,Electronic Check,Yes,0,0
CUST-01398,18,One Year,76.58,1301.12,No,Fiber Optic,Mailed Check,No,1,1
CUST-01399,42,Month-to-Month,71.07,2938.96,Yes,Fiber Optic,Electronic Check,Yes,0,0
CUST-01400,70,Month-to-Month,75.05,5016.22,No,DSL,Electronic Check,No,1,0
CUST-01401,12,Month-to-Month,74.5,809.57,No,Fiber Optic,Credit Card,Yes,0,0
CUST-01402,4,Two Year,68.2,264.97,Yes,No,Electronic Check,No,1,0
CUST-01403,39,Month-to-Month,44.17,1581.8,No,DSL,Credit Card,No,0,1
CUST-01404,72,Month-to-Month,51.74,3533.82,No,DSL,Credit Card,Yes,3,0
CUST-01405,40,Month-to-Month,60.13,2277.37,No,Fiber Optic,Bank Transfer,Yes,2,1
CUST-01406,67,Two Year,121.63,7730.74,Yes,Fiber Optic,Mailed Check,No,1,0
CUST-01407,47,Month-to-Month,36.28,1539.93,No,Fiber Optic,Electronic Check,Yes,2,0
CUST-01408,3,Two Year,59.53,165.6,Yes,DSL,Credit Card,Yes,1,0
CUST-01409,31,One Year,72.46,2033.03,Yes,DSL,Credit Card,Yes,1,0
CUST-01410,56,Two Year,62.42,3291.02,No,No,Mailed Check,No,0,0
CUST-01411,37,Two Year,96.85,3447.76,Yes,DSL,Electronic Check,Yes,1,1
CUST-01412,15,Two Year,62.29,902.03,Yes,DSL,Electronic Check,Yes,0,1
CUST-01413,14,Two Year,64.14,813.96,Yes,DSL,Electronic Check,No,0,0
CUST-01414,48,Month-to-Month,90.37,3955.56,No,Fiber Optic,Electronic Check,No,4,0
CUST-01415,34,One Year,115.27,3786.52,Yes,DSL,Mailed Check,Yes,1,0
CUST-01416,42,Month-to-Month,105.19,4210.86,Yes,DSL,Credit Card,Yes,0,0
CUST-01417,27,Month-to-Month,66.58,1767.71,No,Fiber Optic,Bank Transfer,Yes,3,0
CUST-01418,25,Two Year,68.76,1582.36,Yes,DSL,Bank Transfer,No,1,0
CUST-01419,48,Two Year,71.17,3115.65,Yes,No,Bank Transfer,Yes,2,0
CUST-01420,1,One Year,73.67,68.97,No,No,Bank Transfer,Yes,1,0
CUST-01421,32,Month-to-Month,48.82,1505.54,No,Fiber Optic,Mailed Check,Yes,1,0
CUST-01422,27,Month-to-Month,93.41,2392.43,No,Fiber Optic,Credit Card,Yes,1,1
CUST-01423,57,Month-to-Month,75.17,3898.47,Yes,DSL,Electronic Check,Yes,0,0
CUST-01424,53,Month-to-Month,68.88,3311.6,Yes,Fiber Optic,Credit Card,Yes,0,0
CUST-01425,31,Month-to-Month,38.22,1146.63,No,DSL,Electronic Check,Yes,0,0
CUST-01426,19,Month-to-Month,71.56,1264.05,Yes,Fiber Optic,Bank Transfer,Yes,0,1
CUST-01427,17,Month-to-Month,22.67,372.65,No,DSL,Mailed Check,No,0,1
CUST-01428,16,One Year,55.46,824.79,No,Fiber Optic,Mailed Check,No,1,0
CUST-01429,20,Month-to-Month,55.92,1041.77,No,DSL,Mailed Check,No,3,0
CUST-01430,55,Two Year,77.17,3908.97,Yes,Fiber Optic,Electronic Check,Yes,0,0
CUST-01431,4,One Year,117.0,467.24,No,DSL,Bank Transfer,No,0,0
CUST-01432,2,Month-to-Month,84.3,152.01,Yes,DSL,Mailed Check,Yes,0,0
CUST-01433,39,Month-to-Month,106.21,3780.68,No,Fiber Optic,Mailed Check,No,2,0
CUST-01434,17,Month-to-Month,86.13,1440.24,Yes,Fiber Optic,Credit Card,No,2,1
CUST-01435,60,Two Year,98.13,5380.37,No,No,Bank Transfer,Yes,1,0
CUST-01436,55,Month-to-Month,116.43,5943.03,Yes,DSL,Credit Card,Yes,2,0
CUST-01437,56,Month-to-Month,51.7,2681.76,Yes,DSL,Electronic Check,No,2,0
CUST-01438,33,Two Year,50.07,1602.24,Yes,Fiber Optic,Electronic Check,Yes,2,0
CUST-01439,32,Two Year,86.72,2611.65,Yes,DSL,Electronic Check,No,1,0
CUST-01440,31,Month-to-Month,69.91,2132.66,No,No,Credit Card,No,1,0
CUST-01441,15,Month-to-Month,75.51,1104.04,No,DSL,Credit Card,No,1,1
CUST-01442,41,Month-to-Month,63.78,2492.36,No,No,Credit Card,No,2,1
CUST-01443,63,Month-to-Month,55.09,3210.04,No,Fiber Optic,Bank Transfer,Yes,2,0
CUST-01444,19,Month-to-Month,110.52,2056.29,Yes,DSL,Electronic Check,No,2,1
CUST-01445,5,One Year,42.5,209.65,Yes,Fiber Optic,Mailed Check,No,3,0
CUST-01446,41,Two Year,87.16,3515.05,Yes,Fiber Optic,Bank Transfer,Yes,1,0
CUST-01447,29,Month-to-Month,83.11,2181.64,No,Fiber Optic,Electronic Check,Yes,1,1
CUST-01448,58,One Year,30.52,1716.69,No,Fiber Optic,Bank Transfer,Yes,3,0
CUST-01449,62,Month-to-Month,49.23,2961.89,Yes,Fiber Optic,Credit Card,No,2,0
CUST-01450,69,Two Year,53.43,3665.68,Yes,Fiber Optic,Electronic Check,No,1,0
CUST-01451,29,One Year,84.11,2259.54,Yes,Fiber Optic,Bank Transfer,Yes,0,0
CUST-01452,65,Two Year,60.82,3868.84,No,Fiber Optic,Mailed Check,No,0,0
CUST-01453,9,Two Year,67.86,591.75,Yes,No,Electronic Check,Yes,4,0
CUST-01454,27,Month-to-Month,33.56,895.13,Yes,Fiber Optic,Electronic Check,Yes,3,0
CUST-01455,20,Month-to-Month,128.15,2484.39,Yes,Fiber Optic,Mailed Check,Yes,0,0
CUST-01456,67,Month-to-Month,71.78,4738.3,Yes,DSL,Bank Transfer,Yes,3,0
CUST-01457,44,Month-to-Month,82.48,3396.7,No,DSL,Mailed Check,Yes,1,0
CUST-01458,27,Two Year,56.48,1396.5,No,DSL,Electronic Check,Yes,1,0
CUST-01459,11,Month-to-Month,53.68,552.89,Yes,Fiber Optic,Electronic Check,Yes,2,1
CUST-01460,57,One Year,117.82,6591.53,Yes,Fiber Optic,Bank Transfer,No,1,0
CUST-01461,48,Month-to-Month,22.08,967.81,Yes,DSL,Mailed Check,Yes,0,0
CUST-01462,62,Month-to-Month,76.97,4599.36,No,Fiber Optic,Bank Transfer,Yes,2,0
CUST-01463,32,Month-to-Month,39.71,1269.14,No,DSL,Electronic Check,Yes,1,0
CUST-01464,11,One Year,59.87,651.66,No,DSL,Bank Transfer,Yes,1,0
CUST-01465,25,One Year,54.05,1306.82,No,DSL,Electronic Check,No,4,0
CUST-01466,45,Month-to-Month,45.35,1998.43,No,Fiber Optic,Electronic Check,No,1,0
CUST-01467,18,Month-to-Month,70.89,1163.28,Yes,DSL,Mailed Check,Yes,0,0
CUST-01468,6,One Year,15.0,85.49,Yes,DSL,Bank Transfer,Yes,3,0
CUST-01469,60,Month-to-Month,62.11,3552.16,Yes,Fiber Optic,Credit Card,Yes,1,0
CUST-01470,39,Two Year,67.74,2584.45,No,Fiber Optic,Credit Card,Yes,0,0
CUST-01471,29,Month-to-Month,36.02,969.64,Yes,Fiber Optic,Mailed Check,Yes,1,0
CUST-01472,40,Month-to-Month,107.83,3927.81,No,DSL,Bank Transfer,Yes,1,0
CUST-01473,54,Month-to-Month,55.14,2887.67,No,Fiber Optic,Bank Transfer,No,1,1
CUST-01474,1,Month-to-Month,64.06,60.81,No,DSL,Mailed Check,No,1,1
CUST-01475,32,Month-to-Month,55.19,1738.23,No,DSL,Electronic Check,Yes,2,0
CUST-01476,19,Month-to-Month,67.96,1224.29,No,Fiber Optic,Bank Transfer,Yes,1,0
CUST-01477,7,Two Year,102.7,707.85,No,Fiber Optic,Credit Card,No,1,0
CUST-01478,3,Month-to-Month,131.83,376.03,No,No,Electronic Check,Yes,1,1
CUST-01479,32,Month-to-Month,88.64,2774.84,Yes,No,Electronic Check,No,1,1
CUST-01480,40,Month-to-Month,97.2,3779.43,No,DSL,Electronic Check,Yes,0,1
CUST-01481,37,Month-to-Month,112.91,3871.06,No,DSL,Mailed Check,Yes,0,1
CUST-01482,57,One Year,76.22,4044.51,No,No,Mailed Check,Yes,1,0
CUST-01483,33,Month-to-Month,109.26,3569.23,No,DSL,Mailed Check,No,1,1
CUST-01484,43,One Year,89.81,3564.86,Yes,Fiber Optic,Mailed Check,Yes,0,0
CUST-01485,59,Month-to-Month,73.6,4211.04,No,Fiber Optic,Credit Card,No,4,1
CUST-01486,48,Two Year,78.76,3457.29,Yes,Fiber Optic,Electronic Check,Yes,1,0
CUST-01487,66,Month-to-Month,24.46,1574.83,No,DSL,Bank Transfer,Yes,0,1
CUST-01488,16,Two Year,77.3,1140.74,No,DSL,Credit Card,No,3,0
CUST-01489,57,Month-to-Month,31.41,1717.69,No,DSL,Bank Transfer,Yes,2,1
CUST-01490,51,Month-to-Month,29.37,1432.6,Yes,DSL,Electronic Check,Yes,0,0
CUST-01491,42,Two Year,74.82,2892.15,No,DSL,Credit Card,No,1,0
CUST-01492,1,One Year,42.15,40.01,Yes,Fiber Optic,Mailed Check,No,2,0
CUST-01493,39,One Year,69.82,2690.1,Yes,Fiber Optic,Electronic Check,No,3,0
CUST-01494,62,Month-to-Month,73.46,4409.02,Yes,DSL,Electronic Check,No,1,0
CUST-01495,47,One Year,74.58,3502.69,No,DSL,Credit Card,No,0,0
CUST-01496,1,Two Year,47.4,46.38,Yes,No,Electronic Check,No,2,0
CUST-01497,21,One Year,92.47,1872.63,Yes,DSL,Mailed Check,No,2,0
CUST-01498,41,Month-to-Month,67.77,2657.2,No,DSL,Bank Transfer,Yes,1,1
CUST-01499,59,One Year,81.03,4750.86,No,Fiber Optic,Bank Transfer,No,0,0
CUST-01500,33,One Year,40.09,1260.4,No,DSL,Bank Transfer,Yes,0,0
CUST-01501,62,Two Year,65.54,3820.76,No,DSL,Electronic Check,Yes,0,0
CUST-01502,58,Month-to-Month,97.43,5557.41,Yes,DSL,Bank Transfer,No,0,0
CUST-01503,20,Month-to-Month,94.25,1873.74,No,No,Electronic Check,Yes,1,1
CUST-01504,15,Two Year,50.07,711.91,Yes,Fiber Optic,Electronic Check,No,2,0
CUST-01505,66,Month-to-Month,56.36,3398.83,No,Fiber Optic,Electronic Check,Yes,1,0
CUST-01506,43,One Year,45.28,1870.79,Yes,No,Mailed Check,No,1,0
CUST-01507,62,Month-to-Month,53.59,3236.49,No,Fiber Optic,Electronic Check,Yes,2,0
CUST-01508,67,Month-to-Month,35.02,2199.37,No,DSL,Mailed Check,Yes,1,0
CUST-01509,31,One Year,66.55,2011.04,No,Fiber Optic,Electronic Check,Yes,2,0
CUST-01510,4,Month-to-Month,85.83,327.22,Yes,Fiber Optic,Mailed Check,No,1,0
CUST-01511,66,Month-to-Month,50.37,3092.16,No,Fiber Optic,Electronic Check,No,2,0
CUST-01512,43,One Year,67.73,2804.49,Yes,Fiber Optic,Mailed Check,No,0,0
CUST-01513,9,One Year,64.49,544.94,No,DSL,Credit Card,No,2,0
CUST-01514,39,Two Year,96.38,3678.69,Yes,DSL,Electronic Check,Yes,0,0
CUST-01515,3,Month-to-Month,54.71,147.77,Yes,Fiber Optic,Bank Transfer,Yes,0,1
CUST-01516,21,Month-to-Month,55.62,1146.78,No,DSL,Mailed Check,Yes,1,0
CUST-01517,26,Two Year,48.85,1182.03,No,No,Electronic Check,Yes,1,0
CUST-01518,33,Month-to-Month,41.56,1365.94,No,Fiber Optic,Electronic Check,Yes,1,1
CUST-01519,41,Month-to-Month,83.23,3330.25,No,DSL,Electronic Check,Yes,0,0
CUST-01520,61,Month-to-Month,66.62,3755.39,Yes,Fiber Optic,Bank Transfer,Yes,1,0
CUST-01521,26,Month-to-Month,71.37,1851.69,No,Fiber Optic,Electronic Check,Yes,2,1
CUST-01522,53,Two Year,101.87,5128.93,Yes,Fiber Optic,Credit Card,No,1,0
CUST-01523,68,One Year,103.3,6689.28,No,Fiber Optic,Bank Transfer,No,1,0
CUST-01524,54,One Year,28.84,1543.27,Yes,Fiber Optic,Mailed Check,No,0,0
CUST-01525,19,Month-to-Month,86.2,1624.44,Yes,DSL,Credit Card,Yes,0,0
CUST-01526,49,Month-to-Month,75.64,3594.01,No,Fiber Optic,Electronic Check,Yes,1,0
CUST-01527,21,Month-to-Month,58.46,1225.01,No,Fiber Optic,Bank Transfer,Yes,2,0
CUST-01528,35,Month-to-Month,78.19,2552.99,No,No,Electronic Check,Yes,0,0
CUST-01529,46,Month-to-Month,26.84,1139.86,No,No,Mailed Check,Yes,0,0
CUST-01530,22,Month-to-Month,106.57,2116.95,Yes,No,Electronic Check,No,3,0
CUST-01531,1,Month-to-Month,82.87,77.45,Yes,DSL,Credit Card,Yes,1,1
CUST-01532,61,One Year,48.37,2833.32,Yes,No,Mailed Check,Yes,1,0
CUST-01533,53,One Year,55.36,2730.27,No,Fiber Optic,Bank Transfer,Yes,2,0
CUST-01534,9,Month-to-Month,27.42,236.41,Yes,Fiber Optic,Credit Card,Yes,1,0
CUST-01535,28,Month-to-Month,62.15,1574.6,No,No,Electronic Check,No,2,1
CUST-01536,19,One Year,57.93,1029.58,Yes,No,Credit Card,Yes,2,0
CUST-01537,71,One Year,36.87,2551.8,Yes,Fiber Optic,Mailed Check,Yes,2,0
CUST-01538,68,Two Year,89.42,5535.94,No,DSL,Credit Card,Yes,0,0
CUST-01539,50,Month-to-Month,101.92,4950.68,Yes,DSL,Mailed Check,Yes,1,1
CUST-01540,32,Two Year,69.32,2165.74,Yes,No,Credit Card,Yes,2,0
CUST-01541,4,Month-to-Month,62.36,238.68,No,No,Credit Card,Yes,0,0
CUST-01542,18,Month-to-Month,80.87,1439.08,No,DSL,Mailed Check,No,2,1
CUST-01543,7,Month-to-Month,69.51,484.36,Yes,DSL,Bank Transfer,Yes,1,0
CUST-01544,57,Month-to-Month,42.95,2211.82,Yes,Fiber Optic,Credit Card,Yes,0,0
CUST-01545,7,Month-to-Month,53.68,363.7,Yes,DSL,Bank Transfer,Yes,0,1
CUST-01546,49,Month-to-Month,62.59,2832.96,No,Fiber Optic,Credit Card,Yes,1,0
CUST-01547,69,One Year,76.2,4946.63,Yes,No,Bank Transfer,No,3,0
CUST-01548,23,Month-to-Month,70.23,1554.42,No,DSL,Electronic Check,Yes,0,1
CUST-01549,50,Month-to-Month,75.26,3654.73,No,Fiber Optic,Credit Card,No,0,1
CUST-01550,64,Month-to-Month,31.88,2007.71,No,Fiber Optic,Bank Transfer,Yes,1,0
CUST-01551,31,Month-to-Month,86.63,2606.41,No,DSL,Electronic Check,Yes,1,1
CUST-01552,33,Month-to-Month,70.09,2261.48,No,Fiber Optic,Electronic Check,Yes,1,1
CUST-01553,15,Month-to-Month,133.82,1926.82,No,Fiber Optic,Electronic Check,No,2,1
CUST-01554,31,Month-to-Month,60.31,1704.53,Yes,Fiber Optic,Bank Transfer,Yes,1,0
CUST-01555,63,One Year,78.09,4438.25,Yes,Fiber Optic,Credit Card,No,0,0
CUST-01556,48,Two Year,140.73,6437.41,No,No,Credit Card,Yes,2,0
CUST-01557,15,Month-to-Month,74.85,1090.81,Yes,DSL,Electronic Check,No,0,0
CUST-01558,38,One Year,68.31,2364.46,Yes,No,Electronic Check,Yes,0,0
CUST-01559,51,Two Year,45.33,2179.89,Yes,Fiber Optic,Electronic Check,No,2,0
CUST-01560,6,Two Year,108.21,600.97,Yes,Fiber Optic,Bank Transfer,Yes,3,0
CUST-01561,55,One Year,41.02,2158.43,Yes,DSL,Credit Card,No,1,0
CUST-01562,15,Two Year,80.68,1136.44,No,DSL,Credit Card,No,0,0
CUST-01563,22,Two Year,58.16,1177.35,No,Fiber Optic,Electronic Check,Yes,3,0
CUST-01564,30,One Year,65.27,1763.15,Yes,No,Bank Transfer,No,0,0
CUST-01565,37,Month-to-Month,34.4,1186.44,No,Fiber Optic,Bank Transfer,Yes,0,1
CUST-01566,66,Month-to-Month,103.58,6505.51,Yes,DSL,Credit Card,No,0,0
CUST-01567,17,Month-to-Month,63.06,1064.43,No,DSL,Credit Card,Yes,1,1
CUST-01568,19,Month-to-Month,39.62,694.63,No,Fiber Optic,Mailed Check,Yes,2,1
CUST-01569,28,Month-to-Month,101.32,2698.59,No,No,Credit Card,Yes,2,1
CUST-01570,62,Month-to-Month,57.4,3404.52,No,Fiber Optic,Electronic Check,No,1,0
CUST-01571,70,One Year,78.37,5293.47,No,DSL,Credit Card,No,4,0
CUST-01572,33,One Year,91.04,2802.6,Yes,DSL,Credit Card,Yes,2,0
CUST-01573,50,Two Year,81.85,3723.96,Yes,DSL,Credit Card,Yes,0,0
CUST-01574,67,Month-to-Month,15.08,1002.41,No,Fiber Optic,Electronic Check,No,2,0
CUST-01575,61,Month-to-Month,87.38,5305.0,No,DSL,Credit Card,Yes,1,1
CUST-01576,50,One Year,67.48,3184.46,No,DSL,Electronic Check,No,1,0
CUST-01577,39,Two Year,61.77,2307.99,No,No,Credit Card,Yes,0,0
CUST-01578,71,Two Year,67.27,4312.42,Yes,Fiber Optic,Credit Card,Yes,0,0
CUST-01579,18,Two Year,29.75,484.48,No,No,Electronic Check,Yes,3,0
CUST-01580,27,Two Year,74.8,1833.12,No,Fiber Optic,Bank Transfer,No,1,0
CUST-01581,52,Month-to-Month,35.89,1817.52,Yes,DSL,Bank Transfer,Yes,0,0
CUST-01582,2,Month-to-Month,62.85,115.99,No,DSL,Credit Card,No,1,1
CUST-01583,37,Month-to-Month,73.91,2511.64,No,Fiber Optic,Electronic Check,Yes,0,0
CUST-01584,62,One Year,96.85,5409.24,No,Fiber Optic,Credit Card,Yes,0,0
CUST-01585,13,Two Year,49.51,580.74,No,Fiber Optic,Credit Card,Yes,2,1
CUST-01586,58,Month-to-Month,106.29,5798.25,Yes,No,Bank Transfer,No,0,0
CUST-01587,30,One Year,93.67,2681.31,No,Fiber Optic,Mailed Check,Yes,2,0
CUST-01588,62,Month-to-Month,59.26,3519.46,Yes,Fiber Optic,Bank Transfer,Yes,0,0
CUST-01589,46,Month-to-Month,42.28,1839.45,No,DSL,Electronic Check,No,1,0
CUST-01590,12,Month-to-Month,33.9,384.81,Yes,DSL,Bank Transfer,Yes,2,0
CUST-01591,53,Month-to-Month,76.79,3969.4,No,Fiber Optic,Electronic Check,No,2,0
CUST-01592,5,Two Year,51.57,239.53,No,DSL,Electronic Check,No,1,0
CUST-01593,18,Month-to-Month,99.98,1662.46,Yes,No,Electronic Check,Yes,0,0
CUST-01594,64,Two Year,53.01,3343.22,Yes,Fiber Optic,Bank Transfer,No,3,0
CUST-01595,64,One Year,47.48,2944.3,No,DSL,Bank Transfer,Yes,0,0
CUST-01596,4,Month-to-Month,75.84,287.49,Yes,Fiber Optic,Bank Transfer,Yes,0,0
CUST-01597,28,Month-to-Month,52.85,1372.57,No,Fiber Optic,Electronic Check,No,1,1
CUST-01598,7,Two Year,70.21,449.04,Yes,DSL,Mailed Check,Yes,0,0
CUST-01599,20,Month-to-Month,94.65,1710.78,Yes,Fiber Optic,Mailed Check,No,2,1
CUST-01600,70,Two Year,72.93,5029.73,Yes,Fiber Optic,Bank Transfer,Yes,2,0
CUST-01601,15,Month-to-Month,73.02,1050.76,Yes,Fiber Optic,Electronic Check,Yes,0,0
CUST-01602,47,One Year,75.13,3194.18,Yes,DSL,Bank Transfer,Yes,0,0
CUST-01603,58,Two Year,27.67,1469.83,No,Fiber Optic,Mailed Check,Yes,1,0
CUST-01604,64,Month-to-Month,79.8,4739.26,No,Fiber Optic,Credit Card,No,1,1
CUST-01605,26,Month-to-Month,74.0,1782.21,No,DSL,Mailed Check,No,1,0
CUST-01606,51,Two Year,92.32,4495.69,Yes,DSL,Electronic Check,Yes,1,0
CUST-01607,35,Month-to-Month,85.15,2801.27,Yes,Fiber Optic,Electronic Check,No,2,0
CUST-01608,8,Month-to-Month,64.95,513.48,Yes,DSL,Electronic Check,Yes,0,1
CUST-01609,17,Month-to-Month,95.81,1583.07,No,No,Electronic Check,Yes,2,1
CUST-01610,54,Month-to-Month,62.68,3354.51,Yes,DSL,Credit Card,No,1,0
CUST-01611,50,One Year,76.18,3756.75,Yes,Fiber Optic,Bank Transfer,Yes,2,0
CUST-01612,38,One Year,62.22,2345.77,No,No,Electronic Check,Yes,1,0
CUST-01613,57,Month-to-Month,81.54,4638.49,Yes,DSL,Credit Card,No,2,0
CUST-01614,50,Two Year,60.59,2820.98,No,Fiber Optic,Electronic Check,Yes,2,0
CUST-01615,25,Month-to-Month,111.19,2560.06,No,DSL,Credit Card,Yes,0,0
CUST-01616,22,Month-to-Month,120.43,2428.27,No,Fiber Optic,Electronic Check,No,2,1
CUST-01617,69,One Year,91.85,6101.95,Yes,No,Mailed Check,Yes,2,0
CUST-01618,70,Two Year,108.53,7354.73,No,No,Bank Transfer,No,0,0
CUST-01619,3,Month-to-Month,31.52,85.93,Yes,Fiber Optic,Electronic Check,No,2,0
CUST-01620,57,Month-to-Month,34.47,1929.63,Yes,No,Electronic Check,Yes,1,0
CUST-01621,10,Month-to-Month,61.96,606.16,Yes,No,Credit Card,Yes,0,1
CUST-01622,63,Two Year,71.03,4308.64,Yes,DSL,Bank Transfer,No,2,0
CUST-01623,43,Month-to-Month,65.04,2638.88,No,No,Credit Card,Yes,3,0
CUST-01624,50,Month-to-Month,28.95,1324.99,No,DSL,Bank Transfer,Yes,4,0
CUST-01625,51,One Year,98.79,4789.19,No,No,Electronic Check,Yes,1,0
CUST-01626,44,Month-to-Month,123.85,4991.2,Yes,No,Bank Transfer,Yes,0,1
CUST-01627,19,Month-to-Month,102.02,1861.81,Yes,Fiber Optic,Credit Card,Yes,1,0
CUST-01628,59,Month-to-Month,97.14,5335.78,Yes,Fiber Optic,Electronic Check,No,1,0
CUST-01629,40,Month-to-Month,75.65,2798.23,No,No,Electronic Check,Yes,1,1
CUST-01630,40,Month-to-Month,48.93,1847.8,Yes,DSL,Bank Transfer,Yes,1,0
CUST-01631,23,Two Year,71.81,1582.38,Yes,Fiber Optic,Credit Card,No,1,0
CUST-01632,1,One Year,122.64,114.88,Yes,Fiber Optic,Mailed Check,Yes,0,0
CUST-01633,40,One Year,61.2,2439.09,No,Fiber Optic,Bank Transfer,Yes,0,0
CUST-01634,25,Two Year,58.63,1320.04,Yes,DSL,Electronic Check,No,1,0
CUST-01635,48,Month-to-Month,97.68,4647.78,Yes,DSL,Mailed Check,Yes,0,0
CUST-01636,27,Month-to-Month,99.34,2414.15,No,No,Bank Transfer,Yes,0,0
CUST-01637,71,Two Year,48.8,3193.41,No,No,Electronic Check,No,1,0
CUST-01638,50,Month-to-Month,63.46,3171.84,No,No,Electronic Check,Yes,0,1
CUST-01639,33,One Year,57.45,1844.3,No,Fiber Optic,Bank Transfer,Yes,1,0
CUST-01640,51,One Year,71.74,3528.67,No,Fiber Optic,Electronic Check,No,1,0
CUST-01641,47,Month-to-Month,97.59,4461.1,No,Fiber Optic,Credit Card,Yes,3,1
CUST-01642,45,Month-to-Month,49.9,2112.63,No,Fiber Optic,Credit Card,No,1,0
CUST-01643,42,Month-to-Month,97.24,3995.95,No,No,Bank Transfer,Yes,1,0
CUST-01644,68,Month-to-Month,72.54,4515.84,Yes,DSL,Credit Card,No,1,1
CUST-01645,23,Month-to-Month,128.15,2886.7,No,No,Credit Card,Yes,1,1
CUST-01646,32,Month-to-Month,77.97,2479.95,No,No,Bank Transfer,Yes,0,1
CUST-01647,19,One Year,67.58,1265.75,No,Fiber Optic,Credit Card,Yes,1,0
CUST-01648,42,Two Year,84.37,3451.29,No,No,Electronic Check,Yes,1,0
CUST-01649,72,Two Year,61.57,4278.49,No,No,Credit Card,Yes,1,0
CUST-01650,44,Month-to-Month,25.12,1052.35,No,DSL,Electronic Check,No,0,0
CUST-01651,15,Month-to-Month,63.99,901.8,Yes,DSL,Electronic Check,No,2,0
CUST-01652,67,Month-to-Month,63.59,4203.29,No,Fiber Optic,Bank Transfer,Yes,0,0
CUST-01653,57,Month-to-Month,30.19,1660.16,No,Fiber Optic,Electronic Check,No,2,0
CUST-01654,32,Two Year,68.17,2058.17,No,DSL,Electronic Check,Yes,1,1
CUST-01655,11,Month-to-Month,18.32,197.18,Yes,Fiber Optic,Bank Transfer,Yes,0,1
CUST-01656,29,Month-to-Month,61.31,1609.81,Yes,Fiber Optic,Electronic Check,Yes,3,0
CUST-01657,58,Two Year,76.09,4330.75,Yes,Fiber Optic,Credit Card,No,1,0
CUST-01658,42,Month-to-Month,72.42,2984.06,Yes,DSL,Credit Card,Yes,2,1
CUST-01659,14,Month-to-Month,59.72,771.58,Yes,DSL,Bank Transfer,Yes,0,0
CUST-01660,12,Month-to-Month,67.86,735.96,Yes,No,Electronic Check,Yes,3,1
CUST-01661,70,One Year,50.4,3427.0,Yes,DSL,Bank Transfer,Yes,1,0
CUST-01662,33,One Year,70.27,2133.37,No,Fiber Optic,Electronic Check,Yes,0,1
CUST-01663,50,Month-to-Month,71.45,3571.08,Yes,Fiber Optic,Bank Transfer,Yes,2,1
CUST-01664,26,Two Year,47.49,1112.4,Yes,No,Electronic Check,Yes,1,0
CUST-01665,7,Two Year,76.69,495.48,No,No,Mailed Check,Yes,3,0
CUST-01666,30,Two Year,76.54,2076.24,Yes,No,Electronic Check,Yes,0,0
CUST-01667,50,Month-to-Month,65.84,3220.45,No,Fiber Optic,Credit Card,Yes,1,0
CUST-01668,25,Month-to-Month,130.53,3125.77,No,DSL,Electronic Check,No,0,1
CUST-01669,44,Two Year,66.48,2880.79,Yes,DSL,Mailed Check,Yes,2,0
CUST-01670,32,Month-to-Month,63.02,2009.1,No,Fiber Optic,Electronic Check,Yes,2,1
CUST-01671,25,One Year,59.44,1428.06,Yes,DSL,Mailed Check,Yes,0,0
CUST-01672,19,One Year,45.73,802.12,Yes,DSL,Credit Card,No,0,1
CUST-01673,19,Month-to-Month,87.15,1505.61,No,DSL,Electronic Check,No,2,0
CUST-01674,19,One Year,52.84,990.53,Yes,Fiber Optic,Electronic Check,Yes,2,0
CUST-01675,52,Two Year,55.8,2682.56,No,Fiber Optic,Electronic Check,Yes,0,0
CUST-01676,25,One Year,56.54,1398.45,No,No,Bank Transfer,No,0,0
CUST-01677,54,Month-to-Month,45.38,2420.69,Yes,Fiber Optic,Bank Transfer,Yes,0,0
CUST-01678,23,Two Year,26.22,580.61,Yes,DSL,Credit Card,No,0,0
CUST-01679,24,Month-to-Month,58.43,1346.79,No,Fiber Optic,Credit Card,Yes,0,1
CUST-01680,67,One Year,91.83,6122.36,Yes,Fiber Optic,Electronic Check,No,0,0
CUST-01681,64,Two Year,74.92,4677.89,No,No,Credit Card,No,1,0
CUST-01682,29,One Year,109.01,3061.17,No,Fiber Optic,Credit Card,Yes,0,1
CUST-01683,20,Month-to-Month,88.77,1675.22,No,DSL,Bank Transfer,Yes,0,1
CUST-01684,52,Month-to-Month,83.1,4098.23,Yes,Fiber Optic,Electronic Check,Yes,0,1
CUST-01685,6,Month-to-Month,117.07,659.5,Yes,Fiber Optic,Bank Transfer,No,2,1
CUST-01686,33,Month-to-Month,67.57,2217.84,No,Fiber Optic,Bank Transfer,Yes,1,1
CUST-01687,44,Month-to-Month,71.58,3035.54,No,DSL,Mailed Check,Yes,1,0
CUST-01688,49,One Year,69.71,3340.77,No,Fiber Optic,Electronic Check,Yes,1,0
CUST-01689,8,Month-to-Month,108.59,785.08,No,DSL,Bank Transfer,No,2,1
CUST-01690,1,One Year,70.06,69.03,Yes,Fiber Optic,Bank Transfer,Yes,2,0
CUST-01691,20,Two Year,53.79,1013.15,Yes,DSL,Electronic Check,Yes,1,0
CUST-01692,9,Month-to-Month,84.69,742.18,No,DSL,Credit Card,Yes,1,0
CUST-01693,37,One Year,49.59,1658.69,No,Fiber Optic,Electronic Check,Yes,2,0
CUST-01694,67,One Year,83.34,5524.52,No,Fiber Optic,Electronic Check,Yes,3,1
CUST-01695,21,Month-to-Month,80.35,1629.95,No,DSL,Mailed Check,No,2,1
CUST-01696,33,Month-to-Month,65.26,2036.75,No,No,Bank Transfer,No,1,0
CUST-01697,16,One Year,84.15,1252.63,No,Fiber Optic,Electronic Check,No,4,0
CUST-01698,4,Two Year,32.81,122.2,No,No,Bank Transfer,Yes,3,0
CUST-01699,51,One Year,74.07,3514.42,No,DSL,Mailed Check,Yes,0,1
CUST-01700,19,Two Year,58.43,1013.7,No,Fiber Optic,Electronic Check,Yes,1,0
CUST-01701,40,Two Year,141.56,5358.79,No,Fiber Optic,Electronic Check,Yes,2,0
CUST-01702,50,Month-to-Month,73.9,3493.06,No,Fiber Optic,Mailed Check,No,0,0
CUST-01703,61,One Year,55.09,3162.87,No,DSL,Mailed Check,No,3,0
CUST-01704,14,Month-to-Month,35.54,482.79,No,DSL,Electronic Check,No,0,0
CUST-01705,42,Two Year,102.64,4060.77,No,No,Mailed Check,No,0,0
CUST-01706,66,Month-to-Month,61.25,3674.23,No,No,Mailed Check,Yes,2,0
CUST-01707,35,Month-to-Month,50.22,1731.7,No,DSL,Credit Card,Yes,0,0
CUST-01708,3,Two Year,78.41,221.71,Yes,DSL,Bank Transfer,No,0,0
CUST-01709,19,Month-to-Month,86.24,1582.08,No,DSL,Electronic Check,Yes,1,1
CUST-01710,58,One Year,85.85,4944.39,No,Fiber Optic,Mailed Check,No,0,0
CUST-01711,58,Month-to-Month,70.49,3993.33,No,DSL,Electronic Check,Yes,1,0
CUST-01712,23,Two Year,73.98,1623.06,No,Fiber Optic,Mailed Check,Yes,1,0
CUST-01713,15,Two Year,75.8,1085.27,No,DSL,Electronic Check,Yes,1,1
CUST-01714,22,Month-to-Month,78.41,1699.06,No,Fiber Optic,Credit Card,Yes,1,1
CUST-01715,18,One Year,80.62,1425.57,No,No,Mailed Check,Yes,2,0
CUST-01716,54,Month-to-Month,97.36,4825.62,No,DSL,Credit Card,Yes,0,0
CUST-01717,61,One Year,71.41,4193.31,No,No,Bank Transfer,Yes,0,1
CUST-01718,4,One Year,49.58,195.66,No,No,Mailed Check,Yes,2,1
CUST-01719,54,Two Year,66.39,3514.54,Yes,Fiber Optic,Electronic Check,Yes,0,0
CUST-01720,55,Month-to-Month,88.84,4458.52,Yes,DSL,Electronic Check,No,1,0
CUST-01721,45,Month-to-Month,25.34,1075.95,No,Fiber Optic,Credit Card,Yes,1,0
CUST-01722,63,One Year,25.48,1527.9,No,DSL,Credit Card,No,2,0
CUST-01723,3,One Year,92.96,258.18,Yes,No,Electronic Check,Yes,0,0
CUST-01724,51,Month-to-Month,108.0,5331.47,No,Fiber Optic,Mailed Check,No,1,0
CUST-01725,10,Month-to-Month,38.37,363.6,No,Fiber Optic,Electronic Check,Yes,0,1
CUST-01726,65,Month-to-Month,72.51,4382.06,Yes,Fiber Optic,Mailed Check,No,0,0
CUST-01727,36,Two Year,60.01,2017.1,No,DSL,Credit Card,Yes,1,0
CUST-01728,7,Month-to-Month,63.48,437.99,Yes,Fiber Optic,Electronic Check,Yes,2,1
CUST-01729,54,Month-to-Month,77.64,4136.46,Yes,No,Electronic Check,No,2,0
CUST-01730,54,Two Year,37.68,1996.54,No,Fiber Optic,Bank Transfer,Yes,1,0
CUST-01731,34,Month-to-Month,42.32,1426.49,No,DSL,Electronic Check,Yes,1,0
CUST-01732,23,One Year,62.47,1429.96,Yes,No,Electronic Check,Yes,0,0
CUST-01733,2,Month-to-Month,66.37,125.99,No,DSL,Mailed Check,No,0,1
CUST-01734,66,Two Year,41.85,2512.6,No,No,Bank Transfer,No,0,0
CUST-01735,14,One Year,89.74,1231.24,No,DSL,Credit Card,No,0,0
CUST-01736,61,Two Year,59.56,3499.98,Yes,Fiber Optic,Credit Card,Yes,3,0
CUST-01737,43,Month-to-Month,59.45,2397.99,Yes,Fiber Optic,Bank Transfer,Yes,4,1
CUST-01738,50,Month-to-Month,77.07,3844.07,No,DSL,Credit Card,Yes,2,0
CUST-01739,50,One Year,66.78,3118.19,No,DSL,Bank Transfer,No,0,0
CUST-01740,62,Month-to-Month,90.94,5586.2,No,DSL,Mailed Check,Yes,0,1
CUST-01741,3,Month-to-Month,46.66,134.28,Yes,Fiber Optic,Electronic Check,Yes,3,1
CUST-01742,72,Month-to-Month,35.07,2281.79,No,Fiber Optic,Electronic Check,No,1,0
CUST-01743,4,Two Year,62.26,245.56,No,DSL,Mailed Check,Yes,2,0
CUST-01744,72,One Year,71.51,5026.29,Yes,Fiber Optic,Credit Card,Yes,0,0
CUST-01745,19,One Year,38.98,714.14,Yes,No,Bank Transfer,Yes,1,0
CUST-01746,61,One Year,35.31,2070.9,No,DSL,Credit Card,Yes,2,0
CUST-01747,7,Month-to-Month,74.56,481.15,No,Fiber Optic,Electronic Check,Yes,2,1
CUST-01748,34,Month-to-Month,51.06,1599.67,Yes,No,Electronic Check,Yes,1,0
CUST-01749,40,Month-to-Month,33.69,1216.77,Yes,Fiber Optic,Credit Card,Yes,1,0
CUST-01750,69,One Year,94.13,5945.58,No,No,Electronic Check,Yes,0,0
CUST-01751,9,Month-to-Month,54.21,455.52,No,Fiber Optic,Mailed Check,Yes,0,0
CUST-01752,3,Two Year,98.75,282.64,Yes,Fiber Optic,Electronic Check,Yes,1,0
CUST-01753,47,Two Year,70.71,3034.51,Yes,Fiber Optic,Credit Card,No,2,0
CUST-01754,4,Month-to-Month,77.37,295.79,Yes,DSL,Electronic Check,Yes,1,1
CUST-01755,56,One Year,64.71,3356.8,No,Fiber Optic,Credit Card,Yes,0,1
CUST-01756,3,Month-to-Month,15.0,41.64,No,Fiber Optic,Electronic Check,No,0,1
CUST-01757,70,Two Year,41.58,2895.45,No,DSL,Electronic Check,No,2,0
CUST-01758,39,Two Year,66.86,2605.54,No,Fiber Optic,Credit Card,Yes,1,0
CUST-01759,69,Two Year,79.12,5356.34,No,Fiber Optic,Mailed Check,Yes,2,0
CUST-01760,10,Month-to-Month,25.26,228.71,No,DSL,Electronic Check,No,0,1
CUST-01761,20,Month-to-Month,68.66,1335.94,Yes,Fiber Optic,Bank Transfer,No,3,1
CUST-01762,33,Month-to-Month,41.94,1270.31,Yes,DSL,Electronic Check,Yes,0,0
CUST-01763,3,Month-to-Month,75.87,217.81,Yes,DSL,Electronic Check,Yes,1,1
CUST-01764,8,Month-to-Month,69.51,550.17,Yes,Fiber Optic,Electronic Check,Yes,0,1
CUST-01765,24,Month-to-Month,88.59,1994.38,No,DSL,Mailed Check,Yes,2,1
CUST-01766,54,Two Year,96.67,5183.03,No,Fiber Optic,Electronic Check,Yes,0,0
CUST-01767,52,Month-to-Month,81.47,4112.89,Yes,DSL,Credit Card,Yes,0,0
CUST-01768,7,Month-to-Month,91.51,595.79,No,No,Bank Transfer,No,3,1
CUST-01769,5,Two Year,61.24,278.49,No,No,Electronic Check,No,1,1
CUST-01770,48,One Year,140.58,6623.24,No,DSL,Mailed Check,Yes,1,0
CUST-01771,26,One Year,39.53,972.08,Yes,DSL,Bank Transfer,Yes,0,0
CUST-01772,58,One Year,56.81,2989.43,No,DSL,Bank Transfer,Yes,0,0
CUST-01773,22,Two Year,92.53,1853.09,No,DSL,Mailed Check,Yes,1,0
CUST-01774,27,One Year,88.82,2390.22,No,Fiber Optic,Bank Transfer,No,2,0
CUST-01775,16,Month-to-Month,82.18,1215.34,No,Fiber Optic,Electronic Check,No,0,1
CUST-01776,20,One Year,86.88,1731.79,No,Fiber Optic,Mailed Check,Yes,2,0
CUST-01777,51,Month-to-Month,17.91,884.29,Yes,No,Electronic Check,Yes,0,0
CUST-01778,34,Month-to-Month,109.73,3469.85,No,No,Credit Card,No,1,1
CUST-01779,48,Month-to-Month,64.9,2923.22,Yes,Fiber Optic,Mailed Check,Yes,1,0
CUST-01780,6,Month-to-Month,101.15,593.37,No,Fiber Optic,Bank Transfer,Yes,2,1
CUST-01781,39,One Year,19.16,705.05,Yes,Fiber Optic,Mailed Check,No,0,0
CUST-01782,34,Month-to-Month,76.41,2357.57,Yes,Fiber Optic,Electronic Check,Yes,0,0
CUST-01783,66,Month-to-Month,55.91,3405.86,No,DSL,Electronic Check,Yes,1,0
CUST-01784,31,Month-to-Month,84.3,2576.8,No,DSL,Electronic Check,No,2,1
CUST-01785,8,Two Year,77.93,604.5,No,DSL,Bank Transfer,Yes,0,0
CUST-01786,51,Month-to-Month,79.15,3835.23,No,DSL,Bank Transfer,Yes,0,0
CUST-01787,11,One Year,43.53,442.7,No,Fiber Optic,Electronic Check,Yes,1,0
CUST-01788,66,Two Year,68.58,4288.47,No,Fiber Optic,Mailed Check,Yes,0,0
CUST-01789,28,Month-to-Month,65.5,1795.27,No,Fiber Optic,Mailed Check,No,1,0
CUST-01790,57,One Year,82.38,4264.38,No,No,Bank Transfer,No,1,0
CUST-01791,48,Month-to-Month,94.73,4544.66,No,DSL,Electronic Check,No,2,0
CUST-01792,34,Month-to-Month,73.76,2472.67,Yes,No,Credit Card,Yes,1,1
CUST-01793,43,One Year,38.1,1526.56,Yes,DSL,Mailed Check,No,0,0
CUST-01794,14,Two Year,72.69,1004.49,Yes,DSL,Mailed Check,Yes,1,0
CUST-01795,6,Month-to-Month,135.28,785.85,No,DSL,Bank Transfer,Yes,2,1
CUST-01796,56,One Year,111.15,6016.73,No,DSL,Credit Card,Yes,2,0
CUST-01797,70,Month-to-Month,15.0,959.67,Yes,DSL,Mailed Check,No,1,0
CUST-01798,63,One Year,71.58,4467.1,Yes,Fiber Optic,Electronic Check,Yes,0,0
CUST-01799,22,One Year,93.3,1939.78,Yes,DSL,Electronic Check,No,1,0
CUST-01800,26,One Year,65.44,1667.96,No,DSL,Electronic Check,No,2,0
CUST-01801,26,One Year,58.5,1414.46,Yes,DSL,Bank Transfer,Yes,1,0
CUST-01802,51,Month-to-Month,63.33,3006.33,No,Fiber Optic,Bank Transfer,No,3,0
CUST-01803,45,One Year,83.8,3757.68,No,Fiber Optic,Electronic Check,Yes,6,0
CUST-01804,58,One Year,41.29,2274.28,No,DSL,Electronic Check,Yes,0,0
CUST-01805,69,One Year,99.72,6233.82,No,DSL,Bank Transfer,Yes,1,0
CUST-01806,29,Month-to-Month,68.6,1956.72,No,Fiber Optic,Bank Transfer,No,2,1
CUST-01807,48,Month-to-Month,46.62,2064.83,No,Fiber Optic,Credit Card,Yes,2,1
CUST-01808,37,Month-to-Month,98.11,3586.06,No,Fiber Optic,Bank Transfer,No,1,1
CUST-01809,69,Month-to-Month,31.37,2146.44,No,Fiber Optic,Electronic Check,Yes,3,0
CUST-01810,26,Month-to-Month,56.12,1323.83,No,DSL,Bank Transfer,No,1,0
CUST-01811,14,Month-to-Month,55.71,747.37,Yes,Fiber Optic,Mailed Check,Yes,0,0
CUST-01812,28,One Year,123.6,3454.41,Yes,Fiber Optic,Bank Transfer,Yes,0,0
CUST-01813,45,Month-to-Month,52.87,2362.71,No,Fiber Optic,Mailed Check,Yes,3,0
CUST-01814,69,Two Year,16.13,1060.13,No,DSL,Credit Card,Yes,1,0
CUST-01815,60,Month-to-Month,55.45,3220.7,No,Fiber Optic,Electronic Check,Yes,0,1
CUST-01816,2,One Year,81.39,156.34,Yes,Fiber Optic,Electronic Check,Yes,1,0
CUST-01817,37,Month-to-Month,89.6,3051.06,No,Fiber Optic,Electronic Check,Yes,1,0
CUST-01818,12,Month-to-Month,126.91,1470.07,No,Fiber Optic,Credit Card,Yes,0,1
CUST-01819,27,One Year,105.17,2650.23,No,Fiber Optic,Bank Transfer,Yes,1,0
CUST-01820,68,Two Year,74.7,4743.32,No,DSL,Electronic Check,No,3,0
CUST-01821,71,Month-to-Month,47.71,3190.94,Yes,DSL,Electronic Check,Yes,0,0
CUST-01822,12,Month-to-Month,110.6,1307.58,Yes,DSL,Electronic Check,Yes,2,1
CUST-01823,11,One Year,60.79,617.76,No,Fiber Optic,Bank Transfer,Yes,1,0
CUST-01824,51,One Year,53.55,2526.44,Yes,Fiber Optic,Mailed Check,No,2,0
CUST-01825,30,Month-to-Month,59.57,1609.7,No,Fiber Optic,Bank Transfer,Yes,0,0
CUST-01826,32,Month-to-Month,38.69,1133.46,Yes,Fiber Optic,Bank Transfer,Yes,1,0
CUST-01827,63,Month-to-Month,58.37,3669.47,No,Fiber Optic,Credit Card,No,1,0
CUST-01828,67,Two Year,64.17,4055.99,Yes,Fiber Optic,Mailed Check,No,0,0
CUST-01829,65,Month-to-Month,88.27,5275.77,No,DSL,Credit Card,Yes,2,0
CUST-01830,57,Month-to-Month,60.3,3425.3,No,DSL,Mailed Check,No,1,0
CUST-01831,71,Two Year,38.31,2455.39,No,DSL,Bank Transfer,No,0,0
CUST-01832,52,Month-to-Month,29.91,1475.09,No,Fiber Optic,Bank Transfer,No,1,0
CUST-01833,64,Month-to-Month,75.24,4721.27,Yes,DSL,Credit Card,Yes,0,0
CUST-01834,39,Month-to-Month,71.82,2737.35,Yes,DSL,Mailed Check,No,1,0
CUST-01835,4,Month-to-Month,56.14,206.35,Yes,DSL,Bank Transfer,Yes,2,1
CUST-01836,59,Month-to-Month,58.31,3339.76,No,Fiber Optic,Bank Transfer,No,2,0
CUST-01837,67,Month-to-Month,79.71,5138.85,No,No,Credit Card,Yes,1,0
CUST-01838,23,One Year,104.76,2331.24,Yes,No,Electronic Check,No,0,0
CUST-01839,31,One Year,50.5,1450.61,No,DSL,Bank Transfer,No,1,0
CUST-01840,42,Month-to-Month,72.22,2975.83,Yes,Fiber Optic,Electronic Check,Yes,0,0
CUST-01841,47,One Year,93.96,4221.47,Yes,DSL,Credit Card,Yes,1,0
CUST-01842,49,Month-to-Month,50.6,2411.24,Yes,Fiber Optic,Credit Card,Yes,2,0
CUST-01843,29,Two Year,69.61,2006.49,No,Fiber Optic,Bank Transfer,Yes,2,0
CUST-01844,62,Month-to-Month,69.05,4219.24,Yes,DSL,Mailed Check,Yes,0,0
CUST-01845,59,One Year,37.22,2148.18,No,Fiber Optic,Bank Transfer,No,4,0
CUST-01846,68,Month-to-Month,74.21,4687.82,No,Fiber Optic,Bank Transfer,No,1,0
CUST-01847,42,One Year,70.79,2691.94,No,No,Electronic Check,No,1,1
CUST-01848,6,Month-to-Month,83.88,481.87,Yes,DSL,Credit Card,Yes,1,1
CUST-01849,61,One Year,40.33,2222.61,No,No,Mailed Check,Yes,0,0
CUST-01850,6,Month-to-Month,70.25,409.45,No,DSL,Electronic Check,No,1,1
CUST-01851,14,Two Year,104.54,1425.04,No,DSL,Bank Transfer,Yes,2,0
CUST-01852,21,Month-to-Month,121.94,2448.81,Yes,Fiber Optic,Electronic Check,No,1,1
CUST-01853,14,One Year,102.0,1309.21,Yes,Fiber Optic,Bank Transfer,Yes,6,0
CUST-01854,53,Two Year,40.57,2123.49,Yes,No,Mailed Check,No,3,0
CUST-01855,32,Two Year,81.28,2495.86,Yes,Fiber Optic,Bank Transfer,Yes,2,0
CUST-01856,16,Month-to-Month,57.92,881.76,No,Fiber Optic,Electronic Check,No,1,1
CUST-01857,1,Month-to-Month,77.1,73.77,Yes,DSL,Bank Transfer,Yes,0,1
CUST-01858,16,Month-to-Month,50.69,736.66,No,No,Bank Transfer,Yes,1,0
CUST-01859,50,Month-to-Month,27.16,1322.75,No,Fiber Optic,Bank Transfer,Yes,0,0
CUST-01860,58,One Year,61.39,3226.2,No,Fiber Optic,Mailed Check,Yes,1,0
CUST-01861,22,Two Year,88.07,1855.85,No,Fiber Optic,Bank Transfer,No,4,0
CUST-01862,6,Two Year,77.2,424.72,Yes,DSL,Mailed Check,Yes,0,0
CUST-01863,41,Month-to-Month,80.07,3022.77,Yes,No,Electronic Check,Yes,2,0
CUST-01864,57,One Year,75.41,3968.79,No,Fiber Optic,Electronic Check,Yes,2,1
CUST-01865,6,Two Year,80.11,433.28,No,No,Mailed Check,Yes,0,0
CUST-01866,58,Two Year,83.24,4775.7,No,Fiber Optic,Credit Card,Yes,2,0
CUST-01867,13,Month-to-Month,63.13,804.62,No,Fiber Optic,Electronic Check,No,1,0
CUST-01868,19,Month-to-Month,72.07,1236.68,No,Fiber Optic,Bank Transfer,No,0,1
CUST-01869,45,Two Year,113.58,4629.12,No,Fiber Optic,Bank Transfer,Yes,1,0
CUST-01870,4,Month-to-Month,73.55,287.81,Yes,DSL,Mailed Check,No,1,0
CUST-01871,23,Month-to-Month,71.06,1472.05,Yes,Fiber Optic,Electronic Check,No,1,0
CUST-01872,10,Two Year,72.57,687.17,Yes,Fiber Optic,Mailed Check,No,1,0
CUST-01873,16,Two Year,64.55,940.6,No,No,Mailed Check,No,0,0
CUST-01874,56,Two Year,59.12,3175.52,Yes,No,Electronic Check,No,1,0
CUST-01875,17,One Year,75.22,1278.53,Yes,DSL,Credit Card,Yes,3,0
CUST-01876,4,Month-to-Month,57.36,210.44,No,DSL,Credit Card,Yes,3,1
CUST-01877,16,Month-to-Month,66.36,1057.16,Yes,DSL,Electronic Check,No,0,1
CUST-01878,7,Month-to-Month,50.24,346.95,Yes,Fiber Optic,Electronic Check,Yes,2,1
CUST-01879,45,One Year,72.7,3266.87,Yes,No,Bank Transfer,Yes,1,0
CUST-01880,71,Month-to-Month,84.6,5866.16,Yes,Fiber Optic,Credit Card,Yes,1,0
CUST-01881,13,One Year,64.7,829.07,Yes,No,Credit Card,Yes,1,0
CUST-01882,53,Month-to-Month,19.79,1006.35,Yes,Fiber Optic,Credit Card,Yes,1,0
CUST-01883,27,One Year,84.76,2258.15,Yes,Fiber Optic,Mailed Check,No,0,0
CUST-01884,6,Month-to-Month,73.0,399.08,No,No,Credit Card,No,2,0
CUST-01885,50,Month-to-Month,45.17,2200.15,Yes,DSL,Mailed Check,No,3,0
CUST-01886,16,Month-to-Month,89.33,1376.21,No,Fiber Optic,Electronic Check,No,3,1
CUST-01887,37,Month-to-Month,35.04,1174.59,No,DSL,Bank Transfer,Yes,0,1
CUST-01888,37,Two Year,96.14,3305.19,No,DSL,Bank Transfer,Yes,1,0
CUST-01889,44,Month-to-Month,68.57,2780.57,No,Fiber Optic,Credit Card,Yes,1,0
CUST-01890,10,Month-to-Month,15.0,141.08,No,DSL,Bank Transfer,No,0,1
CUST-01891,19,One Year,74.46,1301.33,Yes,Fiber Optic,Credit Card,No,1,1
CUST-01892,54,One Year,59.85,2997.53,Yes,DSL,Electronic Check,Yes,3,0
CUST-01893,68,Month-to-Month,56.08,3544.99,Yes,Fiber Optic,Electronic Check,Yes,1,0
CUST-01894,1,Month-to-Month,51.56,49.5,No,DSL,Bank Transfer,No,3,0
CUST-01895,30,Month-to-Month,66.82,1831.18,No,No,Mailed Check,Yes,1,1
CUST-01896,64,One Year,57.87,3422.61,Yes,Fiber Optic,Electronic Check,Yes,1,0
CUST-01897,21,Month-to-Month,23.58,461.37,Yes,Fiber Optic,Mailed Check,No,2,0
CUST-01898,33,Month-to-Month,101.8,3174.32,No,Fiber Optic,Credit Card,Yes,3,0
CUST-01899,66,Month-to-Month,63.89,3811.13,No,DSL,Credit Card,No,0,0
CUST-01900,70,One Year,51.7,3618.71,Yes,Fiber Optic,Bank Transfer,No,2,0
CUST-01901,48,Month-to-Month,41.79,1865.58,No,DSL,Bank Transfer,No,4,0
CUST-01902,50,Two Year,89.27,4145.41,No,Fiber Optic,Credit Card,No,1,0
CUST-01903,45,Month-to-Month,37.54,1614.1,No,Fiber Optic,Electronic Check,No,1,0
CUST-01904,21,One Year,73.35,1517.87,No,Fiber Optic,Bank Transfer,No,1,0
CUST-01905,64,Month-to-Month,55.41,3353.61,No,No,Bank Transfer,Yes,2,1
CUST-01906,3,Month-to-Month,56.86,157.77,Yes,DSL,Credit Card,Yes,0,1
CUST-01907,5,Month-to-Month,42.41,202.84,No,Fiber Optic,Electronic Check,No,0,1
CUST-01908,44,Two Year,54.49,2273.59,No,Fiber Optic,Credit Card,Yes,3,0
CUST-01909,61,Two Year,70.22,4036.3,No,Fiber Optic,Bank Transfer,Yes,3,0
CUST-01910,59,Month-to-Month,75.88,4469.7,No,No,Electronic Check,Yes,1,1
CUST-01911,49,Month-to-Month,50.36,2466.64,No,Fiber Optic,Mailed Check,No,0,0
CUST-01912,28,Two Year,67.73,1813.37,Yes,DSL,Electronic Check,No,1,0
CUST-01913,26,Month-to-Month,92.21,2174.02,Yes,Fiber Optic,Bank Transfer,Yes,2,1
CUST-01914,31,Month-to-Month,28.43,843.16,No,Fiber Optic,Mailed Check,No,0,0
CUST-01915,19,Month-to-Month,69.84,1320.65,Yes,No,Credit Card,Yes,1,0
CUST-01916,31,One Year,46.23,1422.48,No,Fiber Optic,Bank Transfer,Yes,0,0
CUST-01917,8,One Year,43.68,322.03,No,No,Credit Card,No,1,0
CUST-01918,24,One Year,76.53,1687.97,Yes,DSL,Mailed Check,Yes,1,1
CUST-01919,68,Two Year,56.37,3508.21,Yes,Fiber Optic,Credit Card,No,2,0
CUST-01920,51,Month-to-Month,39.58,1982.2,No,DSL,Credit Card,No,2,0
CUST-01921,11,Month-to-Month,103.11,1076.37,Yes,Fiber Optic,Bank Transfer,Yes,3,0
CUST-01922,21,Month-to-Month,93.0,1823.72,Yes,No,Electronic Check,Yes,2,1
CUST-01923,19,Month-to-Month,21.69,384.28,Yes,Fiber Optic,Credit Card,Yes,2,1
CUST-01924,21,Month-to-Month,33.14,645.51,Yes,Fiber Optic,Credit Card,No,3,0
CUST-01925,50,Month-to-Month,84.84,4192.21,No,DSL,Credit Card,Yes,1,0
CUST-01926,65,Month-to-Month,62.88,3845.92,No,DSL,Electronic Check,Yes,2,1
CUST-01927,52,One Year,107.51,5167.89,No,Fiber Optic,Credit Card,Yes,0,0
CUST-01928,36,Month-to-Month,85.41,2985.72,No,Fiber Optic,Electronic Check,No,0,0
CUST-01929,12,Month-to-Month,77.49,895.98,Yes,DSL,Mailed Check,No,0,0
CUST-01930,11,One Year,44.45,475.03,No,Fiber Optic,Bank Transfer,Yes,0,0
CUST-01931,59,One Year,82.29,4768.67,No,Fiber Optic,Mailed Check,Yes,1,0
CUST-01932,49,One Year,38.11,1699.56,No,DSL,Electronic Check,No,1,0
CUST-01933,37,Two Year,102.63,3418.33,Yes,DSL,Mailed Check,Yes,2,0
CUST-01934,42,One Year,80.55,3061.9,Yes,Fiber Optic,Electronic Check,Yes,2,0
CUST-01935,62,Month-to-Month,49.38,2971.79,Yes,Fiber Optic,Bank Transfer,Yes,1,0
CUST-01936,59,Month-to-Month,90.12,5282.25,Yes,No,Electronic Check,Yes,1,0
CUST-01937,7,One Year,126.04,823.26,Yes,Fiber Optic,Mailed Check,Yes,0,1
CUST-01938,29,Month-to-Month,64.56,1831.27,No,DSL,Bank Transfer,Yes,2,1
CUST-01939,4,Month-to-Month,83.76,325.97,Yes,No,Credit Card,No,1,1
CUST-01940,28,Month-to-Month,59.2,1653.96,Yes,DSL,Mailed Check,No,3,0
CUST-01941,46,Month-to-Month,72.13,3142.39,No,Fiber Optic,Mailed Check,Yes,2,1
CUST-01942,16,Month-to-Month,32.32,474.0,No,Fiber Optic,Credit Card,Yes,0,1
CUST-01943,11,Month-to-Month,69.99,751.82,Yes,No,Credit Card,No,0,1
CUST-01944,36,Two Year,71.09,2512.87,Yes,Fiber Optic,Bank Transfer,Yes,0,0
CUST-01945,38,Two Year,114.97,4240.98,No,DSL,Mailed Check,Yes,2,0
CUST-01946,52,Month-to-Month,25.12,1288.37,No,Fiber Optic,Electronic Check,Yes,4,0
CUST-01947,2,Two Year,62.98,118.04,No,DSL,Bank Transfer,Yes,1,1
CUST-01948,18,Month-to-Month,102.2,1782.63,Yes,DSL,Credit Card,Yes,2,1
CUST-01949,57,Two Year,63.96,3377.34,No,Fiber Optic,Credit Card,Yes,1,0
CUST-01950,50,Two Year,65.72,3104.1,No,Fiber Optic,Electronic Check,Yes,1,0
CUST-01951,65,Month-to-Month,49.17,2953.95,Yes,Fiber Optic,Electronic Check,No,3,0
CUST-01952,59,One Year,46.68,2521.27,Yes,DSL,Credit Card,Yes,0,0
CUST-01953,61,Two Year,24.35,1342.16,No,Fiber Optic,Credit Card,Yes,1,0
CUST-01954,37,Two Year,54.27,1942.01,No,No,Bank Transfer,No,2,0
CUST-01955,70,Two Year,45.27,3129.38,Yes,Fiber Optic,Electronic Check,No,1,0
CUST-01956,30,One Year,72.95,2038.46,No,Fiber Optic,Bank Transfer,Yes,0,1
CUST-01957,66,Month-to-Month,50.31,3130.94,No,Fiber Optic,Mailed Check,No,3,0
CUST-01958,29,Two Year,58.01,1514.66,Yes,Fiber Optic,Mailed Check,Yes,1,0
CUST-01959,32,One Year,58.69,1767.81,Yes,Fiber Optic,Electronic Check,Yes,1,0
CUST-01960,50,One Year,68.8,3192.77,Yes,No,Electronic Check,No,2,0
CUST-01961,29,Month-to-Month,56.79,1576.78,No,DSL,Mailed Check,No,1,1
CUST-01962,11,One Year,43.46,473.69,Yes,DSL,Electronic Check,Yes,3,0
CUST-01963,65,Month-to-Month,72.14,4457.53,No,Fiber Optic,Mailed Check,Yes,4,1
CUST-01964,33,One Year,96.69,3087.24,No,DSL,Electronic Check,Yes,3,0
CUST-01965,67,Month-to-Month,73.21,4760.61,No,DSL,Mailed Check,Yes,1,0
CUST-01966,29,One Year,54.75,1453.18,No,DSL,Credit Card,Yes,0,0
CUST-01967,71,Two Year,66.92,4440.85,No,Fiber Optic,Bank Transfer,No,0,0
CUST-01968,44,Month-to-Month,18.73,751.03,No,Fiber Optic,Electronic Check,Yes,2,1
CUST-01969,56,Month-to-Month,66.51,3516.26,Yes,No,Bank Transfer,No,0,0
CUST-01970,55,Month-to-Month,59.99,3262.26,Yes,DSL,Electronic Check,Yes,0,0
CUST-01971,15,Two Year,46.66,663.57,Yes,Fiber Optic,Mailed Check,No,2,0
CUST-01972,59,One Year,51.2,2856.51,No,DSL,Electronic Check,No,0,0
CUST-01973,69,Month-to-Month,59.74,3796.14,Yes,DSL,Credit Card,No,3,0
CUST-01974,48,Month-to-Month,94.81,4236.97,Yes,Fiber Optic,Electronic Check,Yes,1,1
CUST-01975,69,Month-to-Month,97.3,6671.13,Yes,DSL,Credit Card,Yes,1,0
CUST-01976,61,Month-to-Month,46.8,2655.82,No,Fiber Optic,Bank Transfer,Yes,4,0
CUST-01977,48,Two Year,57.05,2664.84,Yes,Fiber Optic,Mailed Check,Yes,1,0
CUST-01978,35,One Year,57.69,1825.74,Yes,Fiber Optic,Credit Card,No,0,0
CUST-01979,62,Month-to-Month,90.24,5107.18,No,Fiber Optic,Mailed Check,Yes,1,0
CUST-01980,14,Two Year,73.64,959.98,No,No,Bank Transfer,Yes,0,0
CUST-01981,41,Month-to-Month,72.32,2935.89,No,DSL,Credit Card,Yes,0,1
CUST-01982,59,Two Year,83.41,4536.99,No,No,Electronic Check,No,0,0
CUST-01983,68,Month-to-Month,55.09,3643.76,No,DSL,Electronic Check,Yes,1,0
CUST-01984,20,One Year,104.1,1908.68,Yes,Fiber Optic,Credit Card,No,0,1
CUST-01985,7,Two Year,69.96,470.76,Yes,No,Electronic Check,No,1,0
CUST-01986,25,Month-to-Month,48.6,1164.8,No,DSL,Credit Card,Yes,0,0
CUST-01987,63,One Year,64.26,3895.33,Yes,No,Electronic Check,No,1,0
CUST-01988,38,Two Year,100.8,3557.02,No,Fiber Optic,Mailed Check,Yes,2,0
CUST-01989,4,Month-to-Month,59.37,217.58,No,No,Mailed Check,Yes,3,1
CUST-01990,9,Month-to-Month,93.74,834.08,Yes,DSL,Mailed Check,Yes,0,0
CUST-01991,25,One Year,54.37,1300.73,No,Fiber Optic,Credit Card,No,1,0
CUST-01992,25,Month-to-Month,50.86,1171.31,Yes,DSL,Electronic Check,Yes,1,0
CUST-01993,10,Month-to-Month,86.49,814.16,Yes,DSL,Bank Transfer,Yes,0,1
CUST-01994,36,Month-to-Month,48.15,1571.69,Yes,Fiber Optic,Electronic Check,Yes,2,0
CUST-01995,35,One Year,90.56,3003.32,No,Fiber Optic,Electronic Check,Yes,1,1
CUST-01996,15,Month-to-Month,78.79,1113.76,No,Fiber Optic,Electronic Check,Yes,0,1
CUST-01997,17,Month-to-Month,48.16,747.71,Yes,Fiber Optic,Bank Transfer,Yes,3,0
CUST-01998,48,Two Year,68.21,3092.16,No,Fiber Optic,Bank Transfer,Yes,4,0
CUST-01999,69,Month-to-Month,56.28,3743.34,Yes,Fiber Optic,Electronic Check,Yes,0,0
CUST-02000,72,Two Year,78.72,5627.31,Yes,DSL,Credit Card,No,1,0
CUST-02001,41,Month-to-Month,117.19,4662.18,No,Fiber Optic,Mailed Check,No,1,0
CUST-02002,3,Two Year,60.73,173.12,No,Fiber Optic,Credit Card,Yes,0,0
CUST-02003,65,One Year,83.34,5292.53,No,DSL,Electronic Check,No,2,0
CUST-02004,69,Month-to-Month,70.61,4521.27,No,Fiber Optic,Bank Transfer,Yes,3,0
CUST-02005,21,Two Year,70.6,1433.49,Yes,DSL,Electronic Check,Yes,2,0
CUST-02006,29,Month-to-Month,65.87,1720.17,No,Fiber Optic,Mailed Check,No,3,1
CUST-02007,2,Month-to-Month,48.56,88.11,Yes,DSL,Credit Card,No,1,1
CUST-02008,58,Month-to-Month,78.38,4375.23,No,Fiber Optic,Bank Transfer,Yes,2,0
CUST-02009,56,One Year,62.78,3231.81,Yes,Fiber Optic,Mailed Check,Yes,0,0
CUST-02010,2,Month-to-Month,47.38,91.81,Yes,No,Bank Transfer,Yes,1,0
CUST-02011,51,Month-to-Month,95.35,4686.21,No,Fiber Optic,Mailed Check,Yes,2,0
CUST-02012,30,Month-to-Month,72.48,1970.8,Yes,No,Electronic Check,No,2,1
CUST-02013,40,Month-to-Month,64.3,2415.75,No,Fiber Optic,Bank Transfer,No,0,0
CUST-02014,16,Month-to-Month,103.5,1591.91,No,DSL,Credit Card,Yes,0,1
CUST-02015,59,Month-to-Month,24.1,1381.16,No,Fiber Optic,Electronic Check,No,1,0
CUST-02016,30,Month-to-Month,101.82,2998.42,No,Fiber Optic,Bank Transfer,Yes,2,1
CUST-02017,61,Month-to-Month,48.0,2731.95,No,DSL,Credit Card,Yes,1,1
CUST-02018,11,One Year,75.29,814.67,No,Fiber Optic,Bank Transfer,No,3,0
CUST-02019,43,Month-to-Month,55.3,2224.35,Yes,DSL,Mailed Check,Yes,3,0
CUST-02020,23,One Year,46.92,972.0,No,No,Electronic Check,No,1,0
CUST-02021,70,Month-to-Month,102.85,6918.72,No,Fiber Optic,Electronic Check,Yes,2,0
CUST-02022,41,Month-to-Month,116.41,4410.87,No,DSL,Mailed Check,Yes,2,1
CUST-02023,52,Month-to-Month,64.47,3058.89,No,Fiber Optic,Bank Transfer,Yes,1,0
CUST-02024,7,Month-to-Month,78.39,508.03,Yes,No,Electronic Check,Yes,3,1
CUST-02025,49,Month-to-Month,71.42,3439.36,No,No,Mailed Check,Yes,1,1
CUST-02026,8,Two Year,113.26,898.29,Yes,No,Bank Transfer,No,0,0
CUST-02027,27,Month-to-Month,17.17,461.81,No,No,Electronic Check,No,4,0
CUST-02028,17,Month-to-Month,79.43,1256.17,No,DSL,Bank Transfer,No,1,1
CUST-02029,1,One Year,51.82,49.0,No,Fiber Optic,Bank Transfer,Yes,1,0
CUST-02030,43,Month-to-Month,15.0,632.26,Yes,Fiber Optic,Bank Transfer,Yes,3,1
CUST-02031,18,Month-to-Month,60.99,1022.94,Yes,No,Mailed Check,Yes,1,0
CUST-02032,37,Month-to-Month,116.2,4035.05,Yes,DSL,Mailed Check,Yes,1,1
CUST-02033,56,Month-to-Month,53.6,2772.66,Yes,Fiber Optic,Mailed Check,Yes,1,0
CUST-02034,13,Month-to-Month,89.77,1117.1,Yes,DSL,Bank Transfer,No,0,0
CUST-02035,52,One Year,99.97,5021.31,No,No,Bank Transfer,Yes,0,0
CUST-02036,22,Two Year,69.68,1428.48,Yes,DSL,Bank Transfer,No,0,0
CUST-02037,24,Month-to-Month,73.01,1581.26,No,No,Electronic Check,No,2,1
CUST-02038,42,One Year,27.09,1107.73,Yes,No,Credit Card,Yes,1,0
CUST-02039,46,One Year,52.1,2304.71,Yes,DSL,Electronic Check,Yes,1,0
CUST-02040,48,Month-to-Month,92.68,4101.2,No,Fiber Optic,Electronic Check,Yes,1,0
CUST-02041,15,One Year,71.52,999.28,Yes,DSL,Electronic Check,Yes,2,0
CUST-02042,42,One Year,79.18,3311.3,No,Fiber Optic,Credit Card,No,2,0
CUST-02043,19,Two Year,73.33,1341.75,No,DSL,Bank Transfer,Yes,5,0
CUST-02044,20,Two Year,124.8,2395.03,No,Fiber Optic,Credit Card,Yes,0,0
CUST-02045,69,Month-to-Month,59.24,3940.28,No,DSL,Bank Transfer,No,1,0
CUST-02046,8,Month-to-Month,110.14,877.11,No,Fiber Optic,Credit Card,Yes,0,0
CUST-02047,30,Month-to-Month,73.34,2054.96,No,Fiber Optic,Bank Transfer,Yes,0,1
CUST-02048,32,Month-to-Month,112.35,3336.67,Yes,Fiber Optic,Bank Transfer,No,1,1
CUST-02049,18,Month-to-Month,39.38,664.66,No,DSL,Electronic Check,Yes,2,1
CUST-02050,57,Two Year,74.62,4168.68,No,DSL,Bank Transfer,Yes,0,0
CUST-02051,36,Month-to-Month,60.16,1975.38,Yes,DSL,Bank Transfer,Yes,2,0
CUST-02052,52,Month-to-Month,73.49,3518.37,No,No,Electronic Check,Yes,1,0
CUST-02053,28,Two Year,100.56,2598.38,No,Fiber Optic,Electronic Check,Yes,0,0
CUST-02054,65,Month-to-Month,79.47,4977.72,Yes,Fiber Optic,Electronic Check,Yes,4,1
CUST-02055,53,Month-to-Month,100.51,5136.1,Yes,No,Electronic Check,Yes,3,1
CUST-02056,24,Two Year,53.24,1197.5,No,DSL,Bank Transfer,Yes,3,0
CUST-02057,70,Month-to-Month,49.43,3209.66,Yes,Fiber Optic,Mailed Check,Yes,1,0
CUST-02058,63,Month-to-Month,70.4,4326.38,Yes,No,Credit Card,Yes,0,0
CUST-02059,43,Month-to-Month,69.03,2680.88,No,Fiber Optic,Mailed Check,Yes,1,0
CUST-02060,2,Two Year,65.35,127.29,No,DSL,Bank Transfer,Yes,2,0
CUST-02061,43,Month-to-Month,46.03,1822.98,No,Fiber Optic,Bank Transfer,Yes,2,0
CUST-02062,50,Month-to-Month,99.97,4949.9,Yes,No,Bank Transfer,No,0,1
CUST-02063,27,Month-to-Month,60.93,1548.66,Yes,Fiber Optic,Electronic Check,Yes,2,1
CUST-02064,11,Month-to-Month,105.65,1120.58,No,Fiber Optic,Mailed Check,Yes,2,1
CUST-02065,41,Two Year,70.32,2629.68,Yes,Fiber Optic,Electronic Check,No,1,0
CUST-02066,58,Month-to-Month,86.21,4627.11,No,Fiber Optic,Bank Transfer,No,2,0
CUST-02067,23,Two Year,83.94,1872.82,No,DSL,Electronic Check,No,3,1
CUST-02068,33,Month-to-Month,49.39,1556.58,Yes,No,Mailed Check,Yes,1,0
CUST-02069,1,Month-to-Month,79.18,77.36,No,DSL,Credit Card,Yes,1,0
CUST-02070,51,Two Year,118.21,5765.5,No,No,Bank Transfer,No,2,1
CUST-02071,63,Month-to-Month,76.29,4599.28,No,Fiber Optic,Electronic Check,No,0,0
CUST-02072,56,Month-to-Month,92.53,5108.23,No,Fiber Optic,Mailed Check,No,1,1
CUST-02073,31,Two Year,87.33,2551.48,Yes,No,Bank Transfer,Yes,1,0
CUST-02074,4,Month-to-Month,77.68,307.46,No,Fiber Optic,Credit Card,Yes,0,0
CUST-02075,36,Month-to-Month,74.66,2519.03,No,DSL,Credit Card,Yes,0,1
CUST-02076,68,Two Year,83.68,5308.19,No,Fiber Optic,Electronic Check,Yes,1,0
CUST-02077,7,Month-to-Month,89.08,609.81,Yes,DSL,Credit Card,No,0,1
CUST-02078,16,Month-to-Month,36.2,521.95,No,DSL,Electronic Check,No,1,0
CUST-02079,61,Month-to-Month,76.18,4262.3,No,Fiber Optic,Electronic Check,Yes,1,0
CUST-02080,41,Month-to-Month,65.4,2432.5,Yes,No,Electronic Check,Yes,0,0
CUST-02081,13,Month-to-Month,60.21,744.54,Yes,No,Electronic Check,Yes,0,1
CUST-02082,2,One Year,102.4,197.18,Yes,Fiber Optic,Mailed Check,Yes,0,0
CUST-02083,30,Month-to-Month,51.67,1396.7,No,Fiber Optic,Electronic Check,No,0,1
CUST-02084,43,One Year,35.13,1383.92,Yes,DSL,Electronic Check,Yes,1,0
CUST-02085,61,Month-to-Month,89.89,5100.85,No,DSL,Electronic Check,Yes,1,0
CUST-02086,64,Month-to-Month,34.49,2051.57,Yes,Fiber Optic,Credit Card,Yes,0,1
CUST-02087,33,Month-to-Month,21.8,654.45,Yes,Fiber Optic,Bank Transfer,Yes,1,0
CUST-02088,31,One Year,92.71,2636.29,Yes,Fiber Optic,Bank Transfer,No,0,0
CUST-02089,68,Month-to-Month,73.97,4953.03,Yes,DSL,Credit Card,Yes,2,0
CUST-02090,56,Month-to-Month,81.82,4444.73,Yes,Fiber Optic,Bank Transfer,No,0,0
CUST-02091,16,Two Year,58.94,876.66,Yes,DSL,Electronic Check,Yes,0,0
CUST-02092,50,One Year,35.39,1639.16,No,Fiber Optic,Credit Card,Yes,2,0
CUST-02093,52,Month-to-Month,40.36,1905.68,No,DSL,Mailed Check,Yes,0,0
CUST-02094,17,Two Year,63.2,1004.45,No,Fiber Optic,Mailed Check,Yes,0,0
CUST-02095,71,Month-to-Month,38.19,2548.28,Yes,Fiber Optic,Credit Card,Yes,0,0
CUST-02096,22,Month-to-Month,77.68,1692.59,Yes,DSL,Electronic Check,Yes,0,1
CUST-02097,40,Month-to-Month,58.44,2277.55,Yes,Fiber Optic,Electronic Check,Yes,1,1
CUST-02098,36,Month-to-Month,74.63,2546.75,No,Fiber Optic,Credit Card,Yes,1,1
CUST-02099,50,Month-to-Month,73.88,3374.42,No,DSL,Mailed Check,Yes,2,0
CUST-02100,65,One Year,79.67,5000.49,No,Fiber Optic,Mailed Check,No,0,0
CUST-02101,29,Month-to-Month,82.49,2376.9,No,No,Credit Card,No,1,0
CUST-02102,28,Two Year,61.4,1560.7,Yes,DSL,Credit Card,Yes,1,0
CUST-02103,55,Two Year,74.6,4040.88,Yes,DSL,Credit Card,Yes,1,0
CUST-02104,69,One Year,75.9,4807.72,No,Fiber Optic,Electronic Check,No,2,0
CUST-02105,66,One Year,15.0,960.43,Yes,Fiber Optic,Credit Card,Yes,2,0
CUST-02106,55,One Year,86.16,4352.05,Yes,No,Bank Transfer,Yes,1,0
CUST-02107,51,Two Year,73.75,3610.81,Yes,DSL,Bank Transfer,Yes,3,1
CUST-02108,56,Month-to-Month,84.1,4350.55,No,No,Electronic Check,Yes,0,1
CUST-02109,68,Month-to-Month,37.83,2454.54,No,Fiber Optic,Bank Transfer,Yes,1,0
CUST-02110,1,Month-to-Month,62.11,59.63,Yes,DSL,Electronic Check,No,1,1
CUST-02111,43,Month-to-Month,42.71,1766.47,Yes,Fiber Optic,Credit Card,No,1,1
CUST-02112,3,Month-to-Month,88.62,257.43,No,Fiber Optic,Bank Transfer,No,2,1
CUST-02113,42,One Year,34.87,1328.2,Yes,DSL,Bank Transfer,No,2,0
CUST-02114,29,Month-to-Month,46.78,1316.38,Yes,DSL,Electronic Check,Yes,0,0
CUST-02115,22,Two Year,83.36,1678.88,No,DSL,Mailed Check,No,1,0
CUST-02116,65,Month-to-Month,54.27,3413.62,Yes,Fiber Optic,Mailed Check,No,0,1
CUST-02117,52,Month-to-Month,46.79,2219.95,Yes,DSL,Credit Card,Yes,2,0
CUST-02118,41,Month-to-Month,92.67,3601.68,No,DSL,Bank Transfer,No,0,1
CUST-02119,64,Month-to-Month,93.69,5628.46,No,DSL,Electronic Check,No,1,1
CUST-02120,8,Month-to-Month,88.05,702.1,No,Fiber Optic,Mailed Check,Yes,2,1
CUST-02121,47,Month-to-Month,91.22,4129.06,Yes,No,Electronic Check,Yes,2,0
CUST-02122,12,Month-to-Month,64.21,700.26,Yes,DSL,Mailed Check,No,1,1
CUST-02123,17,Month-to-Month,64.89,1070.13,No,No,Mailed Check,Yes,0,1
CUST-02124,14,Month-to-Month,53.8,692.5,Yes,Fiber Optic,Electronic Check,Yes,2,0
CUST-02125,40,Month-to-Month,74.19,2755.76,Yes,No,Electronic Check,Yes,0,1
CUST-02126,46,Month-to-Month,56.8,2450.4,Yes,Fiber Optic,Bank Transfer,Yes,1,0
CUST-02127,55,Month-to-Month,59.17,3181.53,Yes,Fiber Optic,Mailed Check,Yes,1,0
CUST-02128,32,Month-to-Month,85.0,2704.79,No,Fiber Optic,Electronic Check,Yes,0,1
CUST-02129,68,Month-to-Month,99.61,6722.23,Yes,Fiber Optic,Bank Transfer,Yes,3,0
CUST-02130,27,Month-to-Month,79.96,1979.88,No,No,Mailed Check,Yes,1,1
CUST-02131,12,One Year,114.86,1248.81,Yes,No,Electronic Check,No,2,1
CUST-02132,3,Two Year,52.36,154.39,No,Fiber Optic,Electronic Check,Yes,2,0
CUST-02133,10,Two Year,24.05,223.38,No,Fiber Optic,Electronic Check,No,0,0
CUST-02134,33,Month-to-Month,87.87,2778.74,Yes,Fiber Optic,Credit Card,Yes,0,0
CUST-02135,30,Month-to-Month,50.7,1517.75,No,Fiber Optic,Electronic Check,Yes,2,0
CUST-02136,62,Month-to-Month,63.16,3597.33,No,Fiber Optic,Credit Card,No,3,1
CUST-02137,10,One Year,25.76,241.5,Yes,Fiber Optic,Mailed Check,No,0,0
CUST-02138,19,One Year,47.52,890.93,No,DSL,Bank Transfer,No,3,0
CUST-02139,71,Two Year,32.44,2222.62,No,No,Credit Card,No,1,0
CUST-02140,3,Two Year,59.14,176.31,No,DSL,Electronic Check,Yes,2,1
CUST-02141,31,Month-to-Month,60.14,1795.68,Yes,DSL,Bank Transfer,Yes,0,0
CUST-02142,15,One Year,72.25,1008.27,Yes,DSL,Electronic Check,No,0,0
CUST-02143,39,Two Year,100.99,3861.85,Yes,DSL,Electronic Check,Yes,2,0
CUST-02144,71,Month-to-Month,86.92,6022.75,Yes,Fiber Optic,Credit Card,Yes,4,1
CUST-02145,17,Two Year,29.45,497.33,Yes,DSL,Electronic Check,Yes,0,0
CUST-02146,27,Month-to-Month,85.2,2179.9,No,DSL,Credit Card,No,0,1
CUST-02147,33,Two Year,72.79,2282.65,Yes,DSL,Credit Card,Yes,1,0
CUST-02148,58,One Year,67.55,3652.98,Yes,DSL,Bank Transfer,Yes,0,0
CUST-02149,71,Month-to-Month,69.43,4569.06,Yes,No,Bank Transfer,Yes,0,1
CUST-02150,7,One Year,75.11,525.59,Yes,Fiber Optic,Credit Card,Yes,1,0
CUST-02151,36,Month-to-Month,52.7,1892.88,No,DSL,Electronic Check,Yes,2,1
CUST-02152,55,One Year,65.44,3429.91,No,Fiber Optic,Bank Transfer,Yes,2,0
CUST-02153,1,One Year,99.6,99.15,Yes,Fiber Optic,Electronic Check,No,3,0
CUST-02154,59,One Year,52.4,2892.55,Yes,Fiber Optic,Electronic Check,Yes,2,0
CUST-02155,18,Two Year,44.25,784.55,Yes,DSL,Electronic Check,No,1,0
CUST-02156,38,Month-to-Month,68.46,2506.49,No,Fiber Optic,Electronic Check,Yes,0,1
CUST-02157,71,Month-to-Month,41.74,2879.69,Yes,DSL,Electronic Check,Yes,0,1
CUST-02158,46,Month-to-Month,26.93,1203.87,Yes,DSL,Bank Transfer,No,0,0
CUST-02159,72,Month-to-Month,61.39,4259.11,Yes,No,Bank Transfer,Yes,0,1
CUST-02160,44,Month-to-Month,106.22,4604.66,Yes,Fiber Optic,Credit Card,Yes,1,0
CUST-02161,16,Month-to-Month,69.03,1037.33,Yes,DSL,Bank Transfer,Yes,0,0
CUST-02162,50,Month-to-Month,74.46,3666.85,No,DSL,Credit Card,Yes,3,0
CUST-02163,45,Month-to-Month,16.75,692.2,Yes,Fiber Optic,Credit Card,Yes,2,0
CUST-02164,23,Two Year,80.95,1712.89,Yes,DSL,Credit Card,No,2,0
CUST-02165,6,Month-to-Month,72.33,421.71,Yes,Fiber Optic,Electronic Check,Yes,0,0
CUST-02166,47,Two Year,53.38,2446.17,Yes,DSL,Electronic Check,Yes,1,0
CUST-02167,42,Month-to-Month,74.5,3098.43,No,DSL,Mailed Check,Yes,0,0
CUST-02168,56,Month-to-Month,74.25,3856.41,No,Fiber Optic,Electronic Check,Yes,2,1
CUST-02169,10,Month-to-Month,43.51,394.03,No,DSL,Credit Card,Yes,1,0
CUST-02170,39,Month-to-Month,78.3,2903.3,No,Fiber Optic,Mailed Check,Yes,1,0
CUST-02171,59,Month-to-Month,99.93,5822.37,No,DSL,Credit Card,Yes,1,0
CUST-02172,65,Month-to-Month,64.3,4167.57,No,No,Mailed Check,Yes,1,0
CUST-02173,68,Month-to-Month,48.31,3238.37,No,Fiber Optic,Credit Card,Yes,1,0
CUST-02174,16,Month-to-Month,65.56,995.46,No,DSL,Electronic Check,No,4,1
CUST-02175,13,One Year,91.37,1171.58,No,DSL,Mailed Check,Yes,3,0
CUST-02176,42,Month-to-Month,39.34,1522.41,No,Fiber Optic,Credit Card,No,1,1
CUST-02177,34,Two Year,84.46,2849.0,Yes,Fiber Optic,Mailed Check,Yes,1,0
CUST-02178,17,Month-to-Month,53.05,862.79,No,Fiber Optic,Bank Transfer,Yes,1,0
CUST-02179,8,Two Year,76.05,571.25,Yes,DSL,Mailed Check,Yes,1,0
CUST-02180,11,One Year,55.89,589.07,No,Fiber Optic,Credit Card,Yes,0,0
CUST-02181,25,Two Year,55.82,1365.36,No,DSL,Bank Transfer,No,1,0
CUST-02182,54,Two Year,108.08,5392.83,No,DSL,Credit Card,No,1,0
CUST-02183,5,Month-to-Month,34.77,158.24,No,DSL,Mailed Check,Yes,1,1
CUST-02184,8,Month-to-Month,82.13,639.5,No,Fiber Optic,Bank Transfer,Yes,2,1
CUST-02185,20,Month-to-Month,113.28,2254.83,No,Fiber Optic,Mailed Check,No,2,0
CUST-02186,63,Two Year,87.14,5290.53,Yes,DSL,Bank Transfer,Yes,1,0
CUST-02187,72,One Year,36.72,2417.15,Yes,DSL,Bank Transfer,No,1,0
CUST-02188,32,Month-to-Month,37.96,1171.4,Yes,Fiber Optic,Electronic Check,No,3,0
CUST-02189,4,Two Year,51.21,186.75,Yes,Fiber Optic,Bank Transfer,No,0,0
CUST-02190,1,Month-to-Month,73.95,68.8,Yes,Fiber Optic,Mailed Check,Yes,1,0
CUST-02191,62,One Year,75.65,4236.09,No,Fiber Optic,Electronic Check,Yes,1,0
CUST-02192,33,One Year,38.21,1196.31,No,Fiber Optic,Bank Transfer,Yes,2,0
CUST-02193,6,Month-to-Month,48.18,269.46,Yes,Fiber Optic,Bank Transfer,Yes,2,1
CUST-02194,61,One Year,49.71,2758.65,No,No,Bank Transfer,No,0,0
CUST-02195,39,Two Year,65.48,2377.26,Yes,No,Credit Card,Yes,5,0
CUST-02196,26,Month-to-Month,119.62,3000.51,No,Fiber Optic,Mailed Check,Yes,1,1
CUST-02197,33,Month-to-Month,46.67,1430.62,No,Fiber Optic,Credit Card,Yes,0,0
CUST-02198,17,Month-to-Month,45.58,708.46,No,DSL,Bank Transfer,Yes,1,0
CUST-02199,68,One Year,41.67,2704.58,Yes,DSL,Mailed Check,Yes,3,0
CUST-02200,57,Month-to-Month,85.89,4774.92,Yes,DSL,Bank Transfer,Yes,1,0
CUST-02201,15,Two Year,68.97,1016.98,Yes,Fiber Optic,Electronic Check,Yes,0,1
CUST-02202,53,Two Year,47.59,2389.12,No,No,Credit Card,No,1,0
CUST-02203,13,Month-to-Month,60.93,769.2,No,Fiber Optic,Mailed Check,No,1,0
CUST-02204,33,Month-to-Month,50.21,1629.31,No,Fiber Optic,Electronic Check,Yes,2,1
CUST-02205,54,One Year,77.4,4042.88,No,DSL,Bank Transfer,Yes,2,0
CUST-02206,3,One Year,137.11,391.89,Yes,No,Electronic Check,No,1,0
CUST-02207,53,Month-to-Month,83.77,4022.44,No,DSL,Electronic Check,No,3,0
CUST-02208,17,Month-to-Month,67.68,1068.87,No,No,Electronic Check,Yes,0,1
CUST-02209,51,Month-to-Month,53.38,2537.21,Yes,DSL,Credit Card,Yes,0,0
CUST-02210,36,Two Year,36.41,1231.46,No,DSL,Electronic Check,No,3,0
CUST-02211,2,Month-to-Month,88.34,175.81,Yes,Fiber Optic,Mailed Check,Yes,4,1
CUST-02212,55,Two Year,86.98,4405.43,Yes,DSL,Mailed Check,Yes,1,0
CUST-02213,19,Month-to-Month,58.35,1057.82,Yes,DSL,Credit Card,Yes,0,0
CUST-02214,69,Two Year,100.33,6916.69,No,Fiber Optic,Credit Card,No,1,0
CUST-02215,61,Month-to-Month,70.53,4138.32,No,Fiber Optic,Credit Card,Yes,0,0
CUST-02216,14,Month-to-Month,89.37,1152.2,Yes,DSL,Mailed Check,Yes,1,1
CUST-02217,44,Two Year,77.4,3392.04,No,Fiber Optic,Mailed Check,No,2,0
CUST-02218,27,Two Year,65.57,1652.89,No,Fiber Optic,Credit Card,Yes,0,1
CUST-02219,44,Month-to-Month,46.13,1836.46,No,DSL,Electronic Check,Yes,0,0
CUST-02220,41,Month-to-Month,66.36,2566.05,No,Fiber Optic,Electronic Check,Yes,0,0
CUST-02221,22,Month-to-Month,91.05,1851.0,No,Fiber Optic,Credit Card,No,0,0
CUST-02222,47,Month-to-Month,57.3,2644.32,Yes,No,Electronic Check,No,2,0
CUST-02223,19,Month-to-Month,80.99,1418.78,No,Fiber Optic,Mailed Check,No,1,0
CUST-02224,66,Two Year,42.93,2782.34,Yes,Fiber Optic,Electronic Check,No,2,0
CUST-02225,69,Month-to-Month,89.5,5580.29,Yes,Fiber Optic,Electronic Check,No,2,0
CUST-02226,12,One Year,77.82,927.22,Yes,Fiber Optic,Credit Card,No,3,1
CUST-02227,53,Month-to-Month,39.95,1914.55,No,Fiber Optic,Electronic Check,Yes,1,0
CUST-02228,67,Month-to-Month,64.4,4288.28,No,Fiber Optic,Mailed Check,No,1,0
CUST-02229,10,One Year,93.29,846.48,Yes,DSL,Electronic Check,Yes,2,1
CUST-02230,54,Month-to-Month,38.52,2053.58,No,No,Mailed Check,Yes,1,0
CUST-02231,68,One Year,43.23,2890.06,Yes,Fiber Optic,Bank Transfer,Yes,2,0
CUST-02232,17,Month-to-Month,68.26,1113.36,No,Fiber Optic,Bank Transfer,Yes,4,1
CUST-02233,42,Two Year,123.33,4680.51,Yes,Fiber Optic,Bank Transfer,Yes,1,0
CUST-02234,58,One Year,53.19,2968.14,No,DSL,Mailed Check,Yes,1,0
CUST-02235,25,Two Year,82.38,1980.8,No,Fiber Optic,Electronic Check,Yes,1,0
CUST-02236,18,Month-to-Month,76.5,1316.03,Yes,Fiber Optic,Mailed Check,No,3,1
CUST-02237,29,Month-to-Month,55.26,1543.49,No,Fiber Optic,Credit Card,No,1,0
CUST-02238,25,Month-to-Month,74.03,1844.85,No,DSL,Credit Card,Yes,5,1
CUST-02239,53,Month-to-Month,58.8,3115.0,No,Fiber Optic,Electronic Check,No,1,1
CUST-02240,27,Month-to-Month,61.05,1569.31,No,Fiber Optic,Credit Card,Yes,2,0
CUST-02241,28,Month-to-Month,28.47,724.76,No,Fiber Optic,Credit Card,Yes,1,0
CUST-02242,69,Month-to-Month,69.39,4373.26,Yes,DSL,Credit Card,No,2,1
CUST-02243,42,Month-to-Month,92.48,3775.54,Yes,Fiber Optic,Credit Card,Yes,1,0
CUST-02244,67,Month-to-Month,71.44,4777.85,No,DSL,Credit Card,No,1,0
CUST-02245,52,Month-to-Month,97.26,4772.3,No,Fiber Optic,Electronic Check,Yes,1,0
CUST-02246,64,Month-to-Month,84.51,4920.8,No,Fiber Optic,Mailed Check,No,3,1
CUST-02247,15,One Year,68.51,961.17,No,Fiber Optic,Credit Card,No,1,1
CUST-02248,68,Month-to-Month,54.3,3465.32,No,No,Bank Transfer,Yes,0,0
CUST-02249,68,Month-to-Month,57.84,3931.78,Yes,DSL,Bank Transfer,Yes,0,0
CUST-02250,3,Month-to-Month,33.24,96.59,Yes,Fiber Optic,Mailed Check,Yes,3,1
CUST-02251,26,One Year,63.32,1501.09,Yes,Fiber Optic,Electronic Check,Yes,1,0
CUST-02252,30,Month-to-Month,73.65,2063.03,Yes,Fiber Optic,Credit Card,No,1,0
CUST-02253,31,One Year,112.89,3166.62,No,Fiber Optic,Mailed Check,No,0,0
CUST-02254,57,Two Year,83.21,4578.42,No,No,Bank Transfer,Yes,1,0
CUST-02255,51,Month-to-Month,48.38,2386.63,Yes,Fiber Optic,Electronic Check,Yes,0,0
CUST-02256,16,Two Year,34.02,493.02,No,DSL,Credit Card,Yes,1,0
CUST-02257,44,One Year,64.84,2663.39,Yes,DSL,Electronic Check,No,0,0
CUST-02258,71,Month-to-Month,90.29,6348.3,No,No,Credit Card,Yes,1,0
CUST-02259,32,Month-to-Month,64.48,2027.63,No,DSL,Electronic Check,No,3,1
CUST-02260,67,One Year,83.55,5359.5,Yes,Fiber Optic,Credit Card,No,0,0
CUST-02261,47,Two Year,65.47,2918.5,No,No,Mailed Check,Yes,1,1
CUST-02262,67,Month-to-Month,87.93,5887.1,Yes,Fiber Optic,Credit Card,Yes,0,0
CUST-02263,66,Month-to-Month,30.07,1929.49,Yes,DSL,Bank Transfer,Yes,0,0
CUST-02264,2,One Year,110.1,219.16,No,Fiber Optic,Electronic Check,No,2,0
CUST-02265,58,Month-to-Month,42.19,2219.84,No,Fiber Optic,Electronic Check,Yes,0,0
CUST-02266,14,One Year,89.84,1158.67,No,No,Bank Transfer,Yes,1,0
CUST-02267,60,Month-to-Month,63.2,3424.6,No,Fiber Optic,Bank Transfer,Yes,1,0
CUST-02268,59,One Year,67.1,3906.61,No,Fiber Optic,Mailed Check,Yes,1,0
CUST-02269,19,Two Year,63.97,1178.27,No,DSL,Electronic Check,Yes,1,0
CUST-02270,5,One Year,76.39,350.54,Yes,DSL,Credit Card,Yes,1,0
CUST-02271,31,One Year,81.44,2518.12,Yes,Fiber Optic,Bank Transfer,Yes,2,0
CUST-02272,22,One Year,96.46,2112.74,No,Fiber Optic,Bank Transfer,No,0,0
CUST-02273,40,Two Year,105.2,3881.71,No,Fiber Optic,Mailed Check,No,1,0
CUST-02274,6,Two Year,78.3,453.22,Yes,No,Mailed Check,No,1,0
CUST-02275,4,Month-to-Month,112.84,436.38,Yes,DSL,Mailed Check,Yes,1,0
CUST-02276,32,One Year,72.32,2083.75,Yes,DSL,Electronic Check,Yes,2,0
CUST-02277,56,Month-to-Month,96.94,5259.69,Yes,Fiber Optic,Credit Card,Yes,3,1
CUST-02278,23,Two Year,80.72,1712.0,No,Fiber Optic,Mailed Check,Yes,1,0
CUST-02279,24,One Year,56.27,1337.15,No,Fiber Optic,Mailed Check,Yes,1,0
CUST-02280,12,Month-to-Month,74.53,879.92,No,Fiber Optic,Mailed Check,Yes,1,0
CUST-02281,21,Month-to-Month,82.58,1717.76,No,DSL,Mailed Check,Yes,1,1
CUST-02282,22,Month-to-Month,69.2,1485.49,No,Fiber Optic,Bank Transfer,Yes,2,1
CUST-02283,19,One Year,80.32,1398.64,Yes,No,Bank Transfer,Yes,0,0
CUST-02284,25,Month-to-Month,91.63,2144.27,No,No,Credit Card,No,1,0
CUST-02285,21,Month-to-Month,69.42,1415.39,No,Fiber Optic,Electronic Check,No,2,1
CUST-02286,50,Two Year,15.0,699.25,No,Fiber Optic,Credit Card,No,1,0
CUST-02287,25,One Year,111.96,2717.84,No,Fiber Optic,Credit Card,Yes,1,0
CUST-02288,55,Month-to-Month,62.56,3212.39,No,Fiber Optic,Credit Card,Yes,1,1
CUST-02289,44,Month-to-Month,49.42,1995.68,Yes,DSL,Electronic Check,No,2,0
CUST-02290,47,Two Year,41.9,1874.41,Yes,Fiber Optic,Mailed Check,No,2,0
CUST-02291,43,One Year,61.59,2565.27,Yes,No,Credit Card,No,1,0
CUST-02292,67,One Year,55.93,3566.39,Yes,No,Bank Transfer,Yes,1,0
CUST-02293,19,Month-to-Month,51.57,944.74,No,Fiber Optic,Electronic Check,No,2,1
CUST-02294,71,Month-to-Month,52.95,3548.19,Yes,DSL,Credit Card,Yes,4,0
CUST-02295,15,Month-to-Month,83.24,1220.92,Yes,Fiber Optic,Credit Card,Yes,2,0
CUST-02296,10,One Year,120.76,1165.33,No,DSL,Credit Card,No,0,0
CUST-02297,60,Month-to-Month,90.51,5199.59,No,DSL,Mailed Check,No,1,0
CUST-02298,65,Month-to-Month,98.06,6014.01,No,Fiber Optic,Bank Transfer,Yes,0,0
CUST-02299,7,One Year,60.56,404.24,Yes,Fiber Optic,Bank Transfer,No,0,1
CUST-02300,44,Two Year,72.62,2892.05,Yes,Fiber Optic,Mailed Check,Yes,1,0
CUST-02301,37,One Year,80.66,2884.96,No,Fiber Optic,Credit Card,Yes,0,1
CUST-02302,16,Month-to-Month,53.51,788.04,No,Fiber Optic,Electronic Check,No,0,1
CUST-02303,38,Month-to-Month,59.36,2224.13,Yes,DSL,Electronic Check,No,1,0
CUST-02304,50,Month-to-Month,91.36,4482.28,No,DSL,Credit Card,Yes,3,0
CUST-02305,42,Month-to-Month,97.26,3892.09,No,Fiber Optic,Electronic Check,No,1,1
CUST-02306,38,Month-to-Month,71.69,2682.58,No,No,Electronic Check,Yes,1,1
CUST-02307,64,Month-to-Month,40.12,2483.15,Yes,No,Credit Card,Yes,0,0
CUST-02308,17,One Year,62.61,972.97,No,DSL,Credit Card,No,0,0
CUST-02309,45,Two Year,33.97,1489.02,No,Fiber Optic,Credit Card,No,1,1
CUST-02310,23,Two Year,71.88,1652.55,Yes,No,Electronic Check,Yes,0,0
CUST-02311,71,Month-to-Month,76.39,4903.55,Yes,DSL,Bank Transfer,Yes,0,0
CUST-02312,19,Month-to-Month,63.23,1110.66,Yes,Fiber Optic,Electronic Check,No,4,1
CUST-02313,63,Month-to-Month,76.04,4597.82,Yes,Fiber Optic,Electronic Check,No,0,0
CUST-02314,46,Month-to-Month,80.42,3482.98,Yes,Fiber Optic,Electronic Check,Yes,2,0
CUST-02315,16,Month-to-Month,76.42,1178.4,Yes,DSL,Mailed Check,Yes,4,0
CUST-02316,55,Month-to-Month,39.96,2106.9,No,DSL,Bank Transfer,Yes,0,1
CUST-02317,18,One Year,63.67,1121.76,No,DSL,Electronic Check,Yes,1,0
CUST-02318,19,Month-to-Month,80.25,1383.09,No,Fiber Optic,Credit Card,Yes,1,1
CUST-02319,25,Two Year,109.47,2583.66,No,DSL,Credit Card,No,1,0
CUST-02320,50,Month-to-Month,63.2,3115.78,Yes,Fiber Optic,Electronic Check,Yes,4,0
CUST-02321,29,Month-to-Month,83.77,2274.52,Yes,Fiber Optic,Credit Card,No,1,0
CUST-02322,41,Month-to-Month,91.95,3582.88,No,DSL,Bank Transfer,Yes,2,1
CUST-02323,40,Month-to-Month,65.08,2348.5,No,DSL,Mailed Check,No,0,0
CUST-02324,15,Month-to-Month,98.71,1365.78,Yes,DSL,Mailed Check,No,1,1
CUST-02325,17,Two Year,100.05,1609.63,No,No,Bank Transfer,Yes,0,0
CUST-02326,23,Month-to-Month,104.51,2259.26,No,DSL,Electronic Check,Yes,1,1
CUST-02327,17,Month-to-Month,81.46,1345.3,No,Fiber Optic,Bank Transfer,No,2,1
CUST-02328,67,One Year,129.0,8307.55,No,Fiber Optic,Electronic Check,Yes,1,0
CUST-02329,28,Month-to-Month,54.62,1511.05,Yes,DSL,Electronic Check,Yes,3,0
CUST-02330,30,One Year,123.1,3639.37,No,No,Bank Transfer,Yes,1,1
CUST-02331,49,Month-to-Month,89.21,4039.61,No,Fiber Optic,Electronic Check,Yes,0,0
CUST-02332,57,Two Year,103.51,5320.47,No,Fiber Optic,Bank Transfer,Yes,1,0
CUST-02333,50,Month-to-Month,62.0,3054.89,No,DSL,Bank Transfer,No,2,0
CUST-02334,40,Month-to-Month,91.11,3399.9,No,DSL,Electronic Check,No,3,1
CUST-02335,71,One Year,105.67,7012.73,No,DSL,Credit Card,Yes,0,0
CUST-02336,65,Two Year,42.82,2549.06,Yes,Fiber Optic,Electronic Check,Yes,0,0
CUST-02337,15,Month-to-Month,65.92,958.44,No,No,Bank Transfer,Yes,0,1
CUST-02338,12,One Year,16.47,183.41,No,Fiber Optic,Electronic Check,Yes,2,1
CUST-02339,29,Month-to-Month,65.54,1744.19,No,DSL,Electronic Check,Yes,2,1
CUST-02340,61,Month-to-Month,49.6,2875.35,No,DSL,Credit Card,Yes,0,0
CUST-02341,70,Month-to-Month,64.56,4406.41,No,Fiber Optic,Credit Card,Yes,2,1
CUST-02342,51,One Year,143.09,6764.57,No,DSL,Mailed Check,Yes,1,0
CUST-02343,50,Month-to-Month,112.95,5490.52,No,Fiber Optic,Electronic Check,Yes,0,0
CUST-02344,17,One Year,34.01,547.06,Yes,No,Bank Transfer,Yes,0,0
CUST-02345,43,Month-to-Month,83.89,3392.19,No,Fiber Optic,Electronic Check,No,2,1
CUST-02346,14,Two Year,89.97,1178.91,Yes,DSL,Credit Card,Yes,1,0
CUST-02347,39,Two Year,61.55,2195.35,Yes,DSL,Electronic Check,No,2,0
CUST-02348,14,Month-to-Month,74.46,972.87,No,Fiber Optic,Electronic Check,No,0,1
CUST-02349,6,Month-to-Month,76.9,455.83,No,DSL,Electronic Check,No,1,1
CUST-02350,70,Month-to-Month,36.33,2314.77,Yes,No,Electronic Check,Yes,1,0
CUST-02351,65,Two Year,44.22,2862.31,Yes,Fiber Optic,Credit Card,Yes,0,0
CUST-02352,50,Month-to-Month,74.31,3383.89,No,Fiber Optic,Bank Transfer,Yes,1,0
CUST-02353,46,Month-to-Month,72.49,3121.81,No,Fiber Optic,Electronic Check,Yes,0,1
CUST-02354,18,Month-to-Month,52.29,904.16,Yes,DSL,Electronic Check,Yes,1,0
CUST-02355,42,One Year,50.14,2071.73,Yes,DSL,Electronic Check,Yes,1,0
CUST-02356,54,Month-to-Month,67.76,3345.67,No,Fiber Optic,Bank Transfer,No,0,1
CUST-02357,39,Month-to-Month,92.15,3285.18,No,DSL,Bank Transfer,No,0,1
CUST-02358,21,Two Year,68.09,1376.75,Yes,DSL,Electronic Check,Yes,0,0
CUST-02359,29,Month-to-Month,110.57,2979.75,No,No,Bank Transfer,Yes,2,0
CUST-02360,61,Two Year,52.6,3094.53,No,Fiber Optic,Bank Transfer,Yes,3,0
CUST-02361,19,Month-to-Month,74.83,1396.26,Yes,DSL,Credit Card,No,3,1
CUST-02362,70,Month-to-Month,61.14,3884.72,No,No,Bank Transfer,No,1,0
CUST-02363,55,Two Year,84.7,4586.06,Yes,DSL,Electronic Check,No,2,0
CUST-02364,65,One Year,50.46,2964.24,Yes,No,Electronic Check,Yes,2,0
CUST-02365,37,One Year,118.18,4328.42,Yes,Fiber Optic,Credit Card,Yes,1,0
CUST-02366,17,Month-to-Month,27.73,470.26,Yes,Fiber Optic,Electronic Check,Yes,2,0
CUST-02367,3,Month-to-Month,112.89,327.41,No,Fiber Optic,Electronic Check,Yes,2,1
CUST-02368,39,Month-to-Month,72.25,2813.31,No,DSL,Mailed Check,Yes,0,0
CUST-02369,29,Month-to-Month,83.81,2387.23,No,No,Bank Transfer,No,3,1
CUST-02370,9,Month-to-Month,103.36,841.34,No,DSL,Bank Transfer,No,0,1
CUST-02371,67,Month-to-Month,91.44,5516.17,Yes,No,Bank Transfer,Yes,0,0
CUST-02372,70,Month-to-Month,51.75,3267.78,No,DSL,Electronic Check,Yes,0,0
CUST-02373,27,Month-to-Month,85.0,2169.21,No,DSL,Bank Transfer,Yes,3,1
CUST-02374,49,Month-to-Month,116.69,5502.47,Yes,DSL,Credit Card,Yes,1,0
CUST-02375,30,Month-to-Month,47.82,1360.21,No,Fiber Optic,Electronic Check,Yes,1,1
CUST-02376,36,Two Year,122.96,4283.64,No,Fiber Optic,Electronic Check,Yes,0,1
CUST-02377,45,One Year,79.64,3386.55,No,Fiber Optic,Credit Card,Yes,0,0
CUST-02378,30,Month-to-Month,59.17,1605.15,Yes,No,Electronic Check,Yes,0,0
CUST-02379,58,One Year,47.67,2550.91,Yes,Fiber Optic,Mailed Check,Yes,2,0
CUST-02380,14,Two Year,64.42,901.21,No,Fiber Optic,Electronic Check,Yes,2,0
CUST-02381,49,Month-to-Month,21.12,967.18,No,DSL,Bank Transfer,Yes,1,0
CUST-02382,71,Month-to-Month,59.62,3947.19,No,Fiber Optic,Bank Transfer,No,1,0
CUST-02383,62,Month-to-Month,63.43,3599.48,No,No,Bank Transfer,Yes,2,1
CUST-02384,4,Month-to-Month,43.14,172.34,Yes,Fiber Optic,Mailed Check,Yes,0,0
CUST-02385,9,One Year,88.7,736.87,No,Fiber Optic,Electronic Check,Yes,1,0
CUST-02386,46,Two Year,64.53,2863.54,No,DSL,Mailed Check,Yes,3,0
CUST-02387,67,Month-to-Month,54.11,3278.08,No,DSL,Mailed Check,No,2,0
CUST-02388,61,One Year,61.87,3421.75,Yes,Fiber Optic,Bank Transfer,No,1,0
CUST-02389,66,Month-to-Month,78.88,5058.62,Yes,DSL,Bank Transfer,No,2,0
CUST-02390,11,One Year,71.83,761.3,Yes,No,Credit Card,No,2,0
CUST-02391,38,One Year,52.48,1930.46,Yes,DSL,Electronic Check,No,0,0
CUST-02392,53,Month-to-Month,73.14,3578.31,Yes,DSL,Electronic Check,Yes,1,0
CUST-02393,45,Month-to-Month,68.73,3088.18,Yes,DSL,Credit Card,No,0,1
CUST-02394,56,One Year,41.51,2221.9,No,Fiber Optic,Bank Transfer,Yes,1,0
CUST-02395,16,Two Year,62.79,1001.58,No,Fiber Optic,Electronic Check,Yes,0,0
CUST-02396,33,Month-to-Month,84.48,2554.82,Yes,No,Credit Card,No,3,0
CUST-02397,33,Month-to-Month,84.3,2616.4,Yes,Fiber Optic,Bank Transfer,No,0,1
CUST-02398,68,Month-to-Month,64.25,4078.76,No,DSL,Mailed Check,Yes,0,0
CUST-02399,15,One Year,86.92,1271.87,No,Fiber Optic,Credit Card,No,0,0
CUST-02400,24,One Year,45.5,1064.43,No,Fiber Optic,Bank Transfer,Yes,2,0
CUST-02401,2,One Year,46.28,87.81,No,Fiber Optic,Mailed Check,Yes,2,0
CUST-02402,11,One Year,63.72,631.96,Yes,Fiber Optic,Electronic Check,Yes,0,0
CUST-02403,71,Two Year,107.44,6999.07,No,Fiber Optic,Mailed Check,No,1,0
CUST-02404,62,Two Year,74.08,4156.75,No,DSL,Mailed Check,No,2,0
CUST-02405,19,Month-to-Month,63.12,1180.93,No,DSL,Bank Transfer,No,1,1
CUST-02406,51,One Year,108.6,5145.23,No,No,Mailed Check,Yes,1,0
CUST-02407,43,Month-to-Month,62.83,2463.38,No,DSL,Electronic Check,Yes,0,1
CUST-02408,66,Month-to-Month,125.87,7770.9,Yes,DSL,Bank Transfer,Yes,4,1
CUST-02409,22,Two Year,57.22,1142.69,Yes,DSL,Electronic Check,No,1,0
CUST-02410,72,One Year,44.71,3212.31,Yes,DSL,Credit Card,No,1,0
CUST-02411,27,Two Year,65.84,1655.91,No,No,Bank Transfer,No,2,0
CUST-02412,52,Month-to-Month,63.77,3293.84,No,DSL,Bank Transfer,Yes,0,1
CUST-02413,29,Month-to-Month,49.81,1398.66,Yes,Fiber Optic,Mailed Check,Yes,0,1
CUST-02414,49,Month-to-Month,135.05,6330.32,No,No,Electronic Check,Yes,0,1
CUST-02415,25,Month-to-Month,77.97,1847.01,No,DSL,Bank Transfer,Yes,1,0
CUST-02416,61,Month-to-Month,81.61,4822.58,Yes,DSL,Electronic Check,No,3,0
CUST-02417,46,Month-to-Month,58.45,2604.35,No,DSL,Bank Transfer,Yes,2,0
CUST-02418,21,Month-to-Month,55.56,1051.31,Yes,DSL,Electronic Check,No,1,0
CUST-02419,70,Two Year,95.64,6633.06,No,DSL,Bank Transfer,Yes,0,0
CUST-02420,52,Month-to-Month,28.1,1368.85,No,Fiber Optic,Electronic Check,No,1,0
CUST-02421,31,Month-to-Month,41.43,1201.27,Yes,DSL,Electronic Check,No,3,1
CUST-02422,10,One Year,63.82,600.33,No,Fiber Optic,Mailed Check,Yes,2,0
CUST-02423,71,Month-to-Month,103.78,7136.48,No,No,Bank Transfer,No,2,0
CUST-02424,55,Two Year,60.64,3127.09,Yes,DSL,Electronic Check,Yes,0,0
CUST-02425,49,One Year,80.4,3692.91,Yes,DSL,Mailed Check,Yes,1,0
CUST-02426,60,Month-to-Month,70.69,3844.18,No,DSL,Credit Card,Yes,0,0
CUST-02427,44,One Year,102.41,4243.18,No,DSL,Mailed Check,Yes,0,0
CUST-02428,17,One Year,30.38,472.53,No,Fiber Optic,Bank Transfer,No,0,0
CUST-02429,18,One Year,88.4,1568.22,Yes,Fiber Optic,Electronic Check,Yes,0,0
CUST-02430,6,Two Year,65.03,364.21,No,DSL,Electronic Check,Yes,2,0
CUST-02431,5,One Year,93.12,463.78,No,DSL,Electronic Check,No,0,0
CUST-02432,53,One Year,49.52,2541.76,Yes,DSL,Credit Card,No,0,0
CUST-02433,62,Month-to-Month,70.61,4271.07,Yes,Fiber Optic,Electronic Check,No,3,0
CUST-02434,12,One Year,67.44,805.05,Yes,Fiber Optic,Electronic Check,Yes,0,0
CUST-02435,42,Two Year,44.94,1743.83,No,Fiber Optic,Electronic Check,Yes,0,0
CUST-02436,9,One Year,37.99,327.12,Yes,Fiber Optic,Credit Card,Yes,1,0
CUST-02437,30,One Year,55.49,1505.01,No,Fiber Optic,Mailed Check,No,1,0
CUST-02438,57,Month-to-Month,73.25,3799.79,Yes,Fiber Optic,Credit Card,Yes,0,0
CUST-02439,59,One Year,51.08,2822.83,No,DSL,Mailed Check,No,2,0
CUST-02440,69,Two Year,61.75,4125.47,Yes,Fiber Optic,Credit Card,No,1,0
CUST-02441,23,Month-to-Month,22.86,516.93,No,Fiber Optic,Credit Card,Yes,0,1
CUST-02442,69,Month-to-Month,60.73,3878.78,No,Fiber Optic,Mailed Check,Yes,1,1
CUST-02443,57,Month-to-Month,95.59,5311.91,No,Fiber Optic,Credit Card,Yes,0,0
CUST-02444,25,Month-to-Month,87.63,2020.81,No,Fiber Optic,Credit Card,Yes,3,0
CUST-02445,24,One Year,67.83,1466.11,Yes,Fiber Optic,Electronic Check,No,0,0
CUST-02446,8,Month-to-Month,76.09,551.16,Yes,DSL,Bank Transfer,Yes,1,0
CUST-02447,67,Month-to-Month,49.29,3165.56,Yes,Fiber Optic,Bank Transfer,No,0,0
CUST-02448,15,One Year,110.61,1575.72,No,DSL,Credit Card,Yes,0,1
CUST-02449,20,One Year,121.69,2256.24,No,DSL,Bank Transfer,No,0,0
CUST-02450,30,One Year,74.12,2002.7,Yes,DSL,Bank Transfer,Yes,1,0
CUST-02451,10,One Year,134.77,1289.48,No,Fiber Optic,Electronic Check,Yes,0,0
CUST-02452,59,One Year,53.0,3069.97,Yes,Fiber Optic,Credit Card,No,1,0
CUST-02453,51,One Year,38.72,1790.78,No,No,Electronic Check,Yes,1,0
CUST-02454,12,One Year,52.26,610.59,Yes,Fiber Optic,Bank Transfer,No,0,0
CUST-02455,12,Month-to-Month,64.51,745.83,No,Fiber Optic,Electronic Check,No,4,1
CUST-02456,2,One Year,127.8,242.29,No,No,Bank Transfer,Yes,2,1
CUST-02457,69,Month-to-Month,62.97,3931.44,No,DSL,Credit Card,Yes,2,1
CUST-02458,32,Month-to-Month,48.51,1540.46,No,Fiber Optic,Electronic Check,Yes,2,1
CUST-02459,48,Month-to-Month,47.54,2162.68,Yes,DSL,Credit Card,Yes,0,0
CUST-02460,11,Two Year,98.5,1018.45,No,DSL,Credit Card,Yes,1,0
CUST-02461,17,One Year,94.93,1591.45,No,No,Electronic Check,Yes,1,1
CUST-02462,39,Month-to-Month,57.86,2221.69,Yes,DSL,Mailed Check,No,0,0
CUST-02463,16,One Year,23.11,359.68,No,No,Electronic Check,No,2,0
CUST-02464,45,Month-to-Month,41.79,1848.46,No,No,Electronic Check,Yes,2,0
CUST-02465,67,One Year,113.03,6909.86,No,No,Credit Card,No,1,0
CUST-02466,22,Two Year,87.22,1872.96,Yes,Fiber Optic,Electronic Check,Yes,2,0
CUST-02467,44,One Year,71.64,2940.35,No,Fiber Optic,Bank Transfer,Yes,1,0
CUST-02468,66,One Year,116.72,7601.44,Yes,Fiber Optic,Electronic Check,Yes,1,0
CUST-02469,65,Month-to-Month,118.96,7245.44,Yes,Fiber Optic,Electronic Check,Yes,1,1
CUST-02470,1,Month-to-Month,69.1,62.57,Yes,No,Bank Transfer,Yes,2,1
CUST-02471,8,Two Year,69.56,523.89,Yes,Fiber Optic,Mailed Check,No,0,0
CUST-02472,72,One Year,55.45,3895.3,No,Fiber Optic,Credit Card,Yes,2,0
CUST-02473,67,Month-to-Month,62.88,4002.7,Yes,No,Electronic Check,No,1,0
CUST-02474,24,Month-to-Month,32.84,769.53,Yes,Fiber Optic,Bank Transfer,Yes,2,1
CUST-02475,38,Month-to-Month,32.74,1124.1,Yes,No,Bank Transfer,Yes,2,0
CUST-02476,42,Month-to-Month,26.93,1037.99,No,DSL,Bank Transfer,Yes,2,1
CUST-02477,49,Month-to-Month,97.11,4550.74,No,DSL,Bank Transfer,Yes,2,1
CUST-02478,55,Month-to-Month,30.96,1598.13,No,Fiber Optic,Electronic Check,Yes,5,0
CUST-02479,27,Two Year,118.75,3103.71,No,Fiber Optic,Bank Transfer,Yes,1,0
CUST-02480,65,Month-to-Month,51.74,3350.51,Yes,Fiber Optic,Bank Transfer,No,2,0
CUST-02481,5,Month-to-Month,113.43,547.86,No,DSL,Credit Card,Yes,1,1
CUST-02482,3,Month-to-Month,60.87,171.97,Yes,DSL,Electronic Check,No,1,0
CUST-02483,69,Month-to-Month,30.85,2031.24,Yes,No,Electronic Check,Yes,1,0
CUST-02484,13,Two Year,102.09,1315.6,Yes,Fiber Optic,Mailed Check,Yes,2,0
CUST-02485,72,Month-to-Month,105.05,7316.26,Yes,Fiber Optic,Mailed Check,Yes,2,0
CUST-02486,21,One Year,47.35,974.78,Yes,DSL,Electronic Check,Yes,0,0
CUST-02487,27,Two Year,61.71,1549.79,No,No,Electronic Check,Yes,1,0
CUST-02488,3,Month-to-Month,47.36,138.45,Yes,No,Electronic Check,Yes,0,1
CUST-02489,68,One Year,66.99,4163.3,Yes,Fiber Optic,Electronic Check,No,1,1
CUST-02490,26,Two Year,72.7,1842.9,No,DSL,Electronic Check,Yes,1,0
CUST-02491,13,Month-to-Month,61.22,786.43,No,No,Credit Card,Yes,1,0
CUST-02492,35,Month-to-Month,24.53,849.98,No,No,Credit Card,Yes,1,0
CUST-02493,12,Two Year,55.48,606.95,Yes,Fiber Optic,Mailed Check,No,1,0
CUST-02494,57,Two Year,87.59,4907.7,No,Fiber Optic,Electronic Check,Yes,1,0
CUST-02495,6,Month-to-Month,64.78,354.09,No,Fiber Optic,Electronic Check,Yes,1,1
CUST-02496,36,One Year,61.81,2109.09,No,DSL,Credit Card,No,0,0
CUST-02497,29,Month-to-Month,46.73,1312.15,Yes,Fiber Optic,Credit Card,No,1,0
CUST-02498,3,Two Year,54.75,155.78,No,Fiber Optic,Electronic Check,Yes,1,0
CUST-02499,4,Month-to-Month,105.22,393.1,Yes,Fiber Optic,Electronic Check,Yes,2,1
CUST-02500,38,Month-to-Month,41.51,1527.51,No,No,Electronic Check,Yes,4,1
CUST-02501,29,One Year,88.02,2466.02,No,Fiber Optic,Mailed Check,No,1,1
CUST-02502,10,Two Year,71.18,682.11,Yes,No,Electronic Check,No,2,0
CUST-02503,10,Two Year,76.12,725.3,Yes,DSL,Bank Transfer,Yes,0,0
CUST-02504,58,Month-to-Month,51.69,2909.8,No,No,Electronic Check,Yes,0,1
CUST-02505,53,Month-to-Month,61.21,3050.47,No,DSL,Electronic Check,Yes,0,0
CUST-02506,44,Two Year,69.86,2787.59,No,DSL,Bank Transfer,No,1,0
CUST-02507,61,Two Year,56.98,3315.01,No,Fiber Optic,Credit Card,No,0,0
CUST-02508,5,Month-to-Month,78.29,380.62,Yes,DSL,Electronic Check,Yes,3,0
CUST-02509,50,One Year,81.44,3786.62,No,DSL,Bank Transfer,Yes,1,0
CUST-02510,55,Month-to-Month,124.32,6250.08,No,Fiber Optic,Electronic Check,No,1,0
CUST-02511,15,Month-to-Month,76.95,1144.07,Yes,DSL,Electronic Check,No,2,0
CUST-02512,39,Month-to-Month,22.19,853.62,Yes,No,Electronic Check,Yes,0,0
CUST-02513,56,Month-to-Month,99.08,5336.77,No,DSL,Electronic Check,No,1,1
CUST-02514,44,Month-to-Month,64.9,2794.66,Yes,Fiber Optic,Electronic Check,Yes,1,0
CUST-02515,18,Two Year,120.3,2158.65,Yes,Fiber Optic,Bank Transfer,Yes,0,0
CUST-02516,48,Month-to-Month,106.77,4904.21,Yes,Fiber Optic,Credit Card,Yes,4,0
CUST-02517,55,Month-to-Month,57.37,2916.86,No,Fiber Optic,Electronic Check,No,0,0
CUST-02518,1,Month-to-Month,88.05,84.87,No,Fiber Optic,Electronic Check,Yes,1,1
CUST-02519,41,Month-to-Month,55.15,2241.84,Yes,DSL,Electronic Check,Yes,2,0
CUST-02520,37,Month-to-Month,70.07,2512.26,Yes,DSL,Mailed Check,Yes,2,1
CUST-02521,27,One Year,86.9,2117.83,Yes,Fiber Optic,Credit Card,Yes,1,0
CUST-02522,4,Month-to-Month,97.83,388.08,No,Fiber Optic,Electronic Check,Yes,3,1
CUST-02523,7,One Year,92.38,630.73,No,Fiber Optic,Bank Transfer,Yes,1,0
CUST-02524,55,Two Year,71.87,3716.4,Yes,DSL,Mailed Check,Yes,1,0
CUST-02525,60,Month-to-Month,132.09,7915.49,No,No,Credit Card,No,2,1
CUST-02526,31,Two Year,60.87,1834.45,No,DSL,Electronic Check,Yes,1,0
CUST-02527,68,Two Year,29.82,1992.36,No,No,Electronic Check,Yes,0,0
CUST-02528,67,Two Year,34.63,2307.02,No,DSL,Electronic Check,Yes,2,0
CUST-02529,48,One Year,106.85,4636.22,Yes,No,Bank Transfer,No,3,0
CUST-02530,42,One Year,68.08,2794.86,No,Fiber Optic,Mailed Check,Yes,1,0
CUST-02531,70,One Year,73.98,4860.81,No,Fiber Optic,Bank Transfer,No,3,0
CUST-02532,44,One Year,56.44,2450.85,No,DSL,Electronic Check,No,2,1
CUST-02533,68,Month-to-Month,58.68,3941.92,Yes,No,Electronic Check,Yes,1,0
CUST-02534,71,Two Year,50.32,3511.49,Yes,DSL,Bank Transfer,No,2,0
CUST-02535,15,One Year,81.78,1199.61,Yes,Fiber Optic,Electronic Check,No,3,1
CUST-02536,48,One Year,67.57,3176.64,Yes,DSL,Credit Card,No,0,0
CUST-02537,53,Month-to-Month,80.88,3985.1,Yes,Fiber Optic,Credit Card,No,1,0
CUST-02538,60,Month-to-Month,78.49,4429.91,Yes,Fiber Optic,Electronic Check,Yes,2,0
CUST-02539,26,Month-to-Month,59.35,1406.54,Yes,Fiber Optic,Bank Transfer,No,2,0
CUST-02540,63,Month-to-Month,33.53,2076.6,Yes,Fiber Optic,Electronic Check,No,0,0
CUST-02541,36,Month-to-Month,31.36,1089.0,No,Fiber Optic,Credit Card,No,2,0
CUST-02542,28,Month-to-Month,145.67,3920.8,No,Fiber Optic,Bank Transfer,No,0,0
CUST-02543,12,Month-to-Month,106.95,1186.64,Yes,DSL,Electronic Check,Yes,3,0
CUST-02544,24,Month-to-Month,103.5,2388.37,No,Fiber Optic,Bank Transfer,No,2,1
CUST-02545,71,Month-to-Month,53.13,3566.47,No,Fiber Optic,Electronic Check,Yes,2,0
CUST-02546,52,Two Year,70.24,3650.75,Yes,DSL,Electronic Check,No,1,0
CUST-02547,53,Month-to-Month,49.62,2593.85,No,Fiber Optic,Electronic Check,No,2,0
CUST-02548,65,Month-to-Month,37.2,2303.38,Yes,DSL,Electronic Check,No,4,1
CUST-02549,20,Month-to-Month,55.28,1084.42,No,No,Electronic Check,No,0,0
CUST-02550,48,Month-to-Month,103.15,4537.53,Yes,Fiber Optic,Credit Card,No,5,0
CUST-02551,27,Month-to-Month,91.02,2236.71,No,Fiber Optic,Mailed Check,Yes,0,1
CUST-02552,62,One Year,45.75,2731.73,Yes,No,Credit Card,No,1,0
CUST-02553,31,Two Year,62.13,1873.41,Yes,Fiber Optic,Electronic Check,Yes,1,0
CUST-02554,62,Month-to-Month,88.73,4980.32,No,DSL,Credit Card,Yes,4,1
CUST-02555,54,One Year,55.73,2768.96,Yes,DSL,Bank Transfer,Yes,3,0
CUST-02556,56,Month-to-Month,71.99,3844.89,Yes,Fiber Optic,Bank Transfer,Yes,2,0
CUST-02557,67,Month-to-Month,80.05,4860.71,Yes,DSL,Credit Card,No,0,0
CUST-02558,57,Month-to-Month,79.77,4285.01,No,DSL,Mailed Check,Yes,3,1
CUST-02559,24,Month-to-Month,76.35,1737.5,No,Fiber Optic,Bank Transfer,Yes,0,1
CUST-02560,38,One Year,53.66,2023.14,No,DSL,Credit Card,No,4,0
CUST-02561,35,One Year,56.23,1833.37,No,DSL,Electronic Check,Yes,1,1
CUST-02562,5,One Year,41.66,190.98,No,DSL,Electronic Check,Yes,1,0
CUST-02563,43,Month-to-Month,30.97,1199.54,Yes,DSL,Credit Card,Yes,2,1
CUST-02564,32,One Year,67.13,1959.47,No,Fiber Optic,Credit Card,Yes,0,0
CUST-02565,29,Month-to-Month,90.41,2556.57,Yes,DSL,Mailed Check,No,1,0
CUST-02566,8,Month-to-Month,35.49,268.16,Yes,DSL,Credit Card,No,2,1
CUST-02567,37,Month-to-Month,76.82,2614.59,No,No,Credit Card,No,1,0
CUST-02568,42,One Year,89.62,3738.83,No,Fiber Optic,Mailed Check,Yes,2,0
CUST-02569,8,Two Year,24.08,188.55,No,No,Electronic Check,Yes,2,1
CUST-02570,46,Month-to-Month,63.24,2651.41,Yes,No,Mailed Check,No,2,0
CUST-02571,13,One Year,111.16,1339.44,No,Fiber Optic,Mailed Check,No,0,1
CUST-02572,11,One Year,83.8,907.92,Yes,Fiber Optic,Electronic Check,Yes,0,0
CUST-02573,29,Two Year,23.24,653.23,No,DSL,Credit Card,Yes,4,0
CUST-02574,29,Month-to-Month,86.46,2493.69,Yes,Fiber Optic,Bank Transfer,Yes,1,1
CUST-02575,66,One Year,51.31,3073.64,Yes,Fiber Optic,Credit Card,Yes,0,0
CUST-02576,5,One Year,87.28,426.6,Yes,Fiber Optic,Bank Transfer,Yes,1,0
CUST-02577,26,Two Year,52.75,1244.83,No,DSL,Electronic Check,No,2,0
CUST-02578,53,Month-to-Month,68.67,3398.09,Yes,No,Bank Transfer,Yes,2,0
CUST-02579,18,Two Year,56.56,992.7,Yes,Fiber Optic,Bank Transfer,No,2,0
CUST-02580,71,Month-to-Month,70.08,4831.89,Yes,Fiber Optic,Bank Transfer,Yes,3,0
CUST-02581,54,Two Year,55.82,2713.49,No,No,Electronic Check,Yes,1,0
CUST-02582,69,Month-to-Month,64.41,4089.61,Yes,No,Credit Card,No,2,0
CUST-02583,69,Month-to-Month,40.61,2740.04,No,DSL,Electronic Check,Yes,0,0
CUST-02584,8,Month-to-Month,82.27,600.65,Yes,Fiber Optic,Mailed Check,No,1,0
CUST-02585,34,Month-to-Month,74.38,2358.57,Yes,Fiber Optic,Bank Transfer,Yes,1,0
CUST-02586,54,Month-to-Month,29.59,1467.46,Yes,Fiber Optic,Credit Card,No,1,0
CUST-02587,1,Month-to-Month,94.82,86.39,Yes,Fiber Optic,Electronic Check,Yes,0,0
CUST-02588,33,Month-to-Month,65.59,2129.11,No,Fiber Optic,Electronic Check,Yes,1,0
CUST-02589,50,Month-to-Month,74.04,3354.51,Yes,No,Credit Card,Yes,0,0
CUST-02590,58,One Year,89.11,4928.59,No,DSL,Credit Card,Yes,0,0
CUST-02591,30,Two Year,78.21,2274.19,Yes,DSL,Electronic Check,Yes,0,0
CUST-02592,63,One Year,99.13,5656.64,Yes,Fiber Optic,Credit Card,Yes,1,0
CUST-02593,49,Month-to-Month,62.67,2958.26,Yes,Fiber Optic,Credit Card,No,1,0
CUST-02594,4,Month-to-Month,95.86,357.91,No,No,Electronic Check,Yes,1,0
CUST-02595,20,Two Year,73.07,1437.07,Yes,Fiber Optic,Bank Transfer,Yes,1,0
CUST-02596,68,Month-to-Month,82.69,5509.15,No,Fiber Optic,Electronic Check,Yes,1,0
CUST-02597,1,Month-to-Month,80.09,78.44,No,Fiber Optic,Credit Card,No,0,1
CUST-02598,8,Two Year,101.02,759.56,Yes,No,Electronic Check,Yes,4,0
CUST-02599,25,Two Year,88.04,2161.94,Yes,DSL,Bank Transfer,No,2,1
CUST-02600,72,Month-to-Month,58.93,4085.96,Yes,DSL,Credit Card,Yes,0,0
CUST-02601,51,One Year,53.97,2581.45,Yes,Fiber Optic,Electronic Check,Yes,0,0
CUST-02602,11,Month-to-Month,68.76,686.83,Yes,DSL,Bank Transfer,Yes,2,0
CUST-02603,29,One Year,51.0,1340.98,No,No,Electronic Check,No,2,0
CUST-02604,68,Month-to-Month,43.7,2749.15,No,DSL,Electronic Check,Yes,0,1
CUST-02605,16,Month-to-Month,16.8,249.97,No,Fiber Optic,Credit Card,Yes,1,0
CUST-02606,42,One Year,31.27,1303.82,Yes,No,Credit Card,No,0,0
CUST-02607,34,Month-to-Month,119.64,4067.73,No,DSL,Bank Transfer,Yes,1,1
CUST-02608,55,One Year,53.59,2695.05,No,DSL,Credit Card,No,1,0
CUST-02609,55,Month-to-Month,117.59,6430.44,No,DSL,Electronic Check,Yes,2,0
CUST-02610,60,Two Year,80.08,4663.8,No,No,Mailed Check,No,0,0
CUST-02611,9,Two Year,68.76,587.81,No,No,Credit Card,No,0,1
CUST-02612,33,Month-to-Month,32.48,1066.98,No,Fiber Optic,Credit Card,Yes,0,0
CUST-02613,50,One Year,70.12,3405.62,Yes,Fiber Optic,Mailed Check,No,1,0
CUST-02614,31,Month-to-Month,117.3,3488.54,No,Fiber Optic,Electronic Check,No,2,0
CUST-02615,49,Month-to-Month,108.94,4916.1,No,DSL,Bank Transfer,No,1,0
CUST-02616,46,Month-to-Month,76.86,3268.43,Yes,DSL,Electronic Check,Yes,2,0
CUST-02617,27,Two Year,41.28,1104.7,Yes,No,Credit Card,No,0,0
CUST-02618,8,Two Year,46.07,339.63,Yes,DSL,Electronic Check,Yes,0,0
CUST-02619,70,Two Year,48.69,3078.48,No,Fiber Optic,Mailed Check,No,1,0
CUST-02620,60,Two Year,101.95,5668.15,Yes,DSL,Electronic Check,Yes,1,0
CUST-02621,65,Two Year,110.79,6827.28,No,Fiber Optic,Bank Transfer,No,1,0
CUST-02622,22,Month-to-Month,74.9,1545.96,No,DSL,Credit Card,No,0,0
CUST-02623,23,Two Year,62.42,1426.44,No,DSL,Mailed Check,No,0,0
CUST-02624,24,One Year,108.72,2457.57,Yes,DSL,Credit Card,No,3,0
CUST-02625,3,Month-to-Month,45.54,135.1,No,No,Mailed Check,No,1,1
CUST-02626,13,One Year,71.3,889.33,No,DSL,Electronic Check,No,2,0
CUST-02627,23,Month-to-Month,81.57,1786.83,No,Fiber Optic,Credit Card,Yes,1,1
CUST-02628,72,Month-to-Month,48.43,3194.12,Yes,Fiber Optic,Electronic Check,Yes,0,0
CUST-02629,15,Month-to-Month,54.1,752.34,No,DSL,Electronic Check,No,1,1
CUST-02630,37,Month-to-Month,52.16,1904.28,No,Fiber Optic,Bank Transfer,Yes,2,1
CUST-02631,40,Month-to-Month,105.42,4124.01,No,DSL,Electronic Check,No,0,0
CUST-02632,26,Two Year,117.86,2895.03,No,Fiber Optic,Credit Card,Yes,0,0
CUST-02633,67,One Year,72.87,4837.87,No,Fiber Optic,Mailed Check,Yes,3,0
CUST-02634,7,Month-to-Month,63.29,435.02,No,No,Electronic Check,Yes,1,1
CUST-02635,63,Month-to-Month,55.0,3157.34,Yes,No,Mailed Check,No,3,0
CUST-02636,54,Month-to-Month,70.04,3633.12,No,DSL,Electronic Check,Yes,2,1
CUST-02637,23,Month-to-Month,56.24,1267.5,No,Fiber Optic,Bank Transfer,Yes,0,1
CUST-02638,56,Two Year,67.57,3711.4,No,Fiber Optic,Electronic Check,Yes,0,0
CUST-02639,31,Month-to-Month,80.33,2263.95,Yes,No,Credit Card,Yes,2,1
CUST-02640,70,One Year,59.87,3865.94,No,No,Electronic Check,Yes,1,0
CUST-02641,3,One Year,65.26,184.29,No,Fiber Optic,Electronic Check,Yes,0,0
CUST-02642,3,One Year,65.36,181.41,No,Fiber Optic,Bank Transfer,No,2,1
CUST-02643,40,Two Year,62.06,2261.2,No,DSL,Mailed Check,No,0,0
CUST-02644,68,Month-to-Month,58.96,3860.46,Yes,No,Mailed Check,No,1,0
CUST-02645,5,Two Year,89.05,423.32,No,No,Bank Transfer,No,3,0
CUST-02646,57,One Year,25.73,1342.68,No,DSL,Electronic Check,Yes,0,0
CUST-02647,68,One Year,109.36,7128.89,No,Fiber Optic,Mailed Check,No,0,1
CUST-02648,36,One Year,73.39,2394.22,Yes,DSL,Credit Card,No,2,0
CUST-02649,63,Two Year,85.25,5039.4,No,DSL,Electronic Check,No,1,0
CUST-02650,55,Two Year,88.13,4746.58,No,Fiber Optic,Bank Transfer,No,1,0
CUST-02651,16,Month-to-Month,52.3,827.6,No,DSL,Electronic Check,No,1,1
CUST-02652,62,Two Year,47.14,2702.09,No,Fiber Optic,Credit Card,No,2,0
CUST-02653,51,One Year,44.19,2222.03,No,DSL,Electronic Check,No,2,0
CUST-02654,1,Month-to-Month,63.82,63.13,No,Fiber Optic,Electronic Check,Yes,2,1
CUST-02655,41,Two Year,87.48,3445.68,No,Fiber Optic,Mailed Check,Yes,5,0
CUST-02656,48,Month-to-Month,55.41,2654.94,No,Fiber Optic,Bank Transfer,No,1,0
CUST-02657,58,One Year,85.2,4569.09,No,DSL,Electronic Check,No,0,0
CUST-02658,56,Month-to-Month,15.0,761.79,No,DSL,Credit Card,No,1,0
CUST-02659,35,Month-to-Month,60.36,2079.53,No,Fiber Optic,Electronic Check,Yes,1,0
CUST-02660,22,Two Year,99.18,2070.88,Yes,Fiber Optic,Credit Card,Yes,2,0
CUST-02661,14,Month-to-Month,65.73,860.08,Yes,Fiber Optic,Credit Card,No,0,0
CUST-02662,7,Month-to-Month,49.27,312.31,No,Fiber Optic,Bank Transfer,Yes,1,1
CUST-02663,47,Month-to-Month,53.58,2282.71,No,No,Bank Transfer,Yes,0,1
CUST-02664,70,Month-to-Month,15.0,954.53,No,DSL,Bank Transfer,Yes,0,0
CUST-02665,6,Two Year,44.7,246.31,No,DSL,Credit Card,Yes,1,0
CUST-02666,51,Two Year,96.43,4903.37,No,No,Electronic Check,Yes,0,0
CUST-02667,43,Month-to-Month,55.43,2212.21,Yes,No,Credit Card,Yes,0,0
CUST-02668,13,One Year,58.39,745.18,Yes,DSL,Bank Transfer,Yes,1,0
CUST-02669,16,Month-to-Month,15.0,216.47,No,No,Credit Card,No,0,1
CUST-02670,21,One Year,29.23,572.2,Yes,DSL,Mailed Check,Yes,0,0
CUST-02671,50,Month-to-Month,99.75,4940.71,No,No,Bank Transfer,No,0,1
CUST-02672,22,Month-to-Month,85.43,1726.29,No,Fiber Optic,Electronic Check,Yes,3,1
CUST-02673,60,Month-to-Month,37.56,2092.25,No,Fiber Optic,Mailed Check,No,1,0
CUST-02674,27,One Year,54.24,1439.07,No,No,Mailed Check,Yes,5,0
CUST-02675,8,Month-to-Month,69.27,505.47,No,No,Bank Transfer,Yes,1,0
CUST-02676,7,Month-to-Month,40.1,254.12,No,DSL,Electronic Check,Yes,0,1
CUST-02677,29,Two Year,19.9,575.14,No,Fiber Optic,Credit Card,Yes,2,0
CUST-02678,30,One Year,66.02,1862.71,No,Fiber Optic,Credit Card,No,2,0
CUST-02679,53,Month-to-Month,84.32,4316.06,No,Fiber Optic,Credit Card,Yes,1,0
CUST-02680,35,Two Year,84.8,2708.93,Yes,DSL,Credit Card,Yes,1,0
CUST-02681,12,Two Year,91.88,1016.58,No,DSL,Mailed Check,Yes,1,0
CUST-02682,16,Month-to-Month,31.16,471.64,No,No,Credit Card,Yes,2,1
CUST-02683,41,One Year,71.45,2834.29,No,Fiber Optic,Mailed Check,No,1,0
CUST-02684,25,Month-to-Month,63.29,1470.42,Yes,Fiber Optic,Electronic Check,No,3,0
CUST-02685,49,One Year,67.82,3284.84,Yes,Fiber Optic,Electronic Check,Yes,1,0
CUST-02686,67,Month-to-Month,64.71,4240.68,No,DSL,Electronic Check,Yes,2,0
CUST-02687,26,One Year,53.49,1328.37,No,DSL,Electronic Check,Yes,1,0
CUST-02688,40,Month-to-Month,15.0,567.55,No,DSL,Mailed Check,No,2,0
CUST-02689,60,Month-to-Month,99.05,5716.89,Yes,DSL,Credit Card,Yes,0,0
CUST-02690,16,Two Year,78.25,1218.4,No,No,Electronic Check,No,0,0
CUST-02691,37,Month-to-Month,32.89,1111.66,No,DSL,Credit Card,No,3,1
CUST-02692,22,Two Year,81.83,1773.73,No,DSL,Credit Card,Yes,2,1
CUST-02693,46,Two Year,58.82,2567.57,No,Fiber Optic,Credit Card,Yes,1,0
CUST-02694,54,Two Year,59.53,3193.84,Yes,No,Credit Card,No,1,0
CUST-02695,11,Month-to-Month,50.79,556.21,No,DSL,Credit Card,Yes,0,0
CUST-02696,14,Two Year,83.42,1054.68,No,DSL,Electronic Check,Yes,1,0
CUST-02697,2,Month-to-Month,50.0,93.84,No,Fiber Optic,Mailed Check,Yes,4,0
CUST-02698,1,Month-to-Month,42.58,40.56,Yes,Fiber Optic,Electronic Check,Yes,1,0
CUST-02699,4,Two Year,98.29,375.06,No,Fiber Optic,Electronic Check,No,1,0
CUST-02700,51,One Year,65.53,3282.67,Yes,DSL,Mailed Check,No,2,0
CUST-02701,66,Month-to-Month,66.31,4000.57,Yes,No,Mailed Check,No,0,0
CUST-02702,30,Month-to-Month,87.31,2520.42,No,Fiber Optic,Credit Card,Yes,1,1
CUST-02703,64,Two Year,53.31,3392.26,Yes,No,Electronic Check,Yes,1,0
CUST-02704,53,One Year,58.3,3088.88,Yes,No,Credit Card,No,0,0
CUST-02705,59,Month-to-Month,77.64,4127.3,No,Fiber Optic,Electronic Check,Yes,4,1
CUST-02706,54,Two Year,31.47,1694.72,Yes,DSL,Bank Transfer,Yes,1,0
CUST-02707,15,Month-to-Month,75.53,1033.5,No,Fiber Optic,Electronic Check,Yes,3,1
CUST-02708,38,Month-to-Month,51.11,1852.25,No,Fiber Optic,Credit Card,No,2,1
CUST-02709,38,One Year,91.39,3211.1,No,DSL,Bank Transfer,Yes,2,1
CUST-02710,47,Two Year,83.67,3777.7,Yes,DSL,Electronic Check,No,3,0
CUST-02711,58,Month-to-Month,80.36,4212.05,No,DSL,Credit Card,Yes,0,1
CUST-02712,9,Month-to-Month,29.83,248.02,No,No,Electronic Check,Yes,1,1
CUST-02713,49,Month-to-Month,67.42,3072.52,Yes,Fiber Optic,Credit Card,Yes,0,0
CUST-02714,60,Two Year,40.57,2413.66,No,Fiber Optic,Electronic Check,Yes,2,0
CUST-02715,9,Month-to-Month,69.08,595.83,Yes,Fiber Optic,Electronic Check,No,1,1
CUST-02716,30,Month-to-Month,15.0,436.87,Yes,Fiber Optic,Electronic Check,Yes,2,1
CUST-02717,65,Two Year,31.48,1979.91,Yes,No,Bank Transfer,No,0,0
CUST-02718,2,Month-to-Month,99.73,187.34,No,DSL,Credit Card,No,3,1
CUST-02719,12,One Year,79.23,857.02,Yes,DSL,Bank Transfer,Yes,2,1
CUST-02720,58,Month-to-Month,61.15,3229.99,Yes,Fiber Optic,Electronic Check,Yes,0,0
CUST-02721,13,Two Year,47.28,581.38,No,No,Mailed Check,No,1,0
CUST-02722,51,Month-to-Month,42.89,2174.55,Yes,No,Mailed Check,No,0,0
CUST-02723,65,Month-to-Month,75.0,4508.77,No,No,Mailed Check,Yes,1,1
CUST-02724,36,Month-to-Month,61.41,2144.07,No,Fiber Optic,Mailed Check,No,0,0
CUST-02725,35,One Year,108.67,3737.5,No,DSL,Mailed Check,Yes,0,0
CUST-02726,31,One Year,65.38,2007.89,Yes,DSL,Bank Transfer,No,1,0
CUST-02727,27,Month-to-Month,71.47,1793.35,Yes,Fiber Optic,Bank Transfer,No,3,0
CUST-02728,28,Month-to-Month,35.29,981.33,Yes,Fiber Optic,Electronic Check,Yes,5,0
CUST-02729,40,Two Year,60.98,2343.58,Yes,Fiber Optic,Credit Card,Yes,0,0
CUST-02730,65,Month-to-Month,74.42,4599.5,No,DSL,Credit Card,No,1,0
CUST-02731,71,Month-to-Month,60.68,4212.81,Yes,Fiber Optic,Credit Card,No,1,0
CUST-02732,63,One Year,57.86,3367.68,No,No,Credit Card,Yes,1,0
CUST-02733,9,Month-to-Month,78.17,690.34,Yes,DSL,Mailed Check,Yes,1,1
CUST-02734,23,Month-to-Month,107.87,2394.17,Yes,Fiber Optic,Credit Card,Yes,3,1
CUST-02735,55,Month-to-Month,73.62,3967.86,Yes,DSL,Mailed Check,Yes,0,0
CUST-02736,40,Month-to-Month,98.6,3887.1,Yes,Fiber Optic,Mailed Check,Yes,0,0
CUST-02737,25,Month-to-Month,85.54,2056.67,No,Fiber Optic,Credit Card,Yes,0,0
CUST-02738,23,One Year,97.11,2018.38,No,DSL,Credit Card,Yes,1,0
CUST-02739,9,One Year,54.76,458.23,Yes,Fiber Optic,Mailed Check,Yes,0,1
CUST-02740,24,Month-to-Month,64.83,1536.94,No,Fiber Optic,Credit Card,No,3,0
CUST-02741,31,Two Year,64.93,1937.74,No,DSL,Bank Transfer,Yes,2,0
CUST-02742,30,Month-to-Month,83.66,2482.21,No,No,Mailed Check,No,1,1
CUST-02743,40,One Year,89.81,3371.3,Yes,Fiber Optic,Credit Card,Yes,0,0
CUST-02744,20,Month-to-Month,73.13,1390.16,No,Fiber Optic,Mailed Check,No,1,1
CUST-02745,15,One Year,91.92,1359.85,Yes,DSL,Credit Card,No,2,0
CUST-02746,64,Month-to-Month,55.92,3493.71,Yes,Fiber Optic,Credit Card,Yes,1,0
CUST-02747,30,Month-to-Month,92.13,2591.85,No,DSL,Electronic Check,No,3,0
CUST-02748,19,Month-to-Month,95.4,1635.44,Yes,DSL,Credit Card,Yes,2,0
CUST-02749,46,Month-to-Month,86.94,3951.38,No,Fiber Optic,Electronic Check,Yes,3,1
CUST-02750,40,Month-to-Month,73.35,2871.32,No,No,Credit Card,Yes,0,0
CUST-02751,42,One Year,87.83,3485.66,Yes,DSL,Bank Transfer,Yes,0,0
CUST-02752,16,Two Year,47.65,727.81,No,Fiber Optic,Bank Transfer,Yes,0,0
CUST-02753,53,Month-to-Month,74.96,3656.76,Yes,Fiber Optic,Credit Card,No,1,0
CUST-02754,14,Two Year,77.51,1021.34,No,Fiber Optic,Bank Transfer,Yes,0,1
CUST-02755,61,One Year,36.76,2054.72,No,No,Electronic Check,No,0,0
CUST-02756,31,Two Year,81.86,2337.33,Yes,Fiber Optic,Bank Transfer,Yes,0,0
CUST-02757,30,One Year,38.78,1145.53,Yes,Fiber Optic,Bank Transfer,Yes,1,0
CUST-02758,28,One Year,59.3,1554.54,No,DSL,Mailed Check,Yes,1,0
CUST-02759,31,Month-to-Month,70.99,2159.92,No,DSL,Electronic Check,No,0,1
CUST-02760,48,One Year,51.73,2352.41,No,Fiber Optic,Mailed Check,No,1,0
CUST-02761,36,Two Year,72.06,2353.1,Yes,DSL,Credit Card,No,2,0
CUST-02762,10,Month-to-Month,71.66,670.85,Yes,DSL,Bank Transfer,Yes,5,1
CUST-02763,41,Month-to-Month,49.5,1858.67,No,DSL,Credit Card,No,0,0
CUST-02764,20,Month-to-Month,84.2,1632.4,No,DSL,Mailed Check,Yes,2,0
CUST-02765,8,Two Year,50.9,403.59,Yes,Fiber Optic,Credit Card,No,0,0
CUST-02766,61,Month-to-Month,127.2,7575.37,No,DSL,Credit Card,Yes,0,0
CUST-02767,23,One Year,67.26,1512.7,No,DSL,Mailed Check,Yes,2,0
CUST-02768,43,Two Year,40.72,1726.77,No,Fiber Optic,Mailed Check,Yes,0,0
CUST-02769,13,Two Year,45.39,576.89,No,Fiber Optic,Credit Card,Yes,2,0
CUST-02770,25,Month-to-Month,98.69,2360.81,Yes,No,Credit Card,Yes,1,0
CUST-02771,28,One Year,59.77,1625.74,Yes,No,Mailed Check,Yes,1,0
CUST-02772,10,Two Year,35.91,338.13,No,No,Credit Card,Yes,1,0
CUST-02773,71,Month-to-Month,91.34,5882.53,No,Fiber Optic,Credit Card,Yes,2,1
CUST-02774,23,One Year,59.61,1330.66,No,DSL,Electronic Check,No,1,0
CUST-02775,42,Month-to-Month,86.34,3525.35,Yes,DSL,Mailed Check,No,3,0
CUST-02776,41,One Year,93.39,3531.75,Yes,No,Bank Transfer,No,0,0
CUST-02777,31,Month-to-Month,76.86,2371.69,No,No,Electronic Check,Yes,0,1
CUST-02778,43,Month-to-Month,129.9,5056.46,No,Fiber Optic,Credit Card,Yes,4,0
CUST-02779,41,Month-to-Month,26.88,1072.98,Yes,Fiber Optic,Electronic Check,No,1,0
CUST-02780,6,Month-to-Month,49.55,296.36,Yes,DSL,Mailed Check,No,1,1
CUST-02781,49,Month-to-Month,63.6,2901.1,No,DSL,Mailed Check,No,2,1
CUST-02782,9,One Year,126.53,1128.8,Yes,Fiber Optic,Bank Transfer,No,1,0
CUST-02783,32,Month-to-Month,114.95,3614.56,Yes,DSL,Electronic Check,Yes,1,1
CUST-02784,27,Month-to-Month,102.22,2689.32,No,Fiber Optic,Mailed Check,No,0,1
CUST-02785,33,One Year,50.15,1647.3,Yes,Fiber Optic,Electronic Check,No,1,0
CUST-02786,6,One Year,53.06,307.35,Yes,No,Electronic Check,Yes,2,0
CUST-02787,51,Month-to-Month,49.29,2386.81,Yes,No,Credit Card,Yes,3,0
CUST-02788,31,Two Year,50.41,1512.03,Yes,DSL,Electronic Check,Yes,0,0
CUST-02789,5,Month-to-Month,107.32,505.04,No,Fiber Optic,Electronic Check,Yes,1,1
CUST-02790,1,Two Year,63.91,59.6,No,Fiber Optic,Electronic Check,No,0,0
CUST-02791,39,Month-to-Month,67.21,2380.63,Yes,Fiber Optic,Mailed Check,No,1,0
CUST-02792,48,One Year,89.36,4022.49,Yes,No,Electronic Check,No,1,0
CUST-02793,40,Two Year,28.41,1114.04,Yes,DSL,Bank Transfer,No,0,0
CUST-02794,52,Two Year,71.32,3688.4,No,DSL,Bank Transfer,Yes,0,0
CUST-02795,55,One Year,42.58,2336.08,No,Fiber Optic,Electronic Check,Yes,1,0
CUST-02796,63,One Year,62.64,3633.19,No,Fiber Optic,Electronic Check,Yes,0,0
CUST-02797,71,Month-to-Month,55.34,3760.75,Yes,Fiber Optic,Mailed Check,No,1,0
CUST-02798,64,One Year,54.05,3312.44,No,DSL,Credit Card,Yes,1,0
CUST-02799,58,One Year,75.64,4025.64,No,DSL,Electronic Check,Yes,1,0
CUST-02800,32,Two Year,75.53,2315.84,Yes,Fiber Optic,Bank Transfer,No,1,0
CUST-02801,37,Month-to-Month,64.5,2234.42,Yes,Fiber Optic,Credit Card,Yes,0,0
CUST-02802,45,Month-to-Month,79.27,3546.61,Yes,DSL,Electronic Check,No,2,0
CUST-02803,13,One Year,48.28,580.89,No,No,Electronic Check,No,3,1
CUST-02804,49,Month-to-Month,87.04,4194.57,Yes,Fiber Optic,Bank Transfer,No,2,0
CUST-02805,43,Month-to-Month,64.85,2759.79,Yes,DSL,Credit Card,Yes,1,1
CUST-02806,38,Month-to-Month,57.91,2142.46,No,DSL,Electronic Check,Yes,2,0
CUST-02807,61,One Year,50.13,2817.78,No,DSL,Bank Transfer,Yes,2,0
CUST-02808,50,Month-to-Month,63.97,2961.93,Yes,DSL,Bank Transfer,Yes,1,1
CUST-02809,68,Month-to-Month,116.77,7917.43,No,Fiber Optic,Mailed Check,Yes,1,0
CUST-02810,71,Month-to-Month,68.42,4408.87,Yes,No,Bank Transfer,Yes,3,1
CUST-02811,60,Two Year,41.39,2264.14,No,DSL,Mailed Check,Yes,0,0
CUST-02812,22,One Year,92.97,2040.96,No,DSL,Credit Card,Yes,1,1
CUST-02813,14,Month-to-Month,58.2,796.62,No,No,Mailed Check,Yes,5,1
CUST-02814,22,Month-to-Month,77.09,1652.97,No,Fiber Optic,Mailed Check,Yes,1,0
CUST-02815,52,One Year,54.86,2613.15,No,Fiber Optic,Bank Transfer,Yes,2,0
CUST-02816,63,Month-to-Month,102.02,6098.79,No,Fiber Optic,Electronic Check,No,1,0
CUST-02817,64,One Year,55.23,3478.43,No,DSL,Mailed Check,Yes,2,0
CUST-02818,50,Month-to-Month,104.95,4895.32,Yes,DSL,Electronic Check,Yes,1,0
CUST-02819,50,Two Year,43.77,2011.84,No,No,Bank Transfer,No,0,0
CUST-02820,69,Month-to-Month,62.68,3897.16,No,Fiber Optic,Mailed Check,No,4,0
CUST-02821,50,One Year,105.0,5051.83,No,DSL,Credit Card,No,1,0
CUST-02822,11,Month-to-Month,74.2,758.56,No,No,Credit Card,No,2,0
CUST-02823,37,Two Year,126.79,4627.28,No,Fiber Optic,Mailed Check,No,0,0
CUST-02824,26,Two Year,63.27,1527.16,Yes,DSL,Bank Transfer,No,1,0
CUST-02825,46,One Year,76.43,3217.49,Yes,No,Electronic Check,No,1,0
CUST-02826,46,Month-to-Month,117.63,5389.58,No,Fiber Optic,Mailed Check,No,1,1
CUST-02827,22,Month-to-Month,32.15,704.81,No,Fiber Optic,Electronic Check,No,1,1
CUST-02828,22,Two Year,29.06,619.18,No,DSL,Electronic Check,No,3,0
CUST-02829,7,One Year,50.11,348.26,No,DSL,Credit Card,Yes,1,0
CUST-02830,22,Month-to-Month,90.33,1820.69,Yes,No,Credit Card,No,4,0
CUST-02831,60,Month-to-Month,29.75,1688.67,Yes,DSL,Mailed Check,Yes,2,0
CUST-02832,48,Month-to-Month,84.93,3752.2,Yes,No,Electronic Check,Yes,2,0
CUST-02833,68,Two Year,83.17,5360.78,No,Fiber Optic,Electronic Check,Yes,4,0
CUST-02834,67,One Year,120.36,7895.72,No,Fiber Optic,Electronic Check,No,0,0
CUST-02835,62,One Year,96.14,5868.25,No,No,Credit Card,Yes,0,0
CUST-02836,13,One Year,79.1,925.9,No,No,Mailed Check,No,0,1
CUST-02837,25,Month-to-Month,103.98,2440.8,Yes,No,Credit Card,Yes,3,0
CUST-02838,5,Month-to-Month,83.47,417.1,No,Fiber Optic,Mailed Check,Yes,2,1
CUST-02839,7,Month-to-Month,58.5,392.68,No,Fiber Optic,Bank Transfer,No,0,0
CUST-02840,17,One Year,41.38,653.95,Yes,DSL,Bank Transfer,Yes,1,0
CUST-02841,21,Month-to-Month,55.77,1099.61,No,DSL,Electronic Check,No,2,1
CUST-02842,2,Month-to-Month,69.0,128.65,Yes,No,Bank Transfer,No,0,0
CUST-02843,61,Month-to-Month,74.38,4286.55,No,No,Credit Card,Yes,1,0
CUST-02844,38,Month-to-Month,16.62,596.48,Yes,DSL,Electronic Check,Yes,1,0
CUST-02845,48,One Year,64.51,2943.78,Yes,Fiber Optic,Electronic Check,Yes,0,0
CUST-02846,48,Month-to-Month,70.71,3212.33,No,No,Mailed Check,Yes,2,0
CUST-02847,70,Month-to-Month,83.69,5574.82,Yes,Fiber Optic,Credit Card,No,0,0
CUST-02848,11,One Year,110.67,1099.04,Yes,DSL,Credit Card,Yes,1,0
CUST-02849,25,Month-to-Month,74.64,1689.56,No,DSL,Electronic Check,Yes,0,1
CUST-02850,23,Month-to-Month,47.26,1018.62,Yes,Fiber Optic,Bank Transfer,No,3,1
CUST-02851,40,Month-to-Month,24.55,970.7,No,No,Credit Card,No,4,0
CUST-02852,38,Two Year,87.18,3243.55,No,DSL,Credit Card,Yes,0,0
CUST-02853,57,Month-to-Month,48.27,2506.56,Yes,Fiber Optic,Electronic Check,Yes,3,0
CUST-02854,41,One Year,91.67,3568.6,No,Fiber Optic,Credit Card,Yes,1,0
CUST-02855,17,Two Year,104.94,1713.44,Yes,No,Credit Card,Yes,2,0
CUST-02856,41,One Year,31.4,1220.61,Yes,No,Bank Transfer,Yes,0,0
CUST-02857,70,Month-to-Month,83.85,5691.99,Yes,No,Electronic Check,No,1,0
CUST-02858,42,One Year,102.32,4296.26,No,Fiber Optic,Electronic Check,No,1,0
CUST-02859,43,Month-to-Month,95.48,3734.68,Yes,No,Electronic Check,Yes,0,0
CUST-02860,13,Month-to-Month,17.59,217.59,Yes,Fiber Optic,Credit Card,Yes,1,0
CUST-02861,1,Month-to-Month,48.66,46.29,No,Fiber Optic,Bank Transfer,Yes,1,1
CUST-02862,16,Month-to-Month,38.0,581.39,No,DSL,Credit Card,No,4,1
CUST-02863,2,Month-to-Month,83.09,152.34,Yes,Fiber Optic,Mailed Check,No,3,1
CUST-02864,33,Month-to-Month,80.33,2555.02,Yes,DSL,Credit Card,No,1,1
CUST-02865,64,Month-to-Month,15.0,868.26,Yes,No,Credit Card,Yes,2,0
CUST-02866,33,Month-to-Month,62.48,2008.46,Yes,DSL,Electronic Check,Yes,0,1
CUST-02867,47,One Year,90.02,4088.42,No,DSL,Electronic Check,No,1,0
CUST-02868,62,Two Year,73.7,4263.44,Yes,No,Credit Card,Yes,1,0
CUST-02869,55,Month-to-Month,73.66,4046.84,Yes,Fiber Optic,Bank Transfer,Yes,1,0
CUST-02870,47,One Year,60.88,2812.37,Yes,Fiber Optic,Electronic Check,Yes,3,0
CUST-02871,57,Month-to-Month,43.53,2366.96,No,Fiber Optic,Credit Card,No,1,0
CUST-02872,21,Month-to-Month,69.57,1459.58,No,DSL,Electronic Check,Yes,0,1
CUST-02873,31,Month-to-Month,71.3,2172.74,Yes,DSL,Bank Transfer,No,1,0
CUST-02874,29,Month-to-Month,85.38,2262.58,No,Fiber Optic,Credit Card,Yes,2,1
CUST-02875,58,Month-to-Month,87.41,4862.46,No,No,Electronic Check,No,1,1
CUST-02876,30,Month-to-Month,72.15,2073.78,Yes,Fiber Optic,Electronic Check,No,0,1
CUST-02877,68,Month-to-Month,97.37,6391.37,Yes,DSL,Bank Transfer,No,0,1
CUST-02878,14,Month-to-Month,60.63,843.79,Yes,DSL,Bank Transfer,Yes,0,0
CUST-02879,13,Month-to-Month,33.9,418.31,No,Fiber Optic,Electronic Check,Yes,1,0
CUST-02880,52,Month-to-Month,81.93,3867.29,Yes,DSL,Mailed Check,No,0,0
CUST-02881,56,Month-to-Month,73.16,3883.64,Yes,DSL,Mailed Check,Yes,1,0
CUST-02882,49,Month-to-Month,82.42,3952.88,No,Fiber Optic,Credit Card,Yes,1,1
CUST-02883,23,Month-to-Month,38.39,826.34,No,Fiber Optic,Bank Transfer,No,2,1
CUST-02884,1,Month-to-Month,114.77,103.6,No,Fiber Optic,Electronic Check,No,2,1
CUST-02885,24,Month-to-Month,87.76,1959.49,Yes,DSL,Electronic Check,No,0,0
CUST-02886,34,Month-to-Month,62.8,2067.33,Yes,DSL,Electronic Check,Yes,2,0
CUST-02887,30,Two Year,46.61,1270.5,No,DSL,Electronic Check,Yes,1,0
CUST-02888,67,Month-to-Month,96.93,6089.04,No,Fiber Optic,Electronic Check,Yes,2,0
CUST-02889,63,Month-to-Month,42.46,2443.09,No,DSL,Credit Card,No,1,0
CUST-02890,56,Month-to-Month,126.53,6714.34,No,No,Credit Card,No,2,0
CUST-02891,2,Two Year,54.67,99.95,No,DSL,Electronic Check,Yes,1,0
CUST-02892,10,One Year,113.01,1029.41,Yes,Fiber Optic,Credit Card,Yes,4,0
CUST-02893,32,One Year,65.39,2029.25,No,DSL,Bank Transfer,No,3,0
CUST-02894,45,Two Year,109.52,4513.43,No,Fiber Optic,Bank Transfer,Yes,1,0
CUST-02895,49,Month-to-Month,51.63,2316.04,Yes,Fiber Optic,Credit Card,Yes,2,0
CUST-02896,22,Two Year,70.47,1487.17,No,DSL,Electronic Check,No,1,1
CUST-02897,8,Month-to-Month,90.12,652.01,No,Fiber Optic,Bank Transfer,Yes,2,0
CUST-02898,24,One Year,86.55,1876.33,Yes,DSL,Electronic Check,No,4,0
CUST-02899,58,Month-to-Month,97.52,5334.58,No,Fiber Optic,Credit Card,No,0,0
CUST-02900,72,Month-to-Month,57.81,3898.05,No,No,Electronic Check,No,1,0
CUST-02901,68,Two Year,72.12,4680.83,Yes,Fiber Optic,Bank Transfer,Yes,2,0
CUST-02902,43,Month-to-Month,101.21,4349.19,No,Fiber Optic,Electronic Check,No,2,0
CUST-02903,7,Two Year,52.37,345.87,No,DSL,Mailed Check,No,3,0
CUST-02904,70,Month-to-Month,84.31,5651.5,Yes,Fiber Optic,Mailed Check,No,1,1
CUST-02905,12,One Year,64.52,767.99,Yes,Fiber Optic,Bank Transfer,Yes,1,0
CUST-02906,20,Two Year,75.15,1425.32,No,DSL,Electronic Check,No,1,0
CUST-02907,71,Month-to-Month,72.11,5007.75,Yes,DSL,Electronic Check,No,2,0
CUST-02908,37,Two Year,50.29,1776.75,No,DSL,Electronic Check,Yes,6,0
CUST-02909,15,One Year,63.48,917.65,Yes,DSL,Electronic Check,No,1,0
CUST-02910,37,One Year,73.62,2705.55,No,No,Electronic Check,Yes,2,0
CUST-02911,6,Month-to-Month,67.43,364.15,No,DSL,Mailed Check,Yes,1,0
CUST-02912,23,Month-to-Month,109.32,2489.45,Yes,DSL,Mailed Check,Yes,1,1
CUST-02913,69,One Year,95.25,6242.12,No,DSL,Credit Card,Yes,2,0
CUST-02914,22,Month-to-Month,77.25,1632.67,Yes,DSL,Mailed Check,Yes,2,0
CUST-02915,65,Month-to-Month,50.92,3127.78,Yes,Fiber Optic,Electronic Check,Yes,0,1
CUST-02916,40,Month-to-Month,49.4,1829.96,Yes,DSL,Credit Card,Yes,1,0
CUST-02917,48,Two Year,119.35,5193.73,Yes,DSL,Electronic Check,Yes,2,0
CUST-02918,51,Month-to-Month,44.75,2269.73,Yes,DSL,Credit Card,Yes,1,1
CUST-02919,40,One Year,72.85,2804.4,Yes,Fiber Optic,Mailed Check,No,4,0
CUST-02920,3,Two Year,79.02,234.06,Yes,Fiber Optic,Electronic Check,Yes,2,0
CUST-02921,67,Month-to-Month,62.22,3873.1,Yes,Fiber Optic,Credit Card,No,2,0
CUST-02922,35,Month-to-Month,44.94,1459.34,Yes,DSL,Mailed Check,No,3,0
CUST-02923,48,One Year,50.38,2257.62,No,DSL,Credit Card,No,3,0
CUST-02924,40,Month-to-Month,56.34,2080.31,Yes,No,Mailed Check,No,0,0
CUST-02925,48,One Year,52.26,2382.55,No,DSL,Mailed Check,No,3,0
CUST-02926,26,One Year,103.19,2665.83,Yes,Fiber Optic,Mailed Check,Yes,0,0
CUST-02927,61,One Year,69.77,4203.22,Yes,DSL,Mailed Check,Yes,2,0
CUST-02928,17,Month-to-Month,56.9,918.46,Yes,DSL,Credit Card,Yes,0,1
CUST-02929,48,One Year,72.67,3261.0,Yes,Fiber Optic,Electronic Check,No,1,0
CUST-02930,42,One Year,86.7,3500.0,No,Fiber Optic,Mailed Check,No,3,1
CUST-02931,37,Month-to-Month,61.38,2183.0,No,DSL,Electronic Check,No,4,0
CUST-02932,2,One Year,92.55,179.25,Yes,Fiber Optic,Bank Transfer,No,1,0
CUST-02933,29,Two Year,38.22,1056.91,Yes,Fiber Optic,Electronic Check,Yes,1,0
CUST-02934,4,One Year,99.28,358.47,No,Fiber Optic,Electronic Check,Yes,1,0
CUST-02935,37,Month-to-Month,69.78,2343.31,Yes,No,Mailed Check,Yes,0,0
CUST-02936,50,Month-to-Month,68.8,3430.98,No,Fiber Optic,Bank Transfer,Yes,3,0
CUST-02937,38,Month-to-Month,52.67,1950.67,No,DSL,Credit Card,No,3,1
CUST-02938,55,Month-to-Month,39.3,2150.31,Yes,DSL,Electronic Check,No,1,1
CUST-02939,26,Month-to-Month,28.33,687.93,Yes,Fiber Optic,Mailed Check,Yes,2,0
CUST-02940,23,Two Year,50.93,1116.91,Yes,DSL,Electronic Check,Yes,1,0
CUST-02941,33,Month-to-Month,84.69,2605.27,No,No,Bank Transfer,No,1,0
CUST-02942,17,Two Year,45.97,774.37,No,No,Mailed Check,No,0,0
CUST-02943,58,Month-to-Month,31.29,1685.56,Yes,DSL,Electronic Check,No,1,0
CUST-02944,59,Month-to-Month,47.27,2703.54,No,No,Bank Transfer,Yes,0,0
CUST-02945,30,Month-to-Month,60.38,1661.97,Yes,DSL,Electronic Check,Yes,0,1
CUST-02946,58,Month-to-Month,61.36,3240.45,Yes,DSL,Electronic Check,Yes,2,0
CUST-02947,2,One Year,66.78,122.28,No,No,Credit Card,Yes,0,1
CUST-02948,12,Two Year,95.82,1095.73,No,Fiber Optic,Credit Card,Yes,2,0
CUST-02949,21,Two Year,101.23,2092.78,No,Fiber Optic,Bank Transfer,Yes,1,0
CUST-02950,28,Month-to-Month,120.14,3363.68,No,No,Electronic Check,No,1,1
CUST-02951,17,One Year,29.38,480.61,No,DSL,Electronic Check,Yes,1,0
CUST-02952,37,Month-to-Month,48.6,1714.33,No,Fiber Optic,Electronic Check,Yes,1,0
CUST-02953,58,Two Year,87.46,4964.57,No,No,Bank Transfer,Yes,4,0
CUST-02954,33,Month-to-Month,58.65,1754.24,No,No,Credit Card,Yes,0,0
CUST-02955,33,Month-to-Month,91.52,2962.59,No,Fiber Optic,Mailed Check,No,4,1
CUST-02956,5,Month-to-Month,75.18,366.82,No,DSL,Mailed Check,No,3,0
CUST-02957,21,Month-to-Month,109.48,2190.92,No,No,Electronic Check,Yes,1,0
CUST-02958,59,Month-to-Month,96.07,5114.35,No,DSL,Bank Transfer,Yes,2,0
CUST-02959,59,Two Year,96.53,5240.9,Yes,No,Electronic Check,Yes,3,0
CUST-02960,8,One Year,59.7,447.5,No,DSL,Bank Transfer,No,0,0
CUST-02961,2,Two Year,67.56,134.33,No,DSL,Bank Transfer,No,2,1
CUST-02962,60,Month-to-Month,62.37,3606.92,No,DSL,Electronic Check,Yes,1,1
CUST-02963,13,One Year,32.35,399.95,No,Fiber Optic,Credit Card,No,1,0
CUST-02964,42,Month-to-Month,106.79,4255.73,Yes,DSL,Credit Card,Yes,3,0
CUST-02965,60,Month-to-Month,88.63,5200.8,Yes,Fiber Optic,Bank Transfer,No,0,0
CUST-02966,57,Month-to-Month,61.37,3261.49,Yes,No,Electronic Check,No,0,0
CUST-02967,40,Month-to-Month,102.61,3732.76,No,DSL,Electronic Check,Yes,1,1
CUST-02968,28,One Year,54.24,1469.67,No,Fiber Optic,Electronic Check,No,3,0
CUST-02969,56,Month-to-Month,24.05,1256.43,No,Fiber Optic,Mailed Check,Yes,0,0
CUST-02970,51,Month-to-Month,95.18,4526.81,Yes,Fiber Optic,Electronic Check,No,1,1
CUST-02971,61,One Year,38.04,2193.91,No,Fiber Optic,Credit Card,Yes,1,0
CUST-02972,37,Month-to-Month,65.11,2226.64,Yes,No,Mailed Check,No,3,0
CUST-02973,68,Two Year,75.15,5070.19,Yes,Fiber Optic,Mailed Check,Yes,1,0
CUST-02974,56,Month-to-Month,79.64,4391.59,No,Fiber Optic,Credit Card,Yes,2,0
CUST-02975,5,Two Year,91.21,455.64,No,DSL,Bank Transfer,No,2,0
CUST-02976,22,One Year,84.52,1852.85,No,Fiber Optic,Mailed Check,No,2,1
CUST-02977,58,One Year,83.75,4524.5,No,DSL,Credit Card,Yes,2,0
CUST-02978,9,One Year,50.23,424.07,Yes,Fiber Optic,Mailed Check,No,0,0
CUST-02979,52,Two Year,77.36,3901.34,Yes,Fiber Optic,Bank Transfer,No,0,0
CUST-02980,25,One Year,32.36,729.38,No,Fiber Optic,Mailed Check,No,1,0
CUST-02981,15,Month-to-Month,109.05,1634.75,No,Fiber Optic,Bank Transfer,Yes,1,1
CUST-02982,39,Month-to-Month,34.94,1227.87,No,Fiber Optic,Credit Card,No,1,0
CUST-02983,68,One Year,61.34,3975.7,Yes,DSL,Bank Transfer,Yes,1,0
CUST-02984,65,Month-to-Month,37.03,2327.21,Yes,Fiber Optic,Electronic Check,Yes,1,0
CUST-02985,30,Month-to-Month,51.75,1539.17,No,No,Credit Card,No,0,1
CUST-02986,1,Month-to-Month,70.34,67.84,No,Fiber Optic,Mailed Check,Yes,1,1
CUST-02987,64,Month-to-Month,56.78,3487.46,Yes,DSL,Credit Card,Yes,0,0
CUST-02988,65,Month-to-Month,98.61,5961.2,Yes,Fiber Optic,Electronic Check,No,1,0
CUST-02989,44,One Year,75.67,3193.28,Yes,DSL,Mailed Check,Yes,1,0
CUST-02990,46,One Year,58.43,2620.51,Yes,Fiber Optic,Credit Card,Yes,0,0
CUST-02991,38,Two Year,66.66,2410.38,No,DSL,Bank Transfer,Yes,1,0
CUST-02992,1,Month-to-Month,100.49,98.28,No,Fiber Optic,Electronic Check,No,3,1
CUST-02993,12,Month-to-Month,92.72,1009.12,Yes,No,Bank Transfer,Yes,0,0
CUST-02994,11,One Year,41.53,426.47,No,DSL,Electronic Check,Yes,0,0
CUST-02995,66,Month-to-Month,52.98,3482.63,No,Fiber Optic,Mailed Check,No,1,0
CUST-02996,4,One Year,81.87,305.32,Yes,DSL,Electronic Check,No,3,0
CUST-02997,41,Month-to-Month,78.83,3109.81,No,DSL,Electronic Check,No,1,0
CUST-02998,27,Two Year,43.74,1124.28,No,Fiber Optic,Electronic Check,Yes,1,0
CUST-02999,1,Month-to-Month,88.73,88.17,Yes,Fiber Optic,Bank Transfer,No,0,0
CUST-03000,67,Two Year,47.73,2930.17,No,No,Bank Transfer,Yes,2,0
CUST-03001,2,One Year,102.6,190.82,Yes,DSL,Electronic Check,No,0,1
CUST-03002,62,Month-to-Month,83.24,5089.85,No,DSL,Bank Transfer,Yes,2,0
CUST-03003,56,One Year,41.7,2257.25,No,Fiber Optic,Mailed Check,No,2,0
CUST-03004,58,Month-to-Month,56.77,3142.2,No,Fiber Optic,Credit Card,No,4,1
CUST-03005,12,One Year,56.34,635.17,Yes,Fiber Optic,Credit Card,Yes,2,0
CUST-03006,64,One Year,74.0,4457.2,Yes,Fiber Optic,Credit Card,Yes,1,0
CUST-03007,44,Month-to-Month,64.9,2837.02,No,No,Credit Card,Yes,5,0
CUST-03008,29,Month-to-Month,41.36,1159.99,No,DSL,Bank Transfer,Yes,1,0
CUST-03009,50,One Year,35.14,1744.54,No,No,Electronic Check,Yes,0,0
CUST-03010,25,Month-to-Month,83.73,2087.43,Yes,No,Credit Card,Yes,0,1
CUST-03011,21,Two Year,77.16,1546.96,No,DSL,Bank Transfer,Yes,1,0
CUST-03012,21,One Year,72.64,1465.93,Yes,DSL,Electronic Check,Yes,3,1
CUST-03013,41,One Year,76.77,3039.41,Yes,Fiber Optic,Electronic Check,Yes,0,0
CUST-03014,44,Month-to-Month,54.53,2360.73,No,Fiber Optic,Mailed Check,No,0,0
CUST-03015,18,One Year,74.6,1297.02,No,DSL,Electronic Check,Yes,1,0
CUST-03016,18,Two Year,133.46,2189.59,No,Fiber Optic,Credit Card,Yes,0,0
CUST-03017,69,Month-to-Month,99.36,6816.37,Yes,Fiber Optic,Electronic Check,Yes,0,0
CUST-03018,38,Month-to-Month,62.79,2305.12,No,No,Electronic Check,Yes,2,1
CUST-03019,62,Month-to-Month,56.92,3483.13,No,No,Electronic Check,Yes,0,0
CUST-03020,24,Month-to-Month,15.0,339.29,Yes,No,Bank Transfer,Yes,1,0
CUST-03021,21,One Year,96.72,1924.43,No,Fiber Optic,Bank Transfer,Yes,1,0
CUST-03022,21,Month-to-Month,89.67,1824.48,No,Fiber Optic,Bank Transfer,Yes,0,1
CUST-03023,39,One Year,56.4,2150.42,Yes,DSL,Electronic Check,Yes,1,0
CUST-03024,57,Month-to-Month,34.21,1770.27,No,Fiber Optic,Credit Card,No,3,0
CUST-03025,37,Month-to-Month,41.12,1431.27,No,No,Mailed Check,No,2,1
CUST-03026,22,Month-to-Month,81.11,1743.35,No,No,Electronic Check,No,0,1
CUST-03027,70,Two Year,67.77,4740.22,Yes,Fiber Optic,Electronic Check,Yes,3,0
CUST-03028,42,One Year,87.29,3303.83,No,DSL,Mailed Check,Yes,1,0
CUST-03029,29,Month-to-Month,72.16,1938.79,No,DSL,Mailed Check,No,1,1
CUST-03030,1,One Year,94.17,89.13,No,Fiber Optic,Bank Transfer,Yes,2,0
CUST-03031,41,Month-to-Month,79.24,2996.39,Yes,DSL,Electronic Check,Yes,0,1
CUST-03032,45,Month-to-Month,90.72,3685.15,Yes,DSL,Credit Card,No,1,0
CUST-03033,67,Month-to-Month,17.76,1135.13,No,No,Electronic Check,Yes,0,0
CUST-03034,17,Two Year,39.14,642.05,No,DSL,Electronic Check,Yes,1,0
CUST-03035,12,One Year,60.89,688.01,No,Fiber Optic,Bank Transfer,No,2,0
CUST-03036,72,One Year,96.99,6543.25,Yes,DSL,Bank Transfer,No,1,0
CUST-03037,40,Month-to-Month,117.01,4673.67,No,DSL,Credit Card,No,0,0
CUST-03038,2,Month-to-Month,65.89,124.89,Yes,DSL,Mailed Check,No,0,0
CUST-03039,8,One Year,54.71,428.84,No,DSL,Electronic Check,Yes,0,0
CUST-03040,35,Month-to-Month,21.13,686.83,No,Fiber Optic,Credit Card,Yes,4,1
CUST-03041,45,Two Year,91.59,4051.56,Yes,Fiber Optic,Mailed Check,Yes,0,0
CUST-03042,18,One Year,56.25,994.65,Yes,Fiber Optic,Bank Transfer,Yes,0,0
CUST-03043,27,Month-to-Month,143.96,3602.28,No,No,Electronic Check,No,1,1
CUST-03044,54,One Year,51.51,2685.81,No,Fiber Optic,Electronic Check,Yes,2,0
CUST-03045,70,Two Year,122.63,8311.14,No,Fiber Optic,Credit Card,Yes,0,0
CUST-03046,36,Month-to-Month,88.71,3015.56,Yes,Fiber Optic,Credit Card,No,3,0
CUST-03047,30,One Year,44.29,1298.64,No,Fiber Optic,Credit Card,Yes,0,0
CUST-03048,27,Two Year,75.8,1904.75,No,DSL,Credit Card,Yes,1,0
CUST-03049,10,Month-to-Month,89.28,846.76,Yes,No,Mailed Check,No,2,1
CUST-03050,4,Two Year,64.37,257.23,No,Fiber Optic,Bank Transfer,Yes,1,0
CUST-03051,61,Month-to-Month,90.95,5092.28,Yes,Fiber Optic,Electronic Check,No,1,0
CUST-03052,3,One Year,90.4,248.09,No,Fiber Optic,Credit Card,Yes,1,0
CUST-03053,60,One Year,84.91,4657.58,No,No,Bank Transfer,Yes,3,0
CUST-03054,18,One Year,69.59,1252.38,Yes,Fiber Optic,Bank Transfer,Yes,2,0
CUST-03055,51,Month-to-Month,40.63,1898.05,Yes,Fiber Optic,Mailed Check,Yes,0,0
CUST-03056,69,One Year,68.08,4317.13,Yes,Fiber Optic,Electronic Check,Yes,1,0
CUST-03057,54,Month-to-Month,74.4,3894.98,Yes,Fiber Optic,Credit Card,No,0,0
CUST-03058,53,Month-to-Month,23.1,1194.86,No,DSL,Credit Card,Yes,1,0
CUST-03059,20,Month-to-Month,74.23,1414.39,No,No,Mailed Check,Yes,0,0
CUST-03060,44,One Year,67.58,2968.37,Yes,No,Electronic Check,Yes,0,0
CUST-03061,47,Month-to-Month,37.58,1596.51,Yes,DSL,Credit Card,No,3,0
CUST-03062,31,Month-to-Month,61.67,1839.28,Yes,DSL,Bank Transfer,Yes,1,0
CUST-03063,3,Two Year,62.2,179.26,No,No,Bank Transfer,Yes,1,0
CUST-03064,66,Month-to-Month,118.25,7274.77,Yes,DSL,Credit Card,No,2,0
CUST-03065,15,Month-to-Month,75.5,1121.11,Yes,DSL,Bank Transfer,No,3,0
CUST-03066,71,Month-to-Month,95.9,6504.46,No,DSL,Bank Transfer,Yes,1,0
CUST-03067,68,Month-to-Month,67.05,4215.78,No,DSL,Bank Transfer,Yes,0,0
CUST-03068,2,One Year,23.15,42.08,No,Fiber Optic,Mailed Check,Yes,1,0
CUST-03069,54,Month-to-Month,86.81,4269.18,Yes,Fiber Optic,Electronic Check,Yes,0,0
CUST-03070,46,Month-to-Month,53.55,2438.01,Yes,Fiber Optic,Electronic Check,No,1,0
CUST-03071,17,Two Year,61.61,968.85,No,DSL,Bank Transfer,Yes,2,0
CUST-03072,59,Two Year,43.68,2553.15,No,Fiber Optic,Electronic Check,Yes,2,0
CUST-03073,9,One Year,71.82,589.51,No,DSL,Credit Card,Yes,0,0
CUST-03074,18,Two Year,96.63,1736.55,No,Fiber Optic,Mailed Check,Yes,2,0
CUST-03075,69,Two Year,93.32,6331.77,Yes,Fiber Optic,Bank Transfer,Yes,0,0
CUST-03076,54,Month-to-Month,109.65,5397.81,No,No,Electronic Check,Yes,3,1
CUST-03077,9,One Year,113.2,925.69,Yes,No,Mailed Check,No,1,0
CUST-03078,11,One Year,18.85,203.27,Yes,Fiber Optic,Mailed Check,Yes,1,0
CUST-03079,19,Month-to-Month,40.16,692.69,No,Fiber Optic,Bank Transfer,No,0,0
CUST-03080,6,Month-to-Month,24.8,137.82,Yes,Fiber Optic,Electronic Check,Yes,2,0
CUST-03081,14,Month-to-Month,85.8,1177.33,Yes,Fiber Optic,Mailed Check,No,0,0
CUST-03082,42,One Year,52.67,2191.7,Yes,Fiber Optic,Credit Card,Yes,0,0
CUST-03083,1,One Year,57.77,56.43,Yes,No,Bank Transfer,Yes,1,0
CUST-03084,21,One Year,64.59,1341.46,No,No,Credit Card,Yes,1,0
CUST-03085,23,Month-to-Month,79.56,1749.34,No,Fiber Optic,Bank Transfer,No,1,0
CUST-03086,70,Month-to-Month,32.87,2250.19,Yes,Fiber Optic,Bank Transfer,Yes,0,0
CUST-03087,71,Month-to-Month,38.53,2556.22,Yes,Fiber Optic,Mailed Check,No,3,0
CUST-03088,61,Month-to-Month,70.03,4180.08,No,DSL,Mailed Check,Yes,3,0
CUST-03089,25,Two Year,99.97,2419.21,Yes,Fiber Optic,Electronic Check,No,0,0
CUST-03090,38,Two Year,69.37,2523.98,No,No,Electronic Check,No,0,0
CUST-03091,37,Two Year,50.21,1856.34,Yes,No,Bank Transfer,Yes,2,0
CUST-03092,62,Two Year,16.29,956.43,No,No,Credit Card,No,0,0
CUST-03093,54,Two Year,93.82,4873.38,Yes,Fiber Optic,Bank Transfer,Yes,0,0
CUST-03094,66,Month-to-Month,51.6,3238.69,No,Fiber Optic,Mailed Check,Yes,1,0
CUST-03095,40,Month-to-Month,41.31,1530.21,No,Fiber Optic,Credit Card,Yes,1,1
CUST-03096,67,Month-to-Month,27.12,1695.36,Yes,Fiber Optic,Mailed Check,Yes,1,0
CUST-03097,54,Month-to-Month,34.02,1833.18,Yes,DSL,Electronic Check,No,3,0
CUST-03098,54,Month-to-Month,45.97,2331.48,No,Fiber Optic,Electronic Check,Yes,4,1
CUST-03099,48,Month-to-Month,64.03,2974.91,No,DSL,Credit Card,Yes,3,1
CUST-03100,25,Two Year,39.78,951.45,No,Fiber Optic,Bank Transfer,Yes,4,0
CUST-03101,44,Month-to-Month,74.64,3247.97,Yes,No,Bank Transfer,No,0,1
CUST-03102,26,Two Year,63.84,1619.62,No,Fiber Optic,Bank Transfer,No,0,0
CUST-03103,47,One Year,125.55,5358.36,Yes,DSL,Bank Transfer,No,0,1
CUST-03104,19,One Year,27.39,486.87,No,Fiber Optic,Mailed Check,No,2,0
CUST-03105,58,One Year,74.04,4170.61,No,Fiber Optic,Bank Transfer,No,1,0
CUST-03106,42,Month-to-Month,74.35,2860.82,Yes,Fiber Optic,Electronic Check,No,0,0
CUST-03107,52,One Year,44.24,2186.25,No,DSL,Electronic Check,Yes,0,0
CUST-03108,16,Month-to-Month,72.38,1079.07,No,Fiber Optic,Mailed Check,Yes,2,1
CUST-03109,58,Two Year,89.24,4691.84,Yes,No,Electronic Check,No,1,0
CUST-03110,58,Month-to-Month,72.41,4198.58,No,DSL,Credit Card,Yes,1,0
CUST-03111,11,Month-to-Month,104.61,1142.58,No,Fiber Optic,Electronic Check,Yes,2,1
CUST-03112,26,One Year,15.56,394.35,No,No,Mailed Check,No,2,0
CUST-03113,49,One Year,48.94,2206.46,No,Fiber Optic,Mailed Check,Yes,2,1
CUST-03114,63,Month-to-Month,106.88,6725.71,No,No,Bank Transfer,No,0,0
CUST-03115,54,One Year,92.8,4826.18,No,Fiber Optic,Electronic Check,No,2,0
CUST-03116,34,Month-to-Month,83.51,2829.71,No,Fiber Optic,Credit Card,Yes,1,1
CUST-03117,22,One Year,100.83,2005.88,No,Fiber Optic,Mailed Check,No,0,0
CUST-03118,66,Month-to-Month,22.09,1337.44,No,DSL,Electronic Check,Yes,0,0
CUST-03119,63,Month-to-Month,89.89,5480.29,No,DSL,Electronic Check,No,1,0
CUST-03120,65,Month-to-Month,96.61,6221.36,Yes,Fiber Optic,Credit Card,Yes,2,0
CUST-03121,22,Month-to-Month,53.53,1080.6,No,DSL,Mailed Check,Yes,0,0
CUST-03122,32,Month-to-Month,135.73,4046.75,No,DSL,Mailed Check,Yes,1,1
CUST-03123,18,Month-to-Month,74.91,1292.85,Yes,No,Electronic Check,No,1,0
CUST-03124,69,Month-to-Month,15.18,1047.38,Yes,DSL,Mailed Check,No,1,0
CUST-03125,63,Month-to-Month,79.53,4910.01,No,DSL,Electronic Check,Yes,2,0
CUST-03126,13,Month-to-Month,52.0,670.83,Yes,Fiber Optic,Electronic Check,No,0,1
CUST-03127,18,Month-to-Month,99.12,1726.18,Yes,DSL,Bank Transfer,No,2,1
CUST-03128,40,One Year,83.7,3306.94,Yes,Fiber Optic,Credit Card,No,0,0
CUST-03129,30,Two Year,55.05,1570.09,No,DSL,Mailed Check,Yes,1,0
CUST-03130,34,Month-to-Month,107.56,3336.74,No,Fiber Optic,Electronic Check,No,1,1
CUST-03131,27,Two Year,93.49,2450.92,No,Fiber Optic,Mailed Check,No,1,0
CUST-03132,49,Month-to-Month,49.3,2319.43,No,Fiber Optic,Credit Card,No,1,1
CUST-03133,65,Month-to-Month,66.2,4081.55,No,DSL,Bank Transfer,Yes,0,1
CUST-03134,67,One Year,82.92,5152.85,Yes,Fiber Optic,Electronic Check,No,0,0
CUST-03135,33,One Year,60.89,1966.01,Yes,DSL,Bank Transfer,Yes,3,0
CUST-03136,60,Two Year,61.64,3631.98,Yes,Fiber Optic,Mailed Check,Yes,2,0
CUST-03137,50,Month-to-Month,70.92,3320.54,Yes,DSL,Electronic Check,Yes,3,1
CUST-03138,15,One Year,43.36,645.7,No,DSL,Credit Card,No,2,0
CUST-03139,58,Month-to-Month,15.0,815.17,No,DSL,Electronic Check,No,1,0
CUST-03140,26,Month-to-Month,75.98,1799.18,No,DSL,Mailed Check,Yes,1,1
CUST-03141,46,Month-to-Month,20.28,855.13,No,DSL,Bank Transfer,No,0,0
CUST-03142,52,Two Year,45.17,2230.11,No,DSL,Bank Transfer,Yes,0,0
CUST-03143,68,Month-to-Month,25.71,1587.41,Yes,No,Electronic Check,Yes,1,0
CUST-03144,69,Two Year,28.79,1930.57,Yes,Fiber Optic,Bank Transfer,No,2,0
CUST-03145,58,One Year,80.66,4582.42,No,Fiber Optic,Bank Transfer,Yes,1,0
CUST-03146,37,One Year,64.44,2276.86,No,DSL,Credit Card,No,3,0
CUST-03147,29,One Year,63.54,1823.01,Yes,DSL,Electronic Check,Yes,1,0
CUST-03148,32,Two Year,37.1,1181.77,Yes,No,Electronic Check,Yes,1,0
CUST-03149,69,Month-to-Month,53.6,3494.09,No,DSL,Credit Card,No,0,0
CUST-03150,15,Month-to-Month,79.41,1082.65,No,No,Bank Transfer,Yes,2,1
CUST-03151,38,One Year,68.7,2409.91,No,Fiber Optic,Mailed Check,No,0,0
CUST-03152,49,Month-to-Month,90.57,4285.98,No,Fiber Optic,Bank Transfer,No,0,0
CUST-03153,2,Month-to-Month,94.13,177.07,Yes,Fiber Optic,Electronic Check,Yes,3,0
CUST-03154,46,Month-to-Month,63.69,2837.46,No,Fiber Optic,Credit Card,No,1,0
CUST-03155,19,Month-to-Month,23.69,435.11,No,No,Bank Transfer,Yes,1,1
CUST-03156,21,Month-to-Month,51.08,1030.35,No,Fiber Optic,Credit Card,No,2,0
CUST-03157,45,Month-to-Month,67.56,2784.16,No,DSL,Bank Transfer,Yes,2,1
CUST-03158,1,Two Year,50.59,46.98,No,Fiber Optic,Credit Card,Yes,0,0
CUST-03159,12,Month-to-Month,43.63,490.99,Yes,DSL,Electronic Check,Yes,0,1
CUST-03160,33,Two Year,71.74,2325.85,No,Fiber Optic,Electronic Check,No,0,0
CUST-03161,43,Two Year,130.76,5444.0,No,Fiber Optic,Mailed Check,Yes,1,0
CUST-03162,8,Month-to-Month,57.8,445.98,Yes,DSL,Credit Card,No,1,1
CUST-03163,27,One Year,69.93,1826.21,No,No,Bank Transfer,Yes,1,0
CUST-03164,23,One Year,37.2,813.09,No,No,Mailed Check,Yes,2,0
CUST-03165,39,One Year,101.09,3563.88,No,DSL,Electronic Check,No,1,0
CUST-03166,22,Month-to-Month,91.87,1859.68,Yes,DSL,Bank Transfer,No,1,0
CUST-03167,1,Month-to-Month,90.14,82.39,Yes,Fiber Optic,Bank Transfer,Yes,0,1
CUST-03168,39,Month-to-Month,103.99,3676.0,Yes,DSL,Mailed Check,Yes,1,1
CUST-03169,62,One Year,59.32,3427.55,No,DSL,Bank Transfer,No,0,0
CUST-03170,43,Two Year,62.44,2627.93,Yes,No,Electronic Check,No,0,0
CUST-03171,27,One Year,112.75,2774.87,No,DSL,Mailed Check,No,2,0
CUST-03172,35,One Year,85.82,2736.8,No,DSL,Electronic Check,No,3,1
CUST-03173,11,Two Year,15.0,150.55,Yes,Fiber Optic,Electronic Check,Yes,0,0
CUST-03174,18,One Year,81.37,1357.71,Yes,DSL,Electronic Check,Yes,0,0
CUST-03175,32,Month-to-Month,55.46,1633.13,Yes,No,Credit Card,No,1,0
CUST-03176,43,Two Year,92.45,3583.37,No,No,Electronic Check,Yes,3,0
CUST-03177,36,Month-to-Month,80.2,2678.31,No,Fiber Optic,Electronic Check,No,1,1
CUST-03178,70,Month-to-Month,26.49,1853.61,Yes,DSL,Mailed Check,Yes,1,0
CUST-03179,46,Month-to-Month,76.72,3294.96,Yes,No,Mailed Check,No,3,0
CUST-03180,2,Two Year,75.27,138.67,No,Fiber Optic,Credit Card,Yes,0,0
CUST-03181,38,Month-to-Month,79.09,2853.86,Yes,Fiber Optic,Credit Card,No,0,0
CUST-03182,42,Month-to-Month,84.39,3271.24,No,Fiber Optic,Bank Transfer,Yes,1,0
CUST-03183,4,Month-to-Month,107.4,410.68,Yes,Fiber Optic,Electronic Check,No,1,1
CUST-03184,28,Month-to-Month,80.35,2114.96,No,DSL,Electronic Check,No,1,1
CUST-03185,63,Month-to-Month,70.57,4400.05,Yes,Fiber Optic,Electronic Check,Yes,1,0
CUST-03186,26,One Year,98.7,2547.7,No,Fiber Optic,Bank Transfer,Yes,2,0
CUST-03187,33,Two Year,126.07,4040.93,Yes,Fiber Optic,Electronic Check,No,0,1
CUST-03188,16,Month-to-Month,92.88,1369.53,Yes,Fiber Optic,Credit Card,Yes,0,0
CUST-03189,6,Month-to-Month,75.16,427.23,No,Fiber Optic,Credit Card,No,1,1
CUST-03190,23,Month-to-Month,80.81,1729.53,Yes,Fiber Optic,Bank Transfer,No,1,0
CUST-03191,56,Month-to-Month,76.4,4192.1,Yes,Fiber Optic,Mailed Check,No,1,0
CUST-03192,71,One Year,70.46,4516.99,Yes,DSL,Credit Card,Yes,3,0
CUST-03193,48,One Year,124.13,5757.14,No,Fiber Optic,Electronic Check,Yes,0,0
CUST-03194,60,One Year,51.27,2868.01,No,No,Credit Card,Yes,1,0
CUST-03195,47,Month-to-Month,98.87,4405.72,No,DSL,Mailed Check,Yes,1,1
CUST-03196,48,One Year,66.85,2991.56,Yes,No,Bank Transfer,No,3,0
CUST-03197,31,Month-to-Month,32.99,957.73,Yes,No,Electronic Check,Yes,2,0
CUST-03198,5,Month-to-Month,65.29,315.82,Yes,Fiber Optic,Bank Transfer,Yes,2,0
CUST-03199,30,Two Year,56.33,1621.54,Yes,DSL,Electronic Check,Yes,2,0
CUST-03200,63,One Year,84.44,4917.6,Yes,Fiber Optic,Electronic Check,Yes,1,0
CUST-03201,39,Two Year,72.28,2549.33,No,Fiber Optic,Mailed Check,No,2,0
CUST-03202,55,Two Year,44.45,2409.55,No,DSL,Electronic Check,Yes,0,0
CUST-03203,4,One Year,106.78,405.44,No,DSL,Electronic Check,Yes,1,0
CUST-03204,15,Two Year,97.25,1403.13,No,Fiber Optic,Credit Card,Yes,0,0
CUST-03205,22,Month-to-Month,109.65,2288.91,No,Fiber Optic,Electronic Check,Yes,2,1
CUST-03206,26,Month-to-Month,75.92,1898.7,Yes,Fiber Optic,Bank Transfer,No,2,1
CUST-03207,72,Month-to-Month,69.11,4790.3,No,Fiber Optic,Electronic Check,No,0,0
CUST-03208,34,Month-to-Month,87.59,2684.73,Yes,Fiber Optic,Bank Transfer,No,1,0
CUST-03209,48,Month-to-Month,55.56,2542.41,No,Fiber Optic,Credit Card,No,0,0
CUST-03210,47,Month-to-Month,73.25,3271.34,No,Fiber Optic,Mailed Check,Yes,0,1
CUST-03211,31,One Year,65.61,1850.01,No,DSL,Credit Card,Yes,1,0
CUST-03212,70,One Year,33.47,2283.36,No,Fiber Optic,Bank Transfer,Yes,2,0
CUST-03213,17,One Year,73.19,1149.15,Yes,DSL,Bank Transfer,No,4,0
CUST-03214,3,Month-to-Month,58.98,160.21,Yes,Fiber Optic,Electronic Check,Yes,0,1
CUST-03215,54,One Year,63.94,3384.8,No,Fiber Optic,Credit Card,Yes,1,0
CUST-03216,48,Month-to-Month,79.09,3745.12,Yes,Fiber Optic,Credit Card,Yes,2,0
CUST-03217,19,Month-to-Month,101.81,1787.51,Yes,Fiber Optic,Electronic Check,No,0,1
CUST-03218,63,Month-to-Month,48.78,2977.12,Yes,DSL,Electronic Check,Yes,1,0
CUST-03219,12,Month-to-Month,61.59,665.54,Yes,DSL,Mailed Check,Yes,1,1
CUST-03220,19,Month-to-Month,50.87,939.58,No,DSL,Electronic Check,Yes,1,1
CUST-03221,12,Two Year,49.25,559.37,No,Fiber Optic,Electronic Check,Yes,0,0
CUST-03222,14,One Year,55.14,755.94,No,Fiber Optic,Credit Card,No,1,0
CUST-03223,53,One Year,65.09,3240.38,No,DSL,Credit Card,No,4,0
CUST-03224,51,Month-to-Month,84.65,4037.0,No,Fiber Optic,Mailed Check,No,2,0
CUST-03225,47,Two Year,78.01,3608.09,No,DSL,Electronic Check,No,2,0
CUST-03226,62,One Year,43.58,2442.21,Yes,Fiber Optic,Bank Transfer,Yes,3,0
CUST-03227,6,Month-to-Month,102.35,564.18,No,Fiber Optic,Credit Card,No,2,0
CUST-03228,45,One Year,93.61,3964.81,Yes,DSL,Credit Card,No,1,0
CUST-03229,9,Month-to-Month,47.47,409.98,Yes,DSL,Credit Card,No,0,1
CUST-03230,69,Month-to-Month,100.6,6250.81,No,Fiber Optic,Bank Transfer,Yes,0,1
CUST-03231,46,Month-to-Month,78.17,3443.05,No,Fiber Optic,Mailed Check,Yes,0,0
CUST-03232,55,Month-to-Month,66.09,3409.04,No,Fiber Optic,Electronic Check,No,1,1
CUST-03233,42,Month-to-Month,78.95,3193.21,No,Fiber Optic,Credit Card,No,2,1
CUST-03234,28,Month-to-Month,69.36,1924.01,Yes,DSL,Bank Transfer,No,1,0
CUST-03235,50,Month-to-Month,83.63,3947.7,Yes,No,Credit Card,Yes,1,0
CUST-03236,61,Two Year,74.68,4352.57,Yes,Fiber Optic,Bank Transfer,Yes,3,0
CUST-03237,13,Month-to-Month,61.56,757.29,Yes,Fiber Optic,Electronic Check,No,1,1
CUST-03238,63,Month-to-Month,19.35,1111.59,No,Fiber Optic,Electronic Check,Yes,0,0
CUST-03239,53,Month-to-Month,83.18,4317.33,No,Fiber Optic,Credit Card,Yes,0,0
CUST-03240,7,Two Year,60.66,419.75,Yes,Fiber Optic,Mailed Check,No,2,0
CUST-03241,68,One Year,89.45,5967.92,Yes,DSL,Electronic Check,Yes,2,0
CUST-03242,13,Two Year,82.04,1060.93,Yes,Fiber Optic,Bank Transfer,Yes,0,0
CUST-03243,44,Month-to-Month,61.31,2554.13,No,DSL,Electronic Check,Yes,1,1
CUST-03244,10,Month-to-Month,95.57,922.47,Yes,Fiber Optic,Bank Transfer,Yes,1,0
CUST-03245,15,One Year,75.12,1033.09,Yes,No,Bank Transfer,Yes,0,0
CUST-03246,47,Month-to-Month,74.09,3474.15,Yes,DSL,Bank Transfer,No,0,0
CUST-03247,49,Two Year,66.55,3124.17,Yes,Fiber Optic,Credit Card,No,1,0
CUST-03248,50,Two Year,112.09,5190.7,Yes,Fiber Optic,Electronic Check,Yes,1,0
CUST-03249,25,Month-to-Month,52.17,1278.87,No,Fiber Optic,Credit Card,No,0,1
CUST-03250,60,Two Year,61.93,3562.15,Yes,DSL,Bank Transfer,Yes,2,0
CUST-03251,4,One Year,39.07,155.49,Yes,Fiber Optic,Credit Card,Yes,4,0
CUST-03252,62,Month-to-Month,88.17,5340.8,Yes,Fiber Optic,Credit Card,Yes,0,1
CUST-03253,22,Month-to-Month,55.45,1204.93,Yes,No,Electronic Check,Yes,1,0
CUST-03254,45,Month-to-Month,58.25,2502.42,No,Fiber Optic,Mailed Check,Yes,2,0
CUST-03255,66,Two Year,57.08,3585.44,No,Fiber Optic,Electronic Check,Yes,3,0
CUST-03256,19,Month-to-Month,71.57,1326.83,No,DSL,Bank Transfer,No,2,1
CUST-03257,30,Month-to-Month,38.73,1057.91,No,DSL,Electronic Check,No,2,1
CUST-03258,60,One Year,15.0,814.86,Yes,Fiber Optic,Electronic Check,Yes,2,0
CUST-03259,63,Month-to-Month,81.44,5122.36,Yes,Fiber Optic,Credit Card,No,1,1
CUST-03260,17,Month-to-Month,17.16,289.28,Yes,No,Credit Card,Yes,2,0
CUST-03261,37,One Year,91.35,3364.96,No,Fiber Optic,Bank Transfer,Yes,0,0
CUST-03262,24,Month-to-Month,108.96,2369.84,No,DSL,Mailed Check,Yes,2,0
CUST-03263,38,Month-to-Month,65.89,2320.87,Yes,DSL,Credit Card,Yes,3,0
CUST-03264,28,Month-to-Month,102.49,2841.47,No,Fiber Optic,Credit Card,Yes,0,1
CUST-03265,1,Month-to-Month,69.39,63.07,Yes,DSL,Electronic Check,Yes,0,0
CUST-03266,67,Month-to-Month,109.98,6964.44,Yes,DSL,Electronic Check,Yes,2,0
CUST-03267,46,One Year,58.59,2517.61,Yes,DSL,Credit Card,Yes,2,0
CUST-03268,34,Two Year,15.0,503.87,Yes,Fiber Optic,Electronic Check,Yes,2,0
CUST-03269,8,Month-to-Month,68.0,517.78,Yes,DSL,Bank Transfer,No,2,1
CUST-03270,6,Two Year,112.7,628.22,No,No,Bank Transfer,Yes,2,0
CUST-03271,35,One Year,83.37,2779.14,Yes,No,Mailed Check,No,0,0
CUST-03272,47,One Year,57.12,2446.36,Yes,DSL,Electronic Check,Yes,1,0
CUST-03273,19,One Year,78.22,1446.23,Yes,Fiber Optic,Bank Transfer,No,1,0
CUST-03274,54,One Year,94.28,4896.81,Yes,Fiber Optic,Bank Transfer,No,2,0
CUST-03275,29,Two Year,67.86,1889.36,Yes,No,Credit Card,Yes,0,0
CUST-03276,1,Month-to-Month,135.66,128.03,Yes,Fiber Optic,Mailed Check,No,2,1
CUST-03277,39,Month-to-Month,57.06,2068.29,Yes,DSL,Credit Card,No,1,1
CUST-03278,14,Month-to-Month,95.06,1206.46,Yes,DSL,Electronic Check,Yes,0,1
CUST-03279,2,Month-to-Month,89.05,177.16,Yes,No,Electronic Check,Yes,2,1
CUST-03280,10,One Year,52.5,494.37,No,No,Credit Card,Yes,1,0
CUST-03281,21,Month-to-Month,59.39,1184.32,No,Fiber Optic,Electronic Check,No,1,0
CUST-03282,38,Month-to-Month,95.45,3400.68,Yes,Fiber Optic,Electronic Check,Yes,4,0
CUST-03283,72,Month-to-Month,73.62,5294.21,No,Fiber Optic,Electronic Check,No,1,0
CUST-03284,16,Month-to-Month,78.45,1229.62,No,Fiber Optic,Bank Transfer,Yes,1,0
CUST-03285,5,One Year,29.1,132.34,No,Fiber Optic,Credit Card,Yes,1,0
CUST-03286,14,One Year,86.4,1162.2,No,DSL,Credit Card,Yes,1,0
CUST-03287,23,Month-to-Month,77.18,1683.66,No,DSL,Electronic Check,Yes,1,1
CUST-03288,15,Month-to-Month,68.4,1004.8,No,Fiber Optic,Electronic Check,No,4,1
CUST-03289,24,Month-to-Month,79.02,1895.97,Yes,Fiber Optic,Electronic Check,Yes,1,1
CUST-03290,70,Month-to-Month,59.77,4076.92,No,No,Credit Card,Yes,2,0
CUST-03291,28,One Year,55.2,1524.72,No,No,Bank Transfer,No,2,0
CUST-03292,46,One Year,63.95,2795.39,No,DSL,Electronic Check,No,1,0
CUST-03293,50,Month-to-Month,58.39,2736.62,No,No,Electronic Check,No,1,1
CUST-03294,10,Month-to-Month,124.51,1200.68,No,Fiber Optic,Electronic Check,Yes,0,1
CUST-03295,18,Two Year,92.8,1628.54,No,Fiber Optic,Bank Transfer,No,2,0
CUST-03296,30,One Year,45.79,1267.59,No,DSL,Mailed Check,Yes,1,0
CUST-03297,34,Month-to-Month,120.91,3906.79,No,Fiber Optic,Bank Transfer,Yes,2,1
CUST-03298,1,Month-to-Month,59.18,53.94,No,No,Mailed Check,No,1,1
CUST-03299,47,Month-to-Month,70.74,3064.23,No,Fiber Optic,Electronic Check,Yes,1,0
CUST-03300,22,Two Year,92.44,2009.65,No,Fiber Optic,Bank Transfer,Yes,1,0
CUST-03301,24,Month-to-Month,20.75,455.41,Yes,DSL,Bank Transfer,Yes,0,0
CUST-03302,44,Month-to-Month,64.07,2765.9,No,DSL,Electronic Check,Yes,0,0
CUST-03303,69,Two Year,55.67,3600.23,No,Fiber Optic,Bank Transfer,Yes,1,0
CUST-03304,63,One Year,75.13,4573.93,No,Fiber Optic,Credit Card,No,1,0
CUST-03305,71,Month-to-Month,79.25,5576.29,Yes,No,Bank Transfer,Yes,0,1
CUST-03306,30,Month-to-Month,68.07,1997.36,Yes,Fiber Optic,Bank Transfer,Yes,1,0
CUST-03307,9,Month-to-Month,66.91,591.71,Yes,DSL,Bank Transfer,Yes,1,1
CUST-03308,16,One Year,96.63,1431.85,Yes,DSL,Electronic Check,Yes,2,1
CUST-03309,25,Month-to-Month,77.54,1814.76,No,DSL,Electronic Check,Yes,2,1
CUST-03310,22,Two Year,71.04,1521.12,No,DSL,Mailed Check,Yes,0,0
CUST-03311,15,Two Year,73.7,1080.87,No,DSL,Electronic Check,No,0,0
CUST-03312,11,Month-to-Month,115.9,1248.13,Yes,Fiber Optic,Bank Transfer,No,1,0
CUST-03313,14,One Year,74.32,1013.44,No,Fiber Optic,Bank Transfer,Yes,1,0
CUST-03314,48,Month-to-Month,57.14,2531.98,No,No,Electronic Check,Yes,0,1
CUST-03315,36,Month-to-Month,22.28,745.06,No,No,Credit Card,No,1,0
CUST-03316,3,One Year,34.15,101.86,Yes,DSL,Credit Card,No,0,0
CUST-03317,41,Month-to-Month,58.32,2284.44,No,Fiber Optic,Electronic Check,No,2,0
CUST-03318,61,Month-to-Month,67.29,4003.9,Yes,DSL,Mailed Check,No,1,0
CUST-03319,31,Month-to-Month,56.11,1669.69,Yes,DSL,Electronic Check,Yes,0,1
CUST-03320,23,Month-to-Month,78.78,1798.26,No,DSL,Credit Card,Yes,2,1
CUST-03321,20,Month-to-Month,55.79,1101.16,No,DSL,Bank Transfer,Yes,0,1
CUST-03322,28,One Year,47.14,1222.43,Yes,Fiber Optic,Bank Transfer,Yes,2,0
CUST-03323,21,Two Year,85.32,1771.06,No,Fiber Optic,Credit Card,No,1,0
CUST-03324,67,One Year,104.23,6494.6,No,Fiber Optic,Bank Transfer,Yes,0,0
CUST-03325,72,Two Year,42.32,2876.7,No,Fiber Optic,Credit Card,No,0,0
CUST-03326,25,Month-to-Month,76.09,1873.95,Yes,Fiber Optic,Electronic Check,No,1,1
CUST-03327,67,Two Year,22.37,1397.47,Yes,Fiber Optic,Electronic Check,No,4,0
CUST-03328,62,Month-to-Month,33.14,1908.96,No,No,Mailed Check,No,2,0
CUST-03329,6,Month-to-Month,55.28,320.69,No,Fiber Optic,Credit Card,Yes,2,1
CUST-03330,36,Two Year,98.37,3541.21,No,Fiber Optic,Electronic Check,No,2,0
CUST-03331,48,Month-to-Month,50.53,2214.68,Yes,Fiber Optic,Mailed Check,No,1,0
CUST-03332,31,Month-to-Month,49.6,1491.64,Yes,Fiber Optic,Credit Card,Yes,2,1
CUST-03333,33,Month-to-Month,70.9,2229.02,Yes,DSL,Electronic Check,Yes,1,0
CUST-03334,36,Month-to-Month,70.93,2402.98,No,No,Bank Transfer,Yes,2,1
CUST-03335,50,Month-to-Month,50.37,2455.5,No,No,Electronic Check,Yes,1,0
CUST-03336,22,Month-to-Month,119.66,2515.33,Yes,No,Electronic Check,No,1,0
CUST-03337,43,Two Year,63.37,2669.82,No,DSL,Electronic Check,Yes,1,0
CUST-03338,18,Month-to-Month,72.84,1277.54,No,DSL,Credit Card,Yes,1,1
CUST-03339,65,Month-to-Month,59.96,3891.6,Yes,DSL,Electronic Check,Yes,0,0
CUST-03340,7,Month-to-Month,81.0,556.28,Yes,No,Mailed Check,No,1,0
CUST-03341,5,Two Year,100.87,457.28,No,Fiber Optic,Bank Transfer,Yes,0,0
CUST-03342,3,Month-to-Month,111.59,327.39,No,Fiber Optic,Mailed Check,Yes,1,1
CUST-03343,26,Month-to-Month,50.94,1278.05,Yes,No,Mailed Check,No,1,0
CUST-03344,44,Month-to-Month,97.52,3900.32,Yes,DSL,Mailed Check,Yes,1,0
CUST-03345,71,One Year,83.74,5710.98,No,Fiber Optic,Credit Card,Yes,1,0
CUST-03346,33,One Year,94.36,3036.28,Yes,Fiber Optic,Credit Card,Yes,0,0
CUST-03347,14,One Year,67.7,871.71,No,DSL,Electronic Check,No,1,0
CUST-03348,27,One Year,65.32,1663.98,No,Fiber Optic,Bank Transfer,Yes,3,1
CUST-03349,10,Month-to-Month,93.39,891.17,Yes,Fiber Optic,Mailed Check,Yes,4,0
CUST-03350,34,Month-to-Month,93.87,3004.28,No,Fiber Optic,Mailed Check,No,1,0
CUST-03351,53,Month-to-Month,109.14,5712.7,No,No,Mailed Check,Yes,1,0
CUST-03352,3,Month-to-Month,74.96,206.19,No,DSL,Credit Card,Yes,1,1
CUST-03353,56,Month-to-Month,67.33,3684.35,Yes,Fiber Optic,Credit Card,Yes,0,0
CUST-03354,17,Month-to-Month,15.0,249.34,No,No,Bank Transfer,No,2,1
CUST-03355,49,Month-to-Month,29.72,1375.9,No,DSL,Electronic Check,No,2,0
CUST-03356,59,One Year,60.14,3384.85,Yes,Fiber Optic,Bank Transfer,No,2,0
CUST-03357,56,Month-to-Month,42.47,2177.01,Yes,No,Mailed Check,Yes,0,0
CUST-03358,49,One Year,90.35,4070.83,No,DSL,Mailed Check,Yes,0,1
CUST-03359,50,One Year,37.25,1775.27,Yes,DSL,Credit Card,No,3,0
CUST-03360,14,Month-to-Month,57.47,742.2,Yes,DSL,Credit Card,Yes,2,0
CUST-03361,10,Month-to-Month,58.45,573.19,Yes,DSL,Credit Card,No,3,1
CUST-03362,28,One Year,100.12,2695.77,No,Fiber Optic,Bank Transfer,Yes,1,0
CUST-03363,44,One Year,54.79,2183.32,No,DSL,Bank Transfer,Yes,3,0
CUST-03364,45,Month-to-Month,81.31,3424.0,Yes,Fiber Optic,Electronic Check,No,0,0
CUST-03365,56,Month-to-Month,74.89,4134.47,Yes,Fiber Optic,Credit Card,Yes,0,1
CUST-03366,23,One Year,92.58,1975.48,No,DSL,Mailed Check,Yes,3,0
CUST-03367,63,One Year,91.26,5588.24,No,Fiber Optic,Electronic Check,Yes,0,0
CUST-03368,33,Month-to-Month,69.16,2075.46,Yes,DSL,Electronic Check,Yes,2,0
CUST-03369,18,Month-to-Month,27.59,493.17,No,Fiber Optic,Credit Card,Yes,1,1
CUST-03370,53,Two Year,64.21,3215.74,No,DSL,Electronic Check,No,0,1
CUST-03371,10,Month-to-Month,69.5,659.66,Yes,DSL,Bank Transfer,Yes,1,1
CUST-03372,30,Two Year,77.15,2214.94,Yes,No,Bank Transfer,Yes,2,0
CUST-03373,57,Month-to-Month,51.56,2751.84,No,Fiber Optic,Electronic Check,No,1,1
CUST-03374,56,Month-to-Month,98.52,5365.56,No,Fiber Optic,Credit Card,Yes,2,1
CUST-03375,19,Month-to-Month,70.34,1204.76,Yes,Fiber Optic,Credit Card,Yes,0,0
CUST-03376,12,Month-to-Month,46.99,516.64,No,Fiber Optic,Electronic Check,Yes,0,1
CUST-03377,3,Two Year,58.54,161.37,No,DSL,Electronic Check,No,0,0
CUST-03378,7,Month-to-Month,118.21,797.3,No,Fiber Optic,Bank Transfer,Yes,1,1
CUST-03379,60,Two Year,86.61,5139.75,No,No,Electronic Check,Yes,0,0
CUST-03380,57,Month-to-Month,96.21,4970.47,No,No,Electronic Check,Yes,1,0
CUST-03381,37,Two Year,43.96,1602.52,No,Fiber Optic,Credit Card,Yes,1,0
CUST-03382,42,Two Year,52.78,2176.75,Yes,Fiber Optic,Electronic Check,Yes,3,0
CUST-03383,24,One Year,52.96,1153.68,No,Fiber Optic,Mailed Check,Yes,0,0
CUST-03384,14,Month-to-Month,74.61,955.05,Yes,Fiber Optic,Electronic Check,Yes,2,1
CUST-03385,1,One Year,65.65,61.38,No,DSL,Electronic Check,Yes,1,0
CUST-03386,49,Month-to-Month,57.76,2579.67,Yes,Fiber Optic,Mailed Check,Yes,0,0
CUST-03387,3,Two Year,60.9,178.28,No,DSL,Electronic Check,Yes,3,0
CUST-03388,8,Month-to-Month,50.15,381.3,No,Fiber Optic,Bank Transfer,Yes,1,0
CUST-03389,58,Month-to-Month,65.5,3575.15,Yes,Fiber Optic,Credit Card,No,0,0
CUST-03390,42,Month-to-Month,97.83,3995.84,No,DSL,Mailed Check,No,0,1
CUST-03391,36,One Year,32.17,1076.23,No,Fiber Optic,Credit Card,Yes,0,0
CUST-03392,16,Two Year,78.66,1242.39,No,DSL,Electronic Check,Yes,6,0
CUST-03393,11,Month-to-Month,104.5,1109.72,No,DSL,Mailed Check,Yes,0,0
CUST-03394,34,One Year,65.42,2078.92,No,Fiber Optic,Credit Card,No,0,0
CUST-03395,26,Two Year,56.78,1408.35,Yes,Fiber Optic,Bank Transfer,No,2,0
CUST-03396,39,Month-to-Month,93.11,3362.37,No,No,Credit Card,Yes,2,1
CUST-03397,12,Month-to-Month,45.39,543.86,No,Fiber Optic,Bank Transfer,No,2,1
CUST-03398,17,One Year,69.43,1113.69,Yes,No,Credit Card,Yes,0,0
CUST-03399,9,One Year,44.0,391.91,No,DSL,Electronic Check,No,2,1
CUST-03400,31,Month-to-Month,23.25,719.17,No,Fiber Optic,Electronic Check,No,0,0
CUST-03401,20,Two Year,66.2,1262.54,Yes,Fiber Optic,Mailed Check,Yes,1,0
CUST-03402,17,Month-to-Month,38.42,635.5,Yes,Fiber Optic,Credit Card,No,3,1
CUST-03403,40,Two Year,69.71,2669.13,Yes,Fiber Optic,Electronic Check,Yes,2,0
CUST-03404,36,Two Year,97.88,3203.58,Yes,DSL,Electronic Check,No,1,0
CUST-03405,16,Two Year,116.36,1852.9,No,Fiber Optic,Credit Card,Yes,2,0
CUST-03406,51,Month-to-Month,72.34,3488.87,Yes,Fiber Optic,Bank Transfer,Yes,1,0
CUST-03407,25,Month-to-Month,95.48,2361.71,No,DSL,Mailed Check,Yes,1,0
CUST-03408,25,Month-to-Month,79.97,1930.4,No,Fiber Optic,Electronic Check,Yes,2,0
CUST-03409,35,Month-to-Month,60.42,1925.47,No,No,Bank Transfer,Yes,1,1
CUST-03410,11,One Year,21.88,226.65,No,DSL,Credit Card,Yes,1,1
CUST-03411,31,Month-to-Month,110.66,3154.6,No,Fiber Optic,Bank Transfer,Yes,2,0
CUST-03412,42,Month-to-Month,43.77,1685.73,Yes,No,Electronic Check,No,2,0
CUST-03413,10,Month-to-Month,104.57,1015.91,Yes,DSL,Mailed Check,Yes,0,0
CUST-03414,41,Month-to-Month,83.42,3088.47,Yes,DSL,Mailed Check,Yes,3,0
CUST-03415,3,Month-to-Month,45.6,136.34,Yes,Fiber Optic,Credit Card,Yes,2,0
CUST-03416,44,One Year,77.8,3234.9,Yes,Fiber Optic,Bank Transfer,Yes,1,0
CUST-03417,3,One Year,123.32,351.08,No,Fiber Optic,Credit Card,Yes,2,1
CUST-03418,13,Month-to-Month,108.39,1310.35,No,Fiber Optic,Mailed Check,Yes,2,1
CUST-03419,26,Two Year,57.18,1350.74,Yes,Fiber Optic,Electronic Check,Yes,0,0
CUST-03420,45,Two Year,52.2,2252.28,Yes,Fiber Optic,Bank Transfer,Yes,2,0
CUST-03421,52,Month-to-Month,72.51,3523.46,Yes,DSL,Bank Transfer,Yes,1,0
CUST-03422,34,One Year,65.86,2155.06,No,Fiber Optic,Electronic Check,No,2,1
CUST-03423,10,Month-to-Month,99.99,955.48,Yes,DSL,Bank Transfer,No,2,1
CUST-03424,28,Month-to-Month,88.49,2283.69,Yes,No,Electronic Check,No,0,1
CUST-03425,57,Month-to-Month,27.69,1493.36,Yes,DSL,Bank Transfer,No,3,0
CUST-03426,7,Month-to-Month,81.47,530.83,No,DSL,Bank Transfer,Yes,0,1
CUST-03427,52,Two Year,65.52,3148.01,Yes,Fiber Optic,Electronic Check,No,1,0
CUST-03428,28,Two Year,70.93,1940.3,No,DSL,Credit Card,No,3,0
CUST-03429,1,Two Year,76.22,68.69,No,Fiber Optic,Mailed Check,No,1,0
CUST-03430,51,One Year,99.97,4725.71,No,No,Mailed Check,Yes,3,0
CUST-03431,2,One Year,94.44,180.02,Yes,Fiber Optic,Credit Card,Yes,2,0
CUST-03432,27,Two Year,51.26,1311.52,No,DSL,Credit Card,No,1,0
CUST-03433,15,Month-to-Month,68.53,1021.8,Yes,DSL,Mailed Check,Yes,2,0
CUST-03434,43,Month-to-Month,58.79,2488.45,No,Fiber Optic,Bank Transfer,Yes,3,1
CUST-03435,5,One Year,27.95,136.28,No,Fiber Optic,Mailed Check,Yes,1,0
CUST-03436,7,Month-to-Month,67.27,448.01,Yes,DSL,Credit Card,Yes,2,0
CUST-03437,39,Month-to-Month,116.12,4270.05,Yes,DSL,Electronic Check,Yes,0,0
CUST-03438,72,Month-to-Month,27.2,1769.72,No,No,Mailed Check,No,1,0
CUST-03439,3,One Year,69.4,204.49,No,DSL,Electronic Check,No,1,0
CUST-03440,34,Month-to-Month,68.6,2199.62,Yes,Fiber Optic,Credit Card,No,1,0
CUST-03441,58,Month-to-Month,77.19,4173.02,No,DSL,Credit Card,No,2,0
CUST-03442,21,Month-to-Month,45.93,926.59,Yes,Fiber Optic,Electronic Check,Yes,0,0
CUST-03443,36,Month-to-Month,34.37,1206.9,No,Fiber Optic,Bank Transfer,Yes,2,0
CUST-03444,61,Two Year,35.54,2064.54,No,DSL,Mailed Check,No,1,0
CUST-03445,53,Month-to-Month,103.27,5007.85,Yes,Fiber Optic,Electronic Check,Yes,2,0
CUST-03446,22,One Year,45.43,991.63,Yes,DSL,Electronic Check,Yes,2,0
CUST-03447,55,One Year,57.51,2882.44,Yes,No,Credit Card,No,1,0
CUST-03448,49,Month-to-Month,122.62,5990.1,No,Fiber Optic,Electronic Check,No,0,1
CUST-03449,37,Two Year,51.64,1804.16,Yes,DSL,Mailed Check,Yes,0,0
CUST-03450,32,One Year,78.56,2500.5,Yes,Fiber Optic,Credit Card,No,2,1
CUST-03451,67,One Year,96.6,6416.96,No,No,Electronic Check,No,3,0
CUST-03452,63,Month-to-Month,95.39,5652.76,Yes,Fiber Optic,Mailed Check,No,1,0
CUST-03453,72,Month-to-Month,36.71,2590.26,Yes,Fiber Optic,Credit Card,No,3,0
CUST-03454,49,Two Year,52.17,2323.65,No,Fiber Optic,Credit Card,Yes,0,0
CUST-03455,26,One Year,77.56,1831.59,No,DSL,Electronic Check,No,0,0
CUST-03456,8,Two Year,118.23,884.92,No,Fiber Optic,Electronic Check,No,0,0
CUST-03457,10,Two Year,50.96,489.71,Yes,DSL,Bank Transfer,Yes,1,0
CUST-03458,69,Month-to-Month,57.66,3584.39,No,Fiber Optic,Electronic Check,No,0,1
CUST-03459,27,One Year,80.49,2067.87,No,Fiber Optic,Bank Transfer,Yes,1,0
CUST-03460,8,Month-to-Month,85.49,682.25,Yes,DSL,Electronic Check,Yes,1,1
CUST-03461,17,One Year,87.01,1458.23,No,No,Credit Card,Yes,3,1
CUST-03462,2,Month-to-Month,48.84,90.18,Yes,Fiber Optic,Mailed Check,Yes,2,1
CUST-03463,39,Month-to-Month,56.7,2106.94,Yes,DSL,Mailed Check,Yes,1,0
CUST-03464,43,One Year,75.39,2973.16,No,Fiber Optic,Credit Card,No,0,0
CUST-03465,28,One Year,101.56,2634.17,Yes,Fiber Optic,Electronic Check,Yes,1,0
CUST-03466,54,One Year,64.04,3431.53,No,DSL,Bank Transfer,No,1,0
CUST-03467,35,Month-to-Month,69.44,2429.86,Yes,Fiber Optic,Credit Card,Yes,0,1
CUST-03468,70,Month-to-Month,44.35,2869.35,Yes,No,Bank Transfer,No,0,0
CUST-03469,55,Two Year,116.58,5906.69,Yes,DSL,Electronic Check,Yes,0,0
CUST-03470,6,Month-to-Month,73.86,415.86,Yes,No,Credit Card,No,1,0
CUST-03471,20,Month-to-Month,96.94,1831.36,No,Fiber Optic,Electronic Check,No,4,1
CUST-03472,55,One Year,70.75,3536.85,No,DSL,Mailed Check,No,2,0
CUST-03473,39,Month-to-Month,72.13,2573.31,No,Fiber Optic,Electronic Check,Yes,1,1
CUST-03474,55,One Year,32.49,1684.17,Yes,Fiber Optic,Bank Transfer,Yes,2,0
CUST-03475,25,Month-to-Month,16.23,374.73,No,Fiber Optic,Electronic Check,No,3,1
CUST-03476,3,Two Year,101.3,299.19,Yes,Fiber Optic,Electronic Check,Yes,0,0
CUST-03477,57,Two Year,71.95,3999.26,Yes,DSL,Mailed Check,Yes,3,0
CUST-03478,57,Two Year,75.16,4085.48,Yes,DSL,Electronic Check,Yes,0,0
CUST-03479,47,One Year,38.77,1718.8,Yes,Fiber Optic,Credit Card,No,1,0
CUST-03480,30,Month-to-Month,47.42,1398.56,Yes,Fiber Optic,Mailed Check,No,2,1
CUST-03481,1,One Year,96.56,88.51,No,No,Bank Transfer,No,0,1
CUST-03482,53,Two Year,113.5,5947.76,Yes,No,Electronic Check,Yes,4,0
CUST-03483,48,One Year,54.47,2365.94,Yes,No,Credit Card,No,1,0
CUST-03484,49,One Year,86.79,4220.13,Yes,Fiber Optic,Electronic Check,No,0,0
CUST-03485,13,One Year,74.75,888.06,No,DSL,Mailed Check,No,1,0
CUST-03486,53,One Year,66.99,3483.76,No,Fiber Optic,Electronic Check,Yes,1,0
CUST-03487,53,One Year,116.3,5558.63,Yes,DSL,Credit Card,No,3,0
CUST-03488,62,Month-to-Month,58.67,3570.27,No,DSL,Bank Transfer,No,0,0
CUST-03489,41,Month-to-Month,101.02,3969.55,No,DSL,Electronic Check,No,0,1
CUST-03490,53,One Year,79.54,3802.08,Yes,No,Electronic Check,Yes,1,0
CUST-03491,29,Month-to-Month,69.58,1972.26,Yes,Fiber Optic,Mailed Check,No,2,0
CUST-03492,51,Two Year,104.3,4841.39,No,DSL,Electronic Check,No,1,0
CUST-03493,50,One Year,77.25,3684.79,Yes,No,Bank Transfer,Yes,2,0
CUST-03494,57,Month-to-Month,67.59,3595.28,Yes,Fiber Optic,Electronic Check,No,1,1
CUST-03495,62,Two Year,104.49,6322.36,No,Fiber Optic,Electronic Check,No,4,0
CUST-03496,1,One Year,101.23,99.74,Yes,DSL,Credit Card,No,2,0
CUST-03497,57,One Year,100.05,5397.34,No,DSL,Mailed Check,Yes,1,0
CUST-03498,58,Month-to-Month,15.0,848.94,No,DSL,Electronic Check,Yes,1,0
CUST-03499,40,Two Year,81.0,3212.99,No,Fiber Optic,Mailed Check,Yes,0,0
CUST-03500,38,Month-to-Month,75.3,2772.47,No,Fiber Optic,Credit Card,Yes,1,1
CUST-03501,53,One Year,69.13,3415.47,No,DSL,Credit Card,Yes,2,0
CUST-03502,33,Month-to-Month,85.24,2661.95,Yes,DSL,Bank Transfer,No,2,1
CUST-03503,30,One Year,76.51,2118.56,No,Fiber Optic,Credit Card,Yes,1,0
CUST-03504,58,One Year,86.95,4769.97,Yes,No,Electronic Check,Yes,1,1
CUST-03505,57,One Year,63.3,3336.01,Yes,DSL,Electronic Check,Yes,0,0
CUST-03506,15,Month-to-Month,107.45,1580.68,No,Fiber Optic,Electronic Check,No,1,1
CUST-03507,60,Two Year,89.47,5158.8,No,No,Electronic Check,No,2,0
CUST-03508,24,One Year,83.56,1931.89,No,Fiber Optic,Credit Card,Yes,1,0
CUST-03509,10,Month-to-Month,82.34,750.14,No,Fiber Optic,Electronic Check,Yes,0,0
CUST-03510,64,Two Year,98.93,5699.29,Yes,Fiber Optic,Mailed Check,Yes,2,0
CUST-03511,18,One Year,95.54,1683.47,No,No,Electronic Check,No,1,0
CUST-03512,15,Two Year,67.18,961.58,Yes,Fiber Optic,Credit Card,No,1,0
CUST-03513,20,Two Year,94.76,1882.23,Yes,DSL,Credit Card,No,2,1
CUST-03514,36,Two Year,74.35,2552.74,Yes,DSL,Bank Transfer,No,2,0
CUST-03515,12,One Year,117.92,1303.91,No,DSL,Mailed Check,No,3,1
CUST-03516,12,One Year,97.44,1134.02,No,DSL,Credit Card,Yes,1,0
CUST-03517,29,Month-to-Month,54.36,1529.3,No,Fiber Optic,Credit Card,Yes,2,0
CUST-03518,16,Month-to-Month,128.27,1860.54,No,DSL,Bank Transfer,Yes,2,1
CUST-03519,14,One Year,17.45,236.82,Yes,Fiber Optic,Bank Transfer,Yes,0,0
CUST-03520,66,Month-to-Month,85.93,5224.77,Yes,Fiber Optic,Electronic Check,Yes,2,0
CUST-03521,43,Two Year,52.59,2092.79,Yes,Fiber Optic,Bank Transfer,Yes,2,0
CUST-03522,1,Month-to-Month,117.05,105.71,Yes,DSL,Credit Card,Yes,2,1
CUST-03523,8,Month-to-Month,76.32,587.81,No,DSL,Electronic Check,Yes,1,1
CUST-03524,59,Month-to-Month,50.16,2880.05,Yes,DSL,Electronic Check,No,3,0
CUST-03525,20,Month-to-Month,63.34,1169.32,No,No,Electronic Check,Yes,0,1
CUST-03526,11,Month-to-Month,52.15,561.75,Yes,DSL,Credit Card,Yes,0,0
CUST-03527,48,Month-to-Month,62.36,2922.05,Yes,DSL,Mailed Check,Yes,2,1
CUST-03528,61,Two Year,61.78,3546.15,No,DSL,Credit Card,Yes,0,0
CUST-03529,29,Month-to-Month,51.22,1346.98,No,Fiber Optic,Bank Transfer,No,0,0
CUST-03530,54,Month-to-Month,76.75,3846.17,Yes,Fiber Optic,Electronic Check,Yes,1,0
CUST-03531,31,Month-to-Month,79.78,2266.78,No,No,Bank Transfer,No,1,1
CUST-03532,8,Month-to-Month,45.09,359.23,No,DSL,Electronic Check,No,2,0
CUST-03533,58,Month-to-Month,28.54,1625.15,Yes,DSL,Mailed Check,No,2,0
CUST-03534,67,One Year,77.77,4730.37,No,Fiber Optic,Mailed Check,Yes,0,0
CUST-03535,71,One Year,83.3,5626.55,No,DSL,Bank Transfer,Yes,3,0
CUST-03536,8,Month-to-Month,88.26,654.32,Yes,DSL,Mailed Check,Yes,2,1
CUST-03537,41,One Year,83.78,3102.51,Yes,No,Mailed Check,No,0,0
CUST-03538,45,Month-to-Month,109.32,4586.01,Yes,Fiber Optic,Credit Card,No,1,0
CUST-03539,6,Month-to-Month,94.93,519.89,No,Fiber Optic,Electronic Check,No,0,1
CUST-03540,69,Two Year,137.0,8718.25,No,No,Credit Card,Yes,0,0
CUST-03541,8,Month-to-Month,147.52,1100.68,Yes,DSL,Mailed Check,Yes,1,1
CUST-03542,20,Two Year,26.05,490.2,No,DSL,Bank Transfer,Yes,1,1
CUST-03543,70,Month-to-Month,15.07,998.83,No,DSL,Electronic Check,No,1,0
CUST-03544,41,Month-to-Month,69.82,2725.27,Yes,DSL,Electronic Check,Yes,0,0
CUST-03545,49,Month-to-Month,82.61,3792.87,No,Fiber Optic,Bank Transfer,Yes,1,0
CUST-03546,36,Month-to-Month,68.1,2328.62,No,No,Credit Card,Yes,1,0
CUST-03547,55,Two Year,87.59,4537.01,No,No,Mailed Check,Yes,2,0
CUST-03548,6,Month-to-Month,63.24,378.09,No,Fiber Optic,Electronic Check,Yes,1,1
CUST-03549,49,Two Year,52.65,2339.32,Yes,No,Credit Card,Yes,2,0
CUST-03550,5,Two Year,56.43,270.47,Yes,Fiber Optic,Credit Card,Yes,2,0
CUST-03551,13,One Year,65.0,776.86,Yes,DSL,Bank Transfer,Yes,2,0
CUST-03552,37,Month-to-Month,91.09,3159.83,No,DSL,Electronic Check,Yes,0,1
CUST-03553,33,Month-to-Month,57.83,1821.84,Yes,Fiber Optic,Mailed Check,Yes,1,1
CUST-03554,11,Month-to-Month,62.78,673.99,No,DSL,Credit Card,No,2,0
CUST-03555,58,One Year,84.26,4876.2,No,DSL,Electronic Check,No,3,0
CUST-03556,22,Month-to-Month,65.03,1358.21,Yes,No,Electronic Check,No,1,0
CUST-03557,63,Two Year,97.92,5710.59,No,DSL,Bank Transfer,Yes,2,0
CUST-03558,2,One Year,47.01,92.06,Yes,Fiber Optic,Mailed Check,No,1,0
CUST-03559,18,Month-to-Month,41.59,690.35,Yes,DSL,Electronic Check,Yes,0,1
CUST-03560,22,One Year,77.62,1623.6,No,Fiber Optic,Bank Transfer,Yes,1,1
CUST-03561,43,Month-to-Month,80.11,3391.93,Yes,Fiber Optic,Credit Card,No,0,0
CUST-03562,29,Two Year,48.38,1319.37,Yes,DSL,Credit Card,Yes,1,0
CUST-03563,12,Month-to-Month,103.59,1188.01,No,DSL,Electronic Check,Yes,0,1
CUST-03564,42,Two Year,118.12,4524.25,No,Fiber Optic,Credit Card,Yes,0,0
CUST-03565,69,Two Year,54.3,3393.0,No,Fiber Optic,Bank Transfer,No,1,0
CUST-03566,10,Two Year,107.18,1070.33,Yes,DSL,Electronic Check,No,2,0
CUST-03567,19,Month-to-Month,15.0,261.6,Yes,Fiber Optic,Electronic Check,Yes,2,1
CUST-03568,35,Two Year,96.9,3166.15,Yes,DSL,Credit Card,Yes,1,0
CUST-03569,53,Month-to-Month,48.56,2446.2,Yes,DSL,Electronic Check,Yes,1,1
CUST-03570,10,One Year,94.4,884.95,No,No,Electronic Check,Yes,0,0
CUST-03571,17,Month-to-Month,45.97,710.95,Yes,DSL,Bank Transfer,Yes,1,1
CUST-03572,17,Month-to-Month,68.29,1067.7,No,Fiber Optic,Bank Transfer,Yes,2,0
CUST-03573,45,Month-to-Month,49.75,2125.35,Yes,Fiber Optic,Electronic Check,No,2,0
CUST-03574,6,Month-to-Month,64.65,366.13,No,No,Bank Transfer,No,0,0
CUST-03575,48,Month-to-Month,115.75,5443.88,Yes,DSL,Bank Transfer,Yes,0,0
CUST-03576,31,Two Year,67.3,1942.72,Yes,Fiber Optic,Credit Card,Yes,2,0
CUST-03577,24,Month-to-Month,122.76,2928.66,Yes,Fiber Optic,Bank Transfer,No,1,1
CUST-03578,63,One Year,60.35,3529.37,No,DSL,Electronic Check,Yes,1,0
CUST-03579,59,Month-to-Month,107.29,5906.81,No,DSL,Credit Card,Yes,2,0
CUST-03580,58,One Year,29.36,1694.25,No,No,Bank Transfer,Yes,1,0
CUST-03581,64,One Year,62.84,3957.61,Yes,Fiber Optic,Mailed Check,Yes,0,0
CUST-03582,17,Month-to-Month,56.6,896.48,No,DSL,Electronic Check,Yes,4,1
CUST-03583,62,One Year,108.44,6316.71,No,Fiber Optic,Bank Transfer,Yes,1,0
CUST-03584,13,Two Year,74.63,954.89,No,Fiber Optic,Electronic Check,No,3,0
CUST-03585,24,Two Year,17.8,388.16,No,DSL,Mailed Check,Yes,3,0
CUST-03586,40,Month-to-Month,37.25,1384.91,No,DSL,Electronic Check,No,2,0
CUST-03587,54,Month-to-Month,44.68,2299.7,No,DSL,Bank Transfer,Yes,0,0
CUST-03588,42,One Year,93.35,3853.62,No,Fiber Optic,Electronic Check,Yes,1,0
CUST-03589,41,Month-to-Month,90.13,3534.44,No,Fiber Optic,Bank Transfer,Yes,2,1
CUST-03590,28,Two Year,62.49,1660.45,Yes,DSL,Bank Transfer,No,0,0
CUST-03591,43,Month-to-Month,56.29,2411.3,Yes,Fiber Optic,Mailed Check,Yes,0,0
CUST-03592,35,Two Year,87.91,2804.98,Yes,Fiber Optic,Credit Card,Yes,3,0
CUST-03593,35,Month-to-Month,41.76,1429.45,Yes,Fiber Optic,Mailed Check,Yes,3,1
CUST-03594,43,Month-to-Month,81.44,3196.21,Yes,DSL,Bank Transfer,No,4,0
CUST-03595,44,Two Year,79.31,3396.41,No,DSL,Mailed Check,No,1,0
CUST-03596,24,Two Year,63.14,1446.12,No,No,Credit Card,No,0,0
CUST-03597,10,Two Year,79.94,740.62,No,DSL,Credit Card,Yes,1,0
CUST-03598,22,Two Year,72.55,1523.21,No,DSL,Mailed Check,Yes,3,0
CUST-03599,30,Month-to-Month,82.44,2443.38,Yes,Fiber Optic,Credit Card,Yes,2,0
CUST-03600,12,Month-to-Month,36.65,416.59,Yes,Fiber Optic,Electronic Check,Yes,2,0
CUST-03601,13,Month-to-Month,85.36,999.44,No,No,Credit Card,No,3,1
CUST-03602,69,Month-to-Month,95.67,5978.47,No,Fiber Optic,Mailed Check,No,2,1
CUST-03603,21,Month-to-Month,78.02,1578.23,No,No,Electronic Check,Yes,1,1
CUST-03604,54,Two Year,85.03,4443.74,No,DSL,Bank Transfer,No,1,0
CUST-03605,10,Month-to-Month,67.25,632.27,Yes,No,Electronic Check,Yes,2,0
CUST-03606,71,Month-to-Month,92.28,6055.76,No,DSL,Credit Card,Yes,0,0
CUST-03607,16,Month-to-Month,71.63,1113.53,No,No,Credit Card,Yes,2,1
CUST-03608,29,Month-to-Month,41.3,1114.36,Yes,No,Bank Transfer,Yes,2,0
CUST-03609,57,Month-to-Month,90.51,4681.35,No,Fiber Optic,Electronic Check,Yes,1,1
CUST-03610,15,One Year,29.15,411.44,Yes,Fiber Optic,Credit Card,Yes,2,0
CUST-03611,40,Month-to-Month,77.07,2940.73,Yes,DSL,Credit Card,No,2,1
CUST-03612,57,One Year,60.39,3430.4,Yes,Fiber Optic,Bank Transfer,No,0,0
CUST-03613,2,Two Year,58.8,112.8,No,DSL,Mailed Check,Yes,0,0
CUST-03614,2,One Year,74.3,136.84,No,Fiber Optic,Mailed Check,No,1,1
CUST-03615,57,One Year,52.27,2929.39,No,DSL,Electronic Check,Yes,4,0
CUST-03616,19,Month-to-Month,82.81,1461.91,No,DSL,Credit Card,Yes,0,1
CUST-03617,66,Month-to-Month,71.42,4694.52,Yes,DSL,Electronic Check,Yes,1,0
CUST-03618,67,Month-to-Month,54.57,3409.51,No,Fiber Optic,Electronic Check,Yes,2,1
CUST-03619,64,Two Year,103.45,6560.89,Yes,Fiber Optic,Electronic Check,Yes,1,0
CUST-03620,72,One Year,75.12,5343.17,No,Fiber Optic,Mailed Check,No,1,0
CUST-03621,60,Month-to-Month,85.77,5076.21,Yes,DSL,Bank Transfer,No,2,0
CUST-03622,28,Month-to-Month,105.41,2667.96,No,DSL,Credit Card,Yes,0,1
CUST-03623,72,Two Year,105.0,7446.5,No,Fiber Optic,Credit Card,Yes,1,1
CUST-03624,25,One Year,84.49,2053.38,Yes,DSL,Electronic Check,No,0,1
CUST-03625,43,One Year,62.43,2505.78,No,Fiber Optic,Electronic Check,No,0,1
CUST-03626,1,Two Year,34.26,32.51,No,Fiber Optic,Mailed Check,Yes,2,0
CUST-03627,70,One Year,75.17,5072.43,Yes,No,Credit Card,Yes,3,0
CUST-03628,43,One Year,97.36,4162.84,Yes,DSL,Credit Card,No,1,0
CUST-03629,69,Month-to-Month,78.86,5321.68,No,Fiber Optic,Electronic Check,Yes,4,0
CUST-03630,26,Month-to-Month,15.0,367.71,Yes,No,Electronic Check,No,1,0
CUST-03631,23,Two Year,91.75,2035.42,Yes,No,Credit Card,Yes,0,0
CUST-03632,38,One Year,93.29,3256.41,No,Fiber Optic,Bank Transfer,No,1,0
CUST-03633,63,Month-to-Month,62.47,3708.9,No,DSL,Mailed Check,No,5,0
CUST-03634,40,One Year,94.71,3709.34,Yes,Fiber Optic,Electronic Check,Yes,1,0
CUST-03635,58,Month-to-Month,85.7,4775.05,No,Fiber Optic,Electronic Check,Yes,3,1
CUST-03636,16,Two Year,52.86,827.43,No,DSL,Electronic Check,Yes,1,1
CUST-03637,56,Month-to-Month,101.78,5420.29,No,DSL,Bank Transfer,Yes,2,0
CUST-03638,53,Two Year,38.31,1904.57,No,Fiber Optic,Bank Transfer,Yes,1,0
CUST-03639,65,Month-to-Month,68.57,4342.3,Yes,DSL,Mailed Check,Yes,1,0
CUST-03640,5,Month-to-Month,66.07,300.41,Yes,No,Bank Transfer,Yes,1,1
CUST-03641,28,Month-to-Month,49.36,1379.12,No,DSL,Electronic Check,No,1,1
CUST-03642,7,Two Year,77.59,540.33,No,No,Electronic Check,Yes,0,0
CUST-03643,29,Month-to-Month,102.76,2944.39,No,Fiber Optic,Electronic Check,Yes,0,1
CUST-03644,55,Month-to-Month,101.19,5501.05,No,No,Electronic Check,No,1,0
CUST-03645,47,One Year,88.09,3937.8,Yes,Fiber Optic,Credit Card,No,3,0
CUST-03646,55,Month-to-Month,27.6,1441.79,No,DSL,Electronic Check,Yes,1,0
CUST-03647,54,Month-to-Month,36.6,1940.84,Yes,DSL,Electronic Check,Yes,1,0
CUST-03648,72,Month-to-Month,74.15,4956.14,No,DSL,Credit Card,Yes,1,0
CUST-03649,64,Two Year,69.14,4358.55,No,Fiber Optic,Mailed Check,No,0,0
CUST-03650,43,Month-to-Month,57.55,2276.9,No,DSL,Electronic Check,Yes,3,0
CUST-03651,64,Month-to-Month,117.63,7437.31,No,Fiber Optic,Electronic Check,Yes,1,0
CUST-03652,4,Month-to-Month,72.65,277.26,No,No,Electronic Check,No,2,1
CUST-03653,52,Month-to-Month,83.56,4276.99,Yes,Fiber Optic,Electronic Check,Yes,0,0
CUST-03654,38,Month-to-Month,94.7,3416.2,Yes,Fiber Optic,Bank Transfer,No,0,0
CUST-03655,69,Month-to-Month,71.37,4731.7,Yes,No,Mailed Check,No,5,0
CUST-03656,37,Month-to-Month,134.78,4950.35,Yes,Fiber Optic,Electronic Check,Yes,3,1
CUST-03657,13,Month-to-Month,46.49,569.21,Yes,DSL,Credit Card,No,2,1
CUST-03658,53,Two Year,54.85,2680.38,Yes,DSL,Electronic Check,Yes,1,0
CUST-03659,69,Month-to-Month,46.43,2912.45,No,Fiber Optic,Mailed Check,No,0,1
CUST-03660,2,Month-to-Month,109.07,209.2,Yes,DSL,Electronic Check,Yes,1,1
CUST-03661,5,Two Year,90.05,432.74,No,Fiber Optic,Electronic Check,Yes,3,1
CUST-03662,48,Two Year,56.4,2604.52,No,No,Bank Transfer,Yes,1,0
CUST-03663,41,One Year,48.4,1793.34,Yes,Fiber Optic,Electronic Check,Yes,0,0
CUST-03664,40,Month-to-Month,104.62,3777.79,Yes,DSL,Electronic Check,Yes,0,0
CUST-03665,7,Month-to-Month,79.04,547.49,Yes,DSL,Mailed Check,Yes,0,0
CUST-03666,42,Month-to-Month,105.26,4286.3,Yes,No,Credit Card,Yes,0,0
CUST-03667,41,Month-to-Month,68.5,2559.48,No,DSL,Mailed Check,Yes,1,0
CUST-03668,62,Month-to-Month,82.79,4657.99,No,DSL,Electronic Check,Yes,3,1
CUST-03669,29,One Year,77.51,2059.39,Yes,Fiber Optic,Electronic Check,No,2,0
CUST-03670,26,Month-to-Month,54.4,1387.09,Yes,Fiber Optic,Mailed Check,No,1,0
CUST-03671,6,One Year,66.4,387.37,Yes,Fiber Optic,Electronic Check,No,2,1
CUST-03672,41,Month-to-Month,40.39,1596.15,Yes,Fiber Optic,Electronic Check,No,1,0
CUST-03673,47,Month-to-Month,82.35,3731.42,No,Fiber Optic,Mailed Check,Yes,2,1
CUST-03674,21,One Year,89.03,1843.24,No,DSL,Credit Card,Yes,2,1
CUST-03675,53,Two Year,94.75,4687.03,No,Fiber Optic,Credit Card,No,1,0
CUST-03676,68,Month-to-Month,86.66,5493.48,No,Fiber Optic,Electronic Check,Yes,0,0
CUST-03677,13,One Year,66.79,818.38,No,Fiber Optic,Credit Card,No,0,0
CUST-03678,42,Month-to-Month,108.8,4564.88,Yes,No,Mailed Check,Yes,1,1
CUST-03679,50,Month-to-Month,92.31,4410.06,No,DSL,Credit Card,Yes,3,0
CUST-03680,2,One Year,104.71,199.93,No,Fiber Optic,Bank Transfer,Yes,1,0
CUST-03681,13,Month-to-Month,106.28,1355.33,Yes,Fiber Optic,Bank Transfer,No,2,0
CUST-03682,29,Month-to-Month,66.86,1779.57,No,Fiber Optic,Mailed Check,No,1,0
CUST-03683,10,Month-to-Month,79.7,749.61,No,DSL,Bank Transfer,Yes,0,0
CUST-03684,26,Month-to-Month,89.36,2240.04,Yes,Fiber Optic,Bank Transfer,No,3,1
CUST-03685,11,Month-to-Month,41.27,453.43,No,No,Bank Transfer,No,1,1
CUST-03686,65,Month-to-Month,41.83,2489.05,Yes,Fiber Optic,Mailed Check,No,1,0
CUST-03687,44,Two Year,37.52,1560.42,Yes,DSL,Electronic Check,No,1,0
CUST-03688,24,One Year,67.3,1599.95,Yes,DSL,Mailed Check,Yes,1,1
CUST-03689,57,Month-to-Month,61.67,3418.71,No,Fiber Optic,Electronic Check,Yes,1,0
CUST-03690,2,Month-to-Month,34.11,65.59,No,DSL,Electronic Check,No,2,0
CUST-03691,43,One Year,73.73,2934.86,No,No,Mailed Check,Yes,1,0
CUST-03692,50,Month-to-Month,67.61,3105.74,No,No,Mailed Check,Yes,1,1
CUST-03693,59,Month-to-Month,99.56,5506.45,Yes,No,Electronic Check,No,2,1
CUST-03694,17,One Year,120.32,1893.08,No,Fiber Optic,Electronic Check,Yes,0,0
CUST-03695,43,Month-to-Month,81.41,3433.58,Yes,Fiber Optic,Mailed Check,No,0,1
CUST-03696,56,Month-to-Month,52.58,2862.24,No,DSL,Credit Card,Yes,2,0
CUST-03697,58,Month-to-Month,86.17,4915.49,No,DSL,Mailed Check,No,2,0
CUST-03698,13,Month-to-Month,70.23,837.31,Yes,Fiber Optic,Credit Card,No,0,1
CUST-03699,71,Month-to-Month,64.0,4230.45,No,DSL,Mailed Check,Yes,3,0
CUST-03700,20,Two Year,48.46,946.77,Yes,DSL,Electronic Check,No,3,0
CUST-03701,29,Month-to-Month,58.39,1551.67,No,No,Electronic Check,Yes,0,0
CUST-03702,14,One Year,65.56,839.42,No,Fiber Optic,Mailed Check,No,1,0
CUST-03703,11,One Year,90.1,929.95,No,No,Credit Card,Yes,0,0
CUST-03704,19,Month-to-Month,82.78,1444.86,No,DSL,Electronic Check,Yes,1,1
CUST-03705,10,Month-to-Month,115.64,1049.88,Yes,No,Mailed Check,No,1,1
CUST-03706,53,Month-to-Month,86.86,4287.21,No,Fiber Optic,Bank Transfer,No,0,0
CUST-03707,44,One Year,80.61,3502.72,No,DSL,Bank Transfer,No,3,0
CUST-03708,29,Month-to-Month,62.34,1637.29,No,Fiber Optic,Bank Transfer,No,1,1
CUST-03709,40,One Year,44.06,1685.93,No,Fiber Optic,Electronic Check,Yes,1,0
CUST-03710,44,Two Year,55.75,2345.8,Yes,Fiber Optic,Credit Card,No,1,0
CUST-03711,14,One Year,52.5,700.52,No,Fiber Optic,Mailed Check,No,1,0
CUST-03712,22,Two Year,15.0,313.68,Yes,Fiber Optic,Electronic Check,No,2,0
CUST-03713,64,One Year,44.78,2584.27,No,No,Credit Card,No,0,0
CUST-03714,1,Two Year,110.06,99.58,Yes,DSL,Credit Card,No,1,0
CUST-03715,69,Two Year,79.22,5199.0,No,Fiber Optic,Credit Card,No,1,0
CUST-03716,70,One Year,60.59,4227.86,No,No,Mailed Check,No,3,0
CUST-03717,19,Two Year,79.96,1429.3,No,Fiber Optic,Credit Card,Yes,3,0
CUST-03718,24,Two Year,21.16,481.04,No,No,Electronic Check,No,2,0
CUST-03719,15,Month-to-Month,77.05,1153.68,No,Fiber Optic,Credit Card,Yes,0,1
CUST-03720,41,One Year,101.94,4087.22,No,DSL,Bank Transfer,Yes,2,0
CUST-03721,16,Month-to-Month,66.97,1046.89,Yes,Fiber Optic,Mailed Check,Yes,2,0
CUST-03722,57,Two Year,25.7,1392.35,No,Fiber Optic,Electronic Check,Yes,0,0
CUST-03723,28,Month-to-Month,59.65,1653.15,No,DSL,Bank Transfer,No,0,1
CUST-03724,70,Two Year,101.98,6839.62,Yes,Fiber Optic,Mailed Check,Yes,3,1
CUST-03725,62,One Year,76.47,4578.38,No,DSL,Credit Card,Yes,0,0
CUST-03726,29,Two Year,34.54,980.38,Yes,DSL,Credit Card,Yes,0,0
CUST-03727,43,Month-to-Month,129.19,5225.52,No,No,Credit Card,No,1,0
CUST-03728,2,One Year,38.65,76.94,No,No,Electronic Check,Yes,1,0
CUST-03729,5,One Year,63.93,319.27,No,Fiber Optic,Bank Transfer,Yes,0,1
CUST-03730,37,Two Year,44.07,1563.27,Yes,Fiber Optic,Bank Transfer,Yes,1,0
CUST-03731,35,Two Year,44.1,1423.42,Yes,Fiber Optic,Mailed Check,No,0,0
CUST-03732,29,One Year,58.7,1663.98,No,DSL,Electronic Check,Yes,1,0
CUST-03733,7,One Year,85.9,560.54,No,DSL,Bank Transfer,No,0,0
CUST-03734,61,Month-to-Month,102.26,5974.06,Yes,Fiber Optic,Electronic Check,Yes,0,1
CUST-03735,30,Two Year,60.35,1645.15,No,Fiber Optic,Electronic Check,Yes,1,0
CUST-03736,34,Month-to-Month,44.75,1492.19,No,Fiber Optic,Electronic Check,No,1,1
CUST-03737,30,One Year,81.97,2449.04,No,DSL,Electronic Check,No,2,0
CUST-03738,36,One Year,82.7,2707.53,Yes,No,Mailed Check,Yes,1,1
CUST-03739,47,Month-to-Month,76.01,3476.58,Yes,DSL,Electronic Check,Yes,2,0
CUST-03740,56,Month-to-Month,76.89,4245.92,No,Fiber Optic,Bank Transfer,Yes,0,0
CUST-03741,40,Month-to-Month,67.19,2448.27,No,DSL,Credit Card,Yes,1,0
CUST-03742,12,Two Year,72.45,803.92,No,DSL,Bank Transfer,Yes,1,0
CUST-03743,63,Month-to-Month,65.46,3873.19,Yes,Fiber Optic,Mailed Check,Yes,2,0
CUST-03744,21,Month-to-Month,96.76,1998.79,No,Fiber Optic,Electronic Check,Yes,1,1
CUST-03745,2,One Year,125.71,238.68,No,Fiber Optic,Mailed Check,Yes,1,0
CUST-03746,3,Month-to-Month,74.49,204.18,Yes,DSL,Bank Transfer,No,2,1
CUST-03747,56,Two Year,69.84,3620.2,No,No,Credit Card,Yes,0,0
CUST-03748,28,Month-to-Month,76.4,2025.26,No,Fiber Optic,Credit Card,Yes,2,1
CUST-03749,2,Month-to-Month,53.55,96.81,No,No,Mailed Check,Yes,0,1
CUST-03750,59,Month-to-Month,89.12,5064.06,Yes,DSL,Electronic Check,No,1,0
CUST-03751,22,Month-to-Month,81.03,1608.91,No,No,Bank Transfer,Yes,5,1
CUST-03752,71,Month-to-Month,59.49,4131.23,No,Fiber Optic,Credit Card,Yes,0,0
CUST-03753,64,One Year,92.55,5765.55,Yes,Fiber Optic,Credit Card,No,3,0
CUST-03754,4,Month-to-Month,70.47,278.09,No,DSL,Credit Card,Yes,0,1
CUST-03755,50,Month-to-Month,45.75,2094.83,Yes,DSL,Electronic Check,Yes,1,0
CUST-03756,44,Month-to-Month,78.79,3328.99,Yes,No,Credit Card,No,3,0
CUST-03757,13,Month-to-Month,75.92,965.35,No,Fiber Optic,Electronic Check,Yes,3,1
CUST-03758,25,Two Year,94.01,2236.44,No,Fiber Optic,Electronic Check,Yes,0,0
CUST-03759,36,Month-to-Month,90.79,2984.35,Yes,Fiber Optic,Bank Transfer,Yes,0,0
CUST-03760,11,Two Year,67.27,673.29,Yes,Fiber Optic,Electronic Check,No,1,0
CUST-03761,52,Month-to-Month,58.2,2907.13,Yes,Fiber Optic,Mailed Check,No,1,0
CUST-03762,20,Month-to-Month,70.04,1330.42,Yes,No,Electronic Check,No,1,0
CUST-03763,68,Month-to-Month,79.08,5339.56,Yes,DSL,Electronic Check,Yes,1,0
CUST-03764,58,Month-to-Month,82.09,4682.11,Yes,No,Electronic Check,Yes,2,1
CUST-03765,46,One Year,77.54,3468.31,No,Fiber Optic,Bank Transfer,No,1,0
CUST-03766,9,Month-to-Month,67.73,608.5,Yes,DSL,Electronic Check,No,2,0
CUST-03767,2,Month-to-Month,94.92,184.04,No,DSL,Bank Transfer,Yes,0,1
CUST-03768,11,One Year,53.14,531.48,Yes,Fiber Optic,Bank Transfer,No,0,0
CUST-03769,36,One Year,131.99,4313.33,No,Fiber Optic,Electronic Check,No,1,0
CUST-03770,57,Two Year,89.08,4984.07,Yes,DSL,Credit Card,Yes,2,0
CUST-03771,12,Two Year,41.81,469.65,Yes,DSL,Electronic Check,No,0,0
CUST-03772,51,One Year,74.63,3777.31,No,Fiber Optic,Credit Card,No,0,0
CUST-03773,4,Two Year,89.32,325.78,Yes,DSL,Credit Card,Yes,3,0
CUST-03774,20,One Year,61.27,1127.22,Yes,DSL,Credit Card,No,3,0
CUST-03775,44,Month-to-Month,32.62,1402.72,Yes,Fiber Optic,Mailed Check,Yes,0,0
CUST-03776,60,One Year,44.02,2600.91,No,DSL,Bank Transfer,Yes,2,0
CUST-03777,56,Month-to-Month,83.55,4616.66,Yes,DSL,Electronic Check,No,0,0
CUST-03778,39,One Year,26.13,927.27,Yes,Fiber Optic,Credit Card,No,1,0
CUST-03779,3,Two Year,33.77,95.05,Yes,Fiber Optic,Electronic Check,Yes,0,1
CUST-03780,22,Month-to-Month,83.42,1770.34,No,Fiber Optic,Bank Transfer,No,4,1
CUST-03781,57,Two Year,64.44,3643.25,No,DSL,Mailed Check,No,0,0
CUST-03782,6,Two Year,52.61,291.64,Yes,Fiber Optic,Credit Card,No,1,0
CUST-03783,51,Month-to-Month,57.63,2821.67,Yes,Fiber Optic,Bank Transfer,Yes,2,0
CUST-03784,51,Month-to-Month,33.23,1549.58,No,Fiber Optic,Electronic Check,No,1,0
CUST-03785,55,Two Year,82.11,4401.92,No,DSL,Electronic Check,No,0,0
CUST-03786,16,Two Year,49.84,727.87,Yes,DSL,Credit Card,No,1,0
CUST-03787,18,Month-to-Month,56.61,1018.98,No,Fiber Optic,Credit Card,Yes,0,0
CUST-03788,15,Month-to-Month,78.67,1072.93,No,DSL,Electronic Check,Yes,2,1
CUST-03789,29,One Year,63.58,1785.8,Yes,No,Bank Transfer,Yes,0,0
CUST-03790,38,Month-to-Month,52.38,1946.06,No,No,Mailed Check,Yes,3,0
CUST-03791,9,Month-to-Month,20.26,168.81,No,Fiber Optic,Electronic Check,No,3,1
CUST-03792,41,Month-to-Month,79.19,3004.85,Yes,Fiber Optic,Electronic Check,Yes,2,1
CUST-03793,18,Month-to-Month,71.97,1243.14,Yes,Fiber Optic,Bank Transfer,Yes,1,1
CUST-03794,41,One Year,57.07,2253.41,Yes,DSL,Electronic Check,Yes,1,0
CUST-03795,22,One Year,44.07,942.44,Yes,Fiber Optic,Credit Card,No,2,0
CUST-03796,69,One Year,70.32,4648.44,No,No,Electronic Check,Yes,1,0
CUST-03797,23,One Year,82.01,1730.52,No,DSL,Bank Transfer,No,0,0
CUST-03798,63,Month-to-Month,72.44,4529.1,No,Fiber Optic,Electronic Check,Yes,0,0
CUST-03799,13,Month-to-Month,110.95,1322.15,No,Fiber Optic,Bank Transfer,Yes,3,1
CUST-03800,7,Month-to-Month,87.62,586.67,Yes,DSL,Electronic Check,Yes,1,0
CUST-03801,14,Month-to-Month,67.32,934.94,Yes,Fiber Optic,Electronic Check,Yes,0,0
CUST-03802,31,Month-to-Month,88.46,2718.39,No,No,Mailed Check,No,1,0
CUST-03803,65,Month-to-Month,71.22,4244.1,Yes,DSL,Bank Transfer,No,1,0
CUST-03804,13,Month-to-Month,71.13,854.28,Yes,DSL,Bank Transfer,Yes,0,1
CUST-03805,57,Month-to-Month,102.41,5604.96,No,DSL,Electronic Check,No,1,0
CUST-03806,51,One Year,47.55,2264.31,No,Fiber Optic,Electronic Check,No,2,0
CUST-03807,25,One Year,70.58,1717.01,Yes,Fiber Optic,Electronic Check,No,3,1
CUST-03808,25,Two Year,99.74,2374.41,No,Fiber Optic,Electronic Check,No,2,0
CUST-03809,69,One Year,77.72,4969.11,Yes,Fiber Optic,Electronic Check,Yes,0,0
CUST-03810,52,One Year,60.77,2973.93,No,No,Electronic Check,Yes,0,0
CUST-03811,18,Month-to-Month,27.35,477.09,No,DSL,Mailed Check,Yes,1,1
CUST-03812,66,One Year,15.0,968.73,No,No,Electronic Check,Yes,1,1
CUST-03813,30,Month-to-Month,121.9,3426.45,Yes,Fiber Optic,Mailed Check,Yes,0,1
CUST-03814,6,Month-to-Month,77.71,424.53,No,DSL,Bank Transfer,Yes,3,0
CUST-03815,59,Month-to-Month,55.4,3057.21,Yes,DSL,Credit Card,Yes,0,0
CUST-03816,63,Month-to-Month,78.74,4777.31,No,Fiber Optic,Bank Transfer,Yes,1,0
CUST-03817,32,Month-to-Month,46.31,1446.33,No,No,Electronic Check,No,0,1
CUST-03818,51,One Year,61.72,3109.84,Yes,Fiber Optic,Mailed Check,Yes,1,0
CUST-03819,17,Two Year,46.48,787.15,No,Fiber Optic,Electronic Check,Yes,2,1
CUST-03820,62,One Year,34.67,2048.37,Yes,DSL,Bank Transfer,Yes,1,0
CUST-03821,27,One Year,17.38,463.64,No,DSL,Credit Card,Yes,2,0
CUST-03822,20,Month-to-Month,30.06,556.84,No,No,Bank Transfer,Yes,0,1
CUST-03823,37,Month-to-Month,95.53,3378.96,No,No,Credit Card,Yes,2,0
CUST-03824,20,One Year,45.33,864.84,No,Fiber Optic,Electronic Check,Yes,1,0
CUST-03825,45,Month-to-Month,83.37,3664.87,No,DSL,Electronic Check,Yes,0,1
CUST-03826,54,Month-to-Month,93.92,4956.62,No,DSL,Electronic Check,No,1,0
CUST-03827,30,Month-to-Month,70.41,1961.34,No,No,Electronic Check,Yes,0,0
CUST-03828,57,Two Year,62.54,3524.09,Yes,DSL,Electronic Check,No,0,0
CUST-03829,32,One Year,73.33,2321.1,No,DSL,Credit Card,Yes,1,0
CUST-03830,70,Month-to-Month,59.58,4149.01,Yes,Fiber Optic,Mailed Check,Yes,4,0
CUST-03831,20,One Year,100.1,1893.42,Yes,No,Credit Card,Yes,0,0
CUST-03832,51,Month-to-Month,116.91,5954.91,Yes,DSL,Credit Card,No,2,0
CUST-03833,39,Month-to-Month,106.25,4054.62,Yes,Fiber Optic,Bank Transfer,Yes,1,0
CUST-03834,68,Month-to-Month,16.21,1064.05,No,DSL,Credit Card,Yes,3,0
CUST-03835,16,Month-to-Month,59.07,891.46,Yes,Fiber Optic,Electronic Check,Yes,2,1
CUST-03836,15,One Year,70.1,1034.93,No,DSL,Credit Card,No,1,0
CUST-03837,63,Month-to-Month,81.58,5018.32,Yes,No,Bank Transfer,Yes,4,0
CUST-03838,65,One Year,26.82,1671.05,Yes,Fiber Optic,Bank Transfer,Yes,2,0
CUST-03839,54,Month-to-Month,26.41,1425.73,No,No,Bank Transfer,Yes,2,0
CUST-03840,35,One Year,102.67,3323.75,No,Fiber Optic,Credit Card,No,1,1
CUST-03841,30,One Year,56.02,1620.39,Yes,No,Credit Card,Yes,0,0
CUST-03842,48,One Year,32.81,1467.97,No,Fiber Optic,Electronic Check,Yes,5,0
CUST-03843,54,One Year,42.41,2165.98,No,Fiber Optic,Electronic Check,Yes,0,0
CUST-03844,20,Two Year,79.76,1489.75,Yes,DSL,Electronic Check,Yes,2,0
CUST-03845,1,Month-to-Month,49.44,46.15,Yes,No,Credit Card,Yes,2,1
CUST-03846,6,One Year,76.04,427.81,No,Fiber Optic,Electronic Check,No,1,1
CUST-03847,25,One Year,45.53,1030.88,Yes,Fiber Optic,Bank Transfer,Yes,1,0
CUST-03848,50,Month-to-Month,26.39,1192.81,Yes,Fiber Optic,Mailed Check,Yes,2,0
CUST-03849,32,Month-to-Month,105.61,3286.56,Yes,Fiber Optic,Credit Card,Yes,3,0
CUST-03850,45,Month-to-Month,79.95,3349.83,Yes,Fiber Optic,Credit Card,Yes,0,1
CUST-03851,34,Month-to-Month,61.66,1891.24,No,Fiber Optic,Mailed Check,No,2,1
CUST-03852,19,Month-to-Month,56.97,983.01,No,Fiber Optic,Mailed Check,No,2,1
CUST-03853,54,Month-to-Month,106.62,5294.49,No,Fiber Optic,Credit Card,No,1,1
CUST-03854,53,One Year,84.79,4066.15,No,Fiber Optic,Electronic Check,No,1,0
CUST-03855,70,Month-to-Month,98.67,6869.7,No,Fiber Optic,Mailed Check,Yes,1,0
CUST-03856,60,Two Year,55.41,3181.1,No,No,Credit Card,No,2,0
CUST-03857,28,Month-to-Month,71.27,1874.63,No,Fiber Optic,Bank Transfer,No,2,1
CUST-03858,51,One Year,80.05,3891.78,No,DSL,Credit Card,Yes,1,0
CUST-03859,26,Month-to-Month,56.25,1332.75,Yes,Fiber Optic,Mailed Check,No,2,0
CUST-03860,63,Month-to-Month,67.61,4132.43,Yes,No,Bank Transfer,Yes,1,0
CUST-03861,44,Month-to-Month,55.41,2430.63,No,No,Credit Card,Yes,0,0
CUST-03862,61,One Year,79.98,4454.65,No,DSL,Bank Transfer,Yes,2,0
CUST-03863,21,Month-to-Month,36.97,710.58,Yes,No,Credit Card,Yes,1,0
CUST-03864,2,Two Year,84.3,162.34,Yes,DSL,Credit Card,No,1,0
CUST-03865,11,Month-to-Month,77.77,782.92,No,No,Electronic Check,Yes,1,1
CUST-03866,39,One Year,64.92,2310.61,No,No,Electronic Check,Yes,0,0
CUST-03867,70,Month-to-Month,81.24,5499.41,No,Fiber Optic,Bank Transfer,No,1,0
CUST-03868,46,One Year,60.88,2693.69,No,No,Credit Card,Yes,0,0
CUST-03869,59,Month-to-Month,53.25,2895.98,No,Fiber Optic,Credit Card,Yes,1,0
CUST-03870,34,Month-to-Month,83.59,2791.81,No,Fiber Optic,Electronic Check,No,1,1
CUST-03871,70,Month-to-Month,84.68,5397.23,No,No,Bank Transfer,No,1,0
CUST-03872,68,Month-to-Month,57.32,3637.61,Yes,DSL,Bank Transfer,Yes,2,0
CUST-03873,16,Month-to-Month,55.17,859.67,Yes,DSL,Mailed Check,No,3,1
CUST-03874,63,Two Year,65.43,3962.94,Yes,DSL,Bank Transfer,No,1,0
CUST-03875,2,Month-to-Month,56.2,107.9,No,Fiber Optic,Credit Card,Yes,1,1
CUST-03876,43,Month-to-Month,108.13,4503.72,No,Fiber Optic,Mailed Check,No,1,1
CUST-03877,32,Two Year,77.91,2404.98,Yes,No,Electronic Check,No,2,0
CUST-03878,22,Month-to-Month,70.37,1528.68,No,No,Mailed Check,No,0,0
CUST-03879,68,Month-to-Month,46.68,3037.36,No,No,Electronic Check,Yes,1,0
CUST-03880,48,One Year,88.47,3992.31,Yes,Fiber Optic,Bank Transfer,No,2,0
CUST-03881,10,Two Year,54.71,534.3,Yes,No,Credit Card,Yes,1,0
CUST-03882,11,One Year,53.68,546.74,No,DSL,Bank Transfer,No,1,0
CUST-03883,9,Month-to-Month,89.32,784.55,Yes,Fiber Optic,Credit Card,Yes,1,1
CUST-03884,22,Two Year,79.68,1626.74,No,DSL,Bank Transfer,No,1,0
CUST-03885,5,Month-to-Month,15.0,71.1,No,DSL,Mailed Check,No,0,1
CUST-03886,20,Two Year,66.06,1286.74,No,DSL,Mailed Check,Yes,0,0
CUST-03887,56,Two Year,73.14,3943.34,No,DSL,Mailed Check,Yes,0,0
CUST-03888,63,Two Year,61.51,3520.82,No,No,Mailed Check,Yes,1,0
CUST-03889,57,Month-to-Month,74.01,3985.1,No,Fiber Optic,Electronic Check,Yes,2,0
CUST-03890,36,Month-to-Month,24.76,874.59,Yes,No,Bank Transfer,No,2,1
CUST-03891,51,One Year,15.0,764.75,Yes,Fiber Optic,Electronic Check,No,2,0
CUST-03892,68,Month-to-Month,45.61,2936.11,Yes,Fiber Optic,Electronic Check,No,3,0
CUST-03893,4,Month-to-Month,77.06,280.06,No,DSL,Mailed Check,No,3,1
CUST-03894,66,Two Year,15.0,927.25,No,No,Credit Card,Yes,4,0
CUST-03895,53,One Year,48.91,2460.01,No,DSL,Electronic Check,Yes,1,0
CUST-03896,28,Month-to-Month,21.93,557.14,Yes,Fiber Optic,Credit Card,Yes,3,0
CUST-03897,33,Month-to-Month,63.93,2081.05,No,No,Mailed Check,Yes,2,0
CUST-03898,32,Month-to-Month,118.95,3630.85,No,Fiber Optic,Electronic Check,No,2,1
CUST-03899,12,Month-to-Month,64.57,729.6,No,No,Electronic Check,No,1,1
CUST-03900,17,Month-to-Month,67.31,1075.29,No,DSL,Electronic Check,Yes,1,1
CUST-03901,22,Two Year,90.98,1807.07,No,Fiber Optic,Mailed Check,Yes,1,0
CUST-03902,1,One Year,70.53,67.14,No,DSL,Mailed Check,Yes,2,0
CUST-03903,37,Month-to-Month,64.63,2265.9,Yes,Fiber Optic,Bank Transfer,No,3,0
CUST-03904,35,Month-to-Month,93.17,3047.65,No,DSL,Electronic Check,No,1,1
CUST-03905,24,One Year,81.8,1896.19,Yes,Fiber Optic,Electronic Check,Yes,1,0
CUST-03906,13,Two Year,77.22,944.74,Yes,No,Electronic Check,No,3,0
CUST-03907,70,Two Year,66.53,4457.67,No,Fiber Optic,Credit Card,No,2,0
CUST-03908,49,Month-to-Month,61.35,2971.59,Yes,No,Mailed Check,Yes,1,0
CUST-03909,35,Two Year,92.93,3045.65,Yes,Fiber Optic,Bank Transfer,No,1,0
CUST-03910,53,Month-to-Month,61.59,3067.74,No,DSL,Bank Transfer,Yes,0,0
CUST-03911,27,Month-to-Month,100.78,2684.57,No,Fiber Optic,Electronic Check,No,2,1
CUST-03912,16,Two Year,43.82,656.11,Yes,DSL,Electronic Check,No,1,0
CUST-03913,49,Month-to-Month,105.84,4895.4,Yes,Fiber Optic,Bank Transfer,Yes,1,0
CUST-03914,56,Month-to-Month,81.8,4489.56,No,No,Credit Card,Yes,1,0
CUST-03915,47,Month-to-Month,45.79,2064.29,No,Fiber Optic,Credit Card,No,0,0
CUST-03916,41,Month-to-Month,82.72,3369.1,No,DSL,Electronic Check,Yes,0,1
CUST-03917,1,Month-to-Month,53.74,50.9,No,DSL,Electronic Check,Yes,1,0
CUST-03918,46,One Year,70.84,3088.87,No,Fiber Optic,Mailed Check,Yes,0,0
CUST-03919,45,Month-to-Month,57.83,2353.29,Yes,DSL,Electronic Check,Yes,1,0
CUST-03920,30,Month-to-Month,66.68,1839.83,No,Fiber Optic,Credit Card,No,0,0
CUST-03921,18,Two Year,93.54,1606.27,Yes,Fiber Optic,Electronic Check,Yes,2,0
CUST-03922,71,Month-to-Month,82.96,5411.36,Yes,Fiber Optic,Electronic Check,No,1,0
CUST-03923,28,Two Year,41.87,1108.3,No,No,Electronic Check,No,1,0
CUST-03924,20,Month-to-Month,43.3,803.94,No,DSL,Credit Card,No,0,1
CUST-03925,51,One Year,76.77,3531.89,Yes,Fiber Optic,Mailed Check,Yes,0,0
CUST-03926,35,Month-to-Month,78.58,2605.94,Yes,DSL,Electronic Check,Yes,0,0
CUST-03927,41,Two Year,53.14,2101.67,No,DSL,Mailed Check,No,2,0
CUST-03928,47,Month-to-Month,109.78,4818.21,Yes,Fiber Optic,Electronic Check,Yes,1,0
CUST-03929,27,Two Year,90.34,2384.67,No,DSL,Electronic Check,Yes,2,1
CUST-03930,11,Month-to-Month,54.36,546.9,Yes,No,Credit Card,No,1,0
CUST-03931,13,One Year,51.94,613.86,Yes,No,Bank Transfer,No,2,0
CUST-03932,68,Month-to-Month,64.3,4343.91,Yes,No,Bank Transfer,Yes,1,0
CUST-03933,37,Month-to-Month,61.7,2265.01,No,DSL,Mailed Check,Yes,1,1
CUST-03934,31,Month-to-Month,101.4,2956.85,Yes,Fiber Optic,Mailed Check,Yes,2,0
CUST-03935,23,Month-to-Month,94.61,2049.81,Yes,Fiber Optic,Credit Card,Yes,1,0
CUST-03936,52,Month-to-Month,70.88,3630.86,No,DSL,Electronic Check,Yes,2,0
CUST-03937,66,One Year,86.95,5469.28,Yes,Fiber Optic,Bank Transfer,No,0,0
CUST-03938,56,Month-to-Month,90.57,4624.13,No,No,Bank Transfer,No,0,0
CUST-03939,39,Month-to-Month,71.46,2540.26,Yes,No,Electronic Check,No,3,0
CUST-03940,35,Month-to-Month,80.07,2558.95,No,No,Electronic Check,Yes,2,0
CUST-03941,63,Month-to-Month,84.85,5228.36,Yes,DSL,Credit Card,No,2,0
CUST-03942,62,Month-to-Month,82.19,4892.92,No,No,Credit Card,Yes,2,0
CUST-03943,29,One Year,50.53,1362.76,No,No,Electronic Check,No,0,0
CUST-03944,70,Month-to-Month,53.06,3402.98,No,Fiber Optic,Electronic Check,Yes,1,0
CUST-03945,60,Two Year,62.79,3437.17,No,DSL,Bank Transfer,Yes,1,0
CUST-03946,61,Month-to-Month,52.33,3109.58,Yes,Fiber Optic,Credit Card,Yes,2,1
CUST-03947,5,Month-to-Month,33.17,163.96,Yes,DSL,Mailed Check,Yes,1,0
CUST-03948,10,Two Year,86.9,828.25,Yes,DSL,Credit Card,Yes,5,0
CUST-03949,22,Month-to-Month,78.66,1691.19,No,No,Credit Card,No,0,0
CUST-03950,55,Month-to-Month,36.52,1864.61,Yes,No,Electronic Check,No,0,0
CUST-03951,6,Two Year,63.98,367.97,No,No,Electronic Check,Yes,0,0
CUST-03952,6,Two Year,65.39,370.29,No,DSL,Electronic Check,No,1,0
CUST-03953,3,One Year,74.55,203.25,Yes,Fiber Optic,Credit Card,Yes,1,0
CUST-03954,14,Month-to-Month,42.95,570.48,Yes,Fiber Optic,Bank Transfer,No,1,0
CUST-03955,67,One Year,36.15,2384.94,No,Fiber Optic,Credit Card,Yes,1,0
CUST-03956,52,Two Year,82.99,3906.28,Yes,Fiber Optic,Bank Transfer,No,1,0
CUST-03957,52,Two Year,31.65,1559.74,Yes,No,Bank Transfer,No,1,0
CUST-03958,22,Month-to-Month,64.18,1394.07,Yes,Fiber Optic,Electronic Check,Yes,1,1
CUST-03959,46,Month-to-Month,61.85,2785.37,No,No,Electronic Check,No,1,1
CUST-03960,57,Month-to-Month,66.92,3621.22,No,DSL,Credit Card,No,0,0
CUST-03961,39,Month-to-Month,76.32,2729.83,Yes,Fiber Optic,Mailed Check,No,3,0
CUST-03962,62,One Year,109.96,6714.25,Yes,Fiber Optic,Credit Card,No,1,0
CUST-03963,42,Month-to-Month,30.01,1153.68,No,Fiber Optic,Electronic Check,Yes,2,0
CUST-03964,24,Month-to-Month,91.91,2046.32,Yes,No,Bank Transfer,Yes,1,1
CUST-03965,46,Month-to-Month,15.0,629.57,No,DSL,Bank Transfer,No,0,0
CUST-03966,68,Month-to-Month,104.84,6743.44,No,DSL,Electronic Check,Yes,1,1
CUST-03967,60,Month-to-Month,18.93,1093.68,No,No,Mailed Check,No,2,0
CUST-03968,36,Month-to-Month,130.91,4631.29,No,Fiber Optic,Credit Card,No,5,1
CUST-03969,43,Month-to-Month,60.26,2451.6,No,Fiber Optic,Mailed Check,No,1,1
CUST-03970,71,Two Year,102.26,7239.2,No,No,Mailed Check,Yes,1,1
CUST-03971,54,Month-to-Month,97.1,5031.49,No,Fiber Optic,Bank Transfer,Yes,0,0
CUST-03972,37,Month-to-Month,59.09,2099.84,Yes,Fiber Optic,Credit Card,No,1,0
CUST-03973,21,Month-to-Month,61.01,1175.55,No,DSL,Credit Card,Yes,3,1
CUST-03974,66,Month-to-Month,49.07,2976.33,No,Fiber Optic,Mailed Check,Yes,0,0
CUST-03975,71,Month-to-Month,89.68,6097.71,No,Fiber Optic,Mailed Check,No,1,0
CUST-03976,6,Month-to-Month,59.41,346.51,No,Fiber Optic,Mailed Check,Yes,2,1
CUST-03977,3,Month-to-Month,49.53,136.77,Yes,Fiber Optic,Credit Card,No,0,0
CUST-03978,9,Month-to-Month,83.43,712.13,Yes,DSL,Credit Card,Yes,1,0
CUST-03979,28,One Year,47.57,1246.21,Yes,DSL,Bank Transfer,No,0,0
CUST-03980,12,Month-to-Month,61.78,699.75,Yes,Fiber Optic,Electronic Check,Yes,0,0
CUST-03981,64,Month-to-Month,72.68,4289.69,No,Fiber Optic,Credit Card,Yes,2,0
CUST-03982,66,One Year,53.94,3254.13,No,DSL,Electronic Check,No,3,0
CUST-03983,13,Month-to-Month,57.71,699.25,No,No,Electronic Check,No,0,1
CUST-03984,60,Month-to-Month,108.37,6416.97,No,DSL,Mailed Check,Yes,3,1
CUST-03985,11,Month-to-Month,64.89,699.89,No,Fiber Optic,Bank Transfer,Yes,0,1
CUST-03986,57,Month-to-Month,61.01,3165.16,Yes,Fiber Optic,Electronic Check,Yes,1,0
CUST-03987,27,Month-to-Month,65.62,1610.12,No,Fiber Optic,Electronic Check,No,1,1
CUST-03988,3,Two Year,81.36,231.7,Yes,Fiber Optic,Credit Card,Yes,3,1
CUST-03989,31,Two Year,44.15,1269.75,No,DSL,Bank Transfer,Yes,4,0
CUST-03990,60,Two Year,80.68,4755.32,No,DSL,Electronic Check,Yes,0,0
CUST-03991,68,Month-to-Month,76.4,4928.26,Yes,DSL,Electronic Check,No,0,0
CUST-03992,9,Month-to-Month,25.28,224.17,Yes,DSL,Bank Transfer,No,2,0
CUST-03993,61,Month-to-Month,114.86,6381.62,No,Fiber Optic,Electronic Check,Yes,0,0
CUST-03994,22,Month-to-Month,106.52,2336.43,Yes,Fiber Optic,Electronic Check,No,2,0
CUST-03995,34,Month-to-Month,49.99,1660.08,Yes,DSL,Credit Card,Yes,2,0
CUST-03996,8,Month-to-Month,41.94,326.52,No,Fiber Optic,Bank Transfer,Yes,2,0
CUST-03997,71,Month-to-Month,75.7,5342.57,Yes,DSL,Mailed Check,Yes,4,0
CUST-03998,57,Month-to-Month,34.35,1854.24,No,No,Bank Transfer,No,2,0
CUST-03999,47,Month-to-Month,104.11,4476.71,No,Fiber Optic,Bank Transfer,No,1,0
CUST-04000,53,One Year,58.29,2933.94,Yes,Fiber Optic,Mailed Check,Yes,1,0
CUST-04001,63,Month-to-Month,110.55,6835.96,Yes,DSL,Bank Transfer,Yes,2,0
CUST-04002,11,Two Year,49.39,535.66,Yes,Fiber Optic,Bank Transfer,No,1,0
CUST-04003,18,Month-to-Month,67.19,1147.56,No,Fiber Optic,Electronic Check,No,1,1
CUST-04004,3,Month-to-Month,101.68,296.87,No,No,Mailed Check,No,0,0
CUST-04005,36,Month-to-Month,61.92,2061.26,Yes,DSL,Electronic Check,Yes,3,0
CUST-04006,36,Month-to-Month,76.8,2552.06,No,Fiber Optic,Credit Card,No,0,0
CUST-04007,3,Month-to-Month,97.32,279.88,Yes,Fiber Optic,Bank Transfer,Yes,1,1
CUST-04008,48,Month-to-Month,56.1,2537.09,Yes,Fiber Optic,Credit Card,Yes,0,0
CUST-04009,1,One Year,38.46,35.23,Yes,Fiber Optic,Mailed Check,Yes,2,0
CUST-04010,58,Month-to-Month,33.53,1898.33,No,No,Bank Transfer,Yes,1,0
CUST-04011,51,Month-to-Month,84.59,4112.25,Yes,Fiber Optic,Bank Transfer,Yes,0,0
CUST-04012,59,Two Year,79.72,4477.9,No,DSL,Electronic Check,No,0,0
CUST-04013,9,Month-to-Month,96.54,798.42,Yes,No,Credit Card,No,1,0
CUST-04014,63,One Year,63.15,3676.54,No,DSL,Mailed Check,No,1,0
CUST-04015,40,Month-to-Month,34.23,1327.13,No,Fiber Optic,Mailed Check,Yes,1,1
CUST-04016,63,Month-to-Month,15.0,931.0,Yes,DSL,Credit Card,No,0,0
CUST-04017,51,Month-to-Month,141.7,6632.1,Yes,DSL,Bank Transfer,No,2,0
CUST-04018,48,Month-to-Month,83.17,3917.25,No,Fiber Optic,Mailed Check,Yes,2,1
CUST-04019,3,One Year,73.42,215.59,Yes,No,Mailed Check,Yes,1,0
CUST-04020,50,Month-to-Month,76.97,3777.27,Yes,DSL,Bank Transfer,No,1,0
CUST-04021,33,Month-to-Month,34.22,1082.03,No,DSL,Mailed Check,Yes,2,1
CUST-04022,62,Month-to-Month,50.13,2906.61,No,DSL,Bank Transfer,No,1,1
CUST-04023,50,Two Year,113.58,5548.96,No,DSL,Credit Card,No,0,0
CUST-04024,6,One Year,86.46,491.78,Yes,DSL,Electronic Check,Yes,3,0
CUST-04025,65,Two Year,50.91,3051.65,Yes,No,Bank Transfer,Yes,0,0
CUST-04026,5,One Year,39.33,184.9,No,Fiber Optic,Electronic Check,No,1,0
CUST-04027,22,One Year,57.11,1188.29,No,DSL,Bank Transfer,Yes,1,0
CUST-04028,16,Month-to-Month,62.11,944.6,Yes,DSL,Electronic Check,No,0,0
CUST-04029,71,Two Year,121.23,8519.16,Yes,DSL,Mailed Check,Yes,1,0
CUST-04030,12,Month-to-Month,65.29,737.35,Yes,Fiber Optic,Electronic Check,No,0,0
CUST-04031,61,Month-to-Month,40.26,2280.22,No,DSL,Electronic Check,Yes,1,0
CUST-04032,16,One Year,68.53,1092.35,No,No,Bank Transfer,Yes,1,0
CUST-04033,47,Month-to-Month,76.61,3327.72,Yes,DSL,Mailed Check,No,2,1
CUST-04034,7,Month-to-Month,37.99,239.63,No,Fiber Optic,Mailed Check,No,0,0
CUST-04035,29,Month-to-Month,80.05,2286.59,Yes,Fiber Optic,Credit Card,No,1,0
CUST-04036,45,Month-to-Month,100.22,4489.36,Yes,DSL,Electronic Check,No,1,1
CUST-04037,52,Two Year,73.47,3699.0,No,Fiber Optic,Mailed Check,No,2,0
CUST-04038,63,Month-to-Month,50.07,2967.56,No,Fiber Optic,Mailed Check,No,2,0
CUST-04039,59,Two Year,56.78,3197.18,Yes,DSL,Credit Card,No,2,0
CUST-04040,38,Month-to-Month,28.53,1065.93,No,No,Electronic Check,Yes,3,1
CUST-04041,22,One Year,66.65,1449.49,Yes,Fiber Optic,Mailed Check,No,1,0
CUST-04042,19,Month-to-Month,77.77,1345.02,Yes,DSL,Credit Card,No,2,0
CUST-04043,72,Two Year,47.58,3380.54,No,Fiber Optic,Mailed Check,Yes,1,0
CUST-04044,44,Month-to-Month,118.49,5014.06,Yes,Fiber Optic,Credit Card,No,1,1
CUST-04045,66,Month-to-Month,89.81,5353.85,No,DSL,Electronic Check,No,1,1
CUST-04046,32,Month-to-Month,25.18,733.93,No,Fiber Optic,Electronic Check,Yes,1,1
CUST-04047,35,Month-to-Month,25.69,813.33,No,No,Bank Transfer,Yes,1,0
CUST-04048,60,Month-to-Month,45.4,2709.99,Yes,Fiber Optic,Electronic Check,No,2,0
CUST-04049,53,One Year,109.33,5462.19,No,Fiber Optic,Mailed Check,Yes,0,0
CUST-04050,15,Two Year,92.27,1344.69,Yes,Fiber Optic,Electronic Check,Yes,2,0
CUST-04051,38,One Year,110.59,3782.9,Yes,Fiber Optic,Mailed Check,No,3,0
CUST-04052,16,Month-to-Month,70.26,1100.91,Yes,Fiber Optic,Credit Card,Yes,1,0
CUST-04053,55,Month-to-Month,64.76,3377.31,No,DSL,Credit Card,No,0,1
CUST-04054,3,Two Year,38.81,115.54,Yes,DSL,Electronic Check,Yes,1,0
CUST-04055,60,Two Year,78.74,4498.05,No,Fiber Optic,Electronic Check,No,0,0
CUST-04056,67,Month-to-Month,65.1,4269.58,Yes,Fiber Optic,Credit Card,Yes,1,0
CUST-04057,2,Two Year,64.13,123.51,No,Fiber Optic,Bank Transfer,Yes,1,0
CUST-04058,46,Month-to-Month,110.45,4837.1,Yes,Fiber Optic,Bank Transfer,No,0,0
CUST-04059,6,Two Year,66.84,398.96,Yes,Fiber Optic,Credit Card,Yes,3,0
CUST-04060,26,Two Year,103.27,2549.59,No,Fiber Optic,Mailed Check,No,1,0
CUST-04061,25,One Year,30.3,749.35,Yes,No,Mailed Check,No,1,0
CUST-04062,38,Month-to-Month,137.2,4711.05,No,No,Credit Card,Yes,3,0
CUST-04063,67,One Year,60.67,3925.63,No,No,Mailed Check,No,1,0
CUST-04064,34,Month-to-Month,87.68,2954.79,No,No,Bank Transfer,Yes,1,1
CUST-04065,29,One Year,91.66,2631.37,No,No,Credit Card,Yes,0,0
CUST-04066,7,Month-to-Month,57.57,382.24,Yes,DSL,Mailed Check,No,1,0
CUST-04067,64,One Year,90.48,5485.03,No,Fiber Optic,Credit Card,Yes,3,1
CUST-04068,23,Two Year,91.78,2070.94,No,Fiber Optic,Electronic Check,Yes,1,0
CUST-04069,34,Month-to-Month,52.17,1655.83,No,Fiber Optic,Credit Card,No,0,0
CUST-04070,7,Month-to-Month,52.47,364.98,No,No,Electronic Check,Yes,5,1
CUST-04071,21,One Year,71.13,1381.8,No,DSL,Electronic Check,Yes,1,0
CUST-04072,40,Month-to-Month,67.11,2435.93,No,DSL,Bank Transfer,Yes,0,0
CUST-04073,65,Month-to-Month,104.83,6658.54,Yes,DSL,Credit Card,Yes,0,0
CUST-04074,24,Month-to-Month,87.57,1976.57,Yes,DSL,Bank Transfer,Yes,0,1
CUST-04075,41,Month-to-Month,68.24,2617.6,Yes,Fiber Optic,Bank Transfer,Yes,1,0
CUST-04076,64,One Year,85.15,5079.52,Yes,DSL,Credit Card,No,0,0
CUST-04077,26,One Year,18.83,488.62,No,DSL,Bank Transfer,No,0,0
CUST-04078,22,Month-to-Month,54.62,1150.17,Yes,Fiber Optic,Credit Card,Yes,3,1
CUST-04079,4,Month-to-Month,77.2,308.55,Yes,Fiber Optic,Electronic Check,No,1,0
CUST-04080,66,Month-to-Month,97.88,6036.03,No,Fiber Optic,Electronic Check,Yes,2,0
CUST-04081,8,Month-to-Month,74.99,564.76,No,DSL,Electronic Check,Yes,0,1
CUST-04082,16,One Year,106.46,1569.09,No,No,Credit Card,Yes,0,0
CUST-04083,11,Month-to-Month,91.7,951.24,No,DSL,Electronic Check,No,0,0
CUST-04084,51,Month-to-Month,57.79,2670.84,Yes,Fiber Optic,Mailed Check,Yes,1,0
CUST-04085,27,Two Year,66.5,1616.05,No,No,Electronic Check,No,0,0
CUST-04086,51,Month-to-Month,80.21,3866.98,Yes,No,Electronic Check,No,2,0
CUST-04087,44,One Year,58.78,2520.63,Yes,Fiber Optic,Bank Transfer,No,0,0
CUST-04088,2,Month-to-Month,108.28,204.37,No,DSL,Electronic Check,No,0,1
CUST-04089,23,Month-to-Month,42.28,925.57,Yes,No,Credit Card,Yes,0,0
CUST-04090,1,Month-to-Month,77.9,73.58,Yes,Fiber Optic,Credit Card,No,0,0
CUST-04091,5,One Year,88.39,421.04,No,Fiber Optic,Bank Transfer,Yes,2,0
CUST-04092,35,Two Year,62.16,2126.78,Yes,Fiber Optic,Mailed Check,Yes,0,1
CUST-04093,20,Month-to-Month,56.53,1108.42,Yes,No,Credit Card,Yes,0,0
CUST-04094,7,Month-to-Month,68.1,468.98,Yes,No,Mailed Check,Yes,0,0
CUST-04095,30,Month-to-Month,90.3,2495.65,Yes,Fiber Optic,Electronic Check,No,2,0
CUST-04096,33,One Year,57.5,1794.63,No,No,Electronic Check,Yes,0,0
CUST-04097,72,One Year,43.28,3063.5,Yes,Fiber Optic,Mailed Check,Yes,0,0
CUST-04098,48,One Year,98.76,4712.93,Yes,DSL,Bank Transfer,No,0,0
CUST-04099,29,Two Year,79.98,2213.42,No,Fiber Optic,Mailed Check,Yes,2,0
CUST-04100,35,Month-to-Month,95.2,3163.07,No,Fiber Optic,Credit Card,Yes,0,1
CUST-04101,7,One Year,88.98,608.2,No,Fiber Optic,Bank Transfer,Yes,2,0
CUST-04102,28,One Year,124.5,3483.1,No,DSL,Electronic Check,Yes,2,0
CUST-04103,42,Month-to-Month,97.87,3874.57,No,Fiber Optic,Mailed Check,No,2,1
CUST-04104,2,Two Year,51.9,95.13,Yes,DSL,Bank Transfer,No,2,0
CUST-04105,67,Month-to-Month,81.76,5387.15,No,Fiber Optic,Electronic Check,No,1,0
CUST-04106,38,One Year,56.06,2068.59,Yes,No,Electronic Check,Yes,0,0
CUST-04107,57,One Year,58.65,3057.24,No,DSL,Bank Transfer,No,2,0
CUST-04108,20,Two Year,34.69,646.87,No,No,Mailed Check,No,1,0
CUST-04109,61,Month-to-Month,62.85,3662.56,Yes,DSL,Electronic Check,No,0,0
CUST-04110,27,Month-to-Month,83.63,2197.37,Yes,Fiber Optic,Mailed Check,Yes,2,1
CUST-04111,67,Two Year,68.35,4479.0,Yes,No,Bank Transfer,No,2,0
CUST-04112,38,One Year,42.52,1479.35,No,DSL,Electronic Check,Yes,3,0
CUST-04113,46,Month-to-Month,31.92,1353.31,Yes,DSL,Credit Card,Yes,0,0
CUST-04114,15,One Year,122.8,1794.87,No,No,Mailed Check,No,3,0
CUST-04115,72,Month-to-Month,78.13,5128.14,Yes,DSL,Electronic Check,No,4,0
CUST-04116,14,One Year,49.4,656.89,No,DSL,Credit Card,No,3,0
CUST-04117,3,Two Year,81.54,233.51,Yes,Fiber Optic,Bank Transfer,Yes,0,0
CUST-04118,32,Month-to-Month,124.73,3727.67,Yes,DSL,Credit Card,Yes,1,1
CUST-04119,61,Month-to-Month,85.51,5109.88,Yes,DSL,Electronic Check,No,2,0
CUST-04120,67,Two Year,15.0,910.07,Yes,No,Mailed Check,Yes,0,0
CUST-04121,62,One Year,136.31,8263.13,Yes,Fiber Optic,Bank Transfer,Yes,0,0
CUST-04122,40,Two Year,23.77,917.14,Yes,Fiber Optic,Credit Card,Yes,0,0
CUST-04123,67,Month-to-Month,64.85,4130.84,No,Fiber Optic,Credit Card,No,0,0
CUST-04124,36,Two Year,41.66,1480.62,No,DSL,Bank Transfer,Yes,3,0
CUST-04125,35,Month-to-Month,51.5,1658.7,Yes,Fiber Optic,Credit Card,Yes,1,0
CUST-04126,14,Month-to-Month,77.11,1058.03,No,No,Electronic Check,No,1,0
CUST-04127,57,Month-to-Month,18.22,954.19,No,Fiber Optic,Bank Transfer,No,2,0
CUST-04128,23,One Year,67.74,1556.53,No,Fiber Optic,Bank Transfer,No,3,0
CUST-04129,15,Two Year,98.68,1337.03,Yes,Fiber Optic,Electronic Check,Yes,1,0
CUST-04130,27,One Year,48.92,1261.82,Yes,No,Electronic Check,Yes,0,0
CUST-04131,44,One Year,35.24,1421.56,No,Fiber Optic,Electronic Check,Yes,2,0
CUST-04132,20,Month-to-Month,66.52,1251.64,No,DSL,Electronic Check,Yes,1,1
CUST-04133,26,Month-to-Month,61.54,1463.71,No,Fiber Optic,Electronic Check,Yes,1,0
CUST-04134,24,Month-to-Month,55.12,1216.23,No,DSL,Electronic Check,No,2,1
CUST-04135,43,Month-to-Month,40.29,1569.79,No,No,Bank Transfer,No,1,1
CUST-04136,52,Month-to-Month,82.98,3886.92,No,Fiber Optic,Mailed Check,Yes,0,1
CUST-04137,49,Two Year,84.88,4042.38,No,Fiber Optic,Electronic Check,Yes,2,0
CUST-04138,11,One Year,43.36,450.89,Yes,Fiber Optic,Bank Transfer,Yes,0,0
CUST-04139,25,One Year,46.82,1058.79,No,No,Electronic Check,Yes,0,0
CUST-04140,47,Month-to-Month,73.41,3429.21,No,Fiber Optic,Mailed Check,Yes,1,0
CUST-04141,16,Month-to-Month,45.88,709.53,Yes,Fiber Optic,Credit Card,Yes,1,1
CUST-04142,6,Month-to-Month,74.47,413.95,Yes,No,Bank Transfer,Yes,0,1
CUST-04143,24,Month-to-Month,106.7,2417.06,No,No,Bank Transfer,Yes,3,0
CUST-04144,49,Month-to-Month,68.5,3185.07,Yes,Fiber Optic,Bank Transfer,No,0,0
CUST-04145,48,Month-to-Month,39.66,1821.81,No,Fiber Optic,Electronic Check,Yes,0,1
CUST-04146,10,Month-to-Month,79.8,786.62,Yes,DSL,Mailed Check,Yes,1,0
CUST-04147,49,One Year,65.56,3080.7,Yes,No,Electronic Check,Yes,1,0
CUST-04148,14,Month-to-Month,66.25,925.53,No,DSL,Mailed Check,Yes,0,0
CUST-04149,54,Month-to-Month,81.88,4300.73,No,Fiber Optic,Credit Card,Yes,1,0
CUST-04150,41,Month-to-Month,87.28,3574.37,No,Fiber Optic,Credit Card,Yes,0,0
CUST-04151,10,Month-to-Month,70.89,677.05,Yes,No,Bank Transfer,No,2,1
CUST-04152,26,Month-to-Month,68.48,1723.23,Yes,DSL,Bank Transfer,Yes,1,0
CUST-04153,59,Month-to-Month,121.59,6985.78,Yes,DSL,Bank Transfer,Yes,1,1
CUST-04154,32,One Year,100.01,3121.83,No,No,Mailed Check,Yes,2,0
CUST-04155,50,Month-to-Month,90.84,4098.9,Yes,Fiber Optic,Credit Card,No,1,0
CUST-04156,54,Two Year,73.28,3611.85,No,DSL,Bank Transfer,No,2,0
CUST-04157,3,Month-to-Month,44.86,124.19,No,DSL,Bank Transfer,Yes,0,1
CUST-04158,68,Month-to-Month,98.18,6189.87,No,No,Electronic Check,Yes,1,1
CUST-04159,25,Month-to-Month,73.61,1822.84,Yes,Fiber Optic,Mailed Check,No,2,0
CUST-04160,58,Month-to-Month,55.57,3133.65,No,Fiber Optic,Mailed Check,No,3,1
CUST-04161,34,Month-to-Month,63.92,1987.09,Yes,No,Electronic Check,Yes,0,1
CUST-04162,42,Two Year,45.85,1815.23,No,No,Bank Transfer,No,1,0
CUST-04163,26,Month-to-Month,96.43,2317.42,Yes,Fiber Optic,Credit Card,Yes,2,0
CUST-04164,62,One Year,87.08,5307.1,Yes,DSL,Bank Transfer,Yes,0,0
CUST-04165,9,Month-to-Month,74.54,665.35,Yes,Fiber Optic,Electronic Check,No,1,1
CUST-04166,65,Month-to-Month,68.93,4106.01,Yes,Fiber Optic,Electronic Check,No,0,0
CUST-04167,15,Month-to-Month,52.98,748.33,No,DSL,Electronic Check,Yes,3,0
CUST-04168,64,Month-to-Month,16.75,1066.94,No,No,Electronic Check,Yes,0,0
CUST-04169,2,Month-to-Month,34.68,66.98,Yes,DSL,Electronic Check,No,0,0
CUST-04170,1,Two Year,51.43,50.75,No,Fiber Optic,Electronic Check,No,1,0
CUST-04171,7,One Year,47.68,312.32,Yes,Fiber Optic,Electronic Check,Yes,1,0
CUST-04172,40,Two Year,77.23,2845.06,No,No,Electronic Check,Yes,0,0
CUST-04173,20,Month-to-Month,90.29,1750.06,No,DSL,Electronic Check,Yes,3,1
CUST-04174,44,One Year,66.79,2685.27,No,Fiber Optic,Credit Card,Yes,0,0
CUST-04175,60,One Year,105.22,6212.13,No,Fiber Optic,Credit Card,Yes,2,0
CUST-04176,2,One Year,50.43,98.39,Yes,No,Credit Card,No,2,0
CUST-04177,38,Two Year,66.61,2355.24,Yes,Fiber Optic,Electronic Check,No,1,1
CUST-04178,54,One Year,68.73,3525.37,Yes,Fiber Optic,Electronic Check,No,1,0
CUST-04179,31,Two Year,97.3,2955.73,No,No,Bank Transfer,Yes,1,0
CUST-04180,67,One Year,72.65,4835.87,Yes,Fiber Optic,Credit Card,Yes,2,0
CUST-04181,48,Month-to-Month,73.34,3292.26,No,DSL,Bank Transfer,No,1,0
CUST-04182,3,One Year,28.63,84.09,No,DSL,Credit Card,No,0,0
CUST-04183,39,Month-to-Month,47.5,1703.28,Yes,Fiber Optic,Mailed Check,Yes,1,0
CUST-04184,28,Two Year,97.4,2700.89,No,Fiber Optic,Credit Card,Yes,2,0
CUST-04185,10,Two Year,18.12,175.51,No,DSL,Credit Card,No,3,0
CUST-04186,69,Month-to-Month,103.57,6540.85,No,Fiber Optic,Electronic Check,Yes,0,0
CUST-04187,17,Month-to-Month,82.49,1365.85,No,No,Mailed Check,No,0,1
CUST-04188,7,Month-to-Month,51.31,349.26,No,Fiber Optic,Bank Transfer,No,0,0
CUST-04189,17,Month-to-Month,49.2,814.85,Yes,Fiber Optic,Electronic Check,Yes,0,0
CUST-04190,60,Month-to-Month,117.4,6582.53,No,DSL,Mailed Check,Yes,1,0
CUST-04191,44,One Year,105.29,4512.22,Yes,DSL,Bank Transfer,Yes,1,0
CUST-04192,60,One Year,67.01,3950.87,No,No,Bank Transfer,No,1,0
CUST-04193,34,Two Year,73.36,2331.4,Yes,Fiber Optic,Credit Card,Yes,2,0
CUST-04194,9,Month-to-Month,53.85,446.26,No,DSL,Electronic Check,Yes,0,1
CUST-04195,28,Month-to-Month,73.37,2031.33,Yes,Fiber Optic,Credit Card,Yes,3,1
CUST-04196,15,Month-to-Month,53.15,767.01,Yes,DSL,Electronic Check,Yes,1,1
CUST-04197,41,Two Year,68.04,2639.11,No,Fiber Optic,Credit Card,No,0,0
CUST-04198,20,Month-to-Month,115.26,2277.48,Yes,DSL,Electronic Check,Yes,2,1
CUST-04199,70,Month-to-Month,67.61,4323.8,No,No,Mailed Check,Yes,0,0
CUST-04200,28,Month-to-Month,43.8,1203.17,No,Fiber Optic,Credit Card,Yes,1,0
CUST-04201,23,Two Year,35.84,782.35,Yes,Fiber Optic,Electronic Check,No,1,0
CUST-04202,71,Month-to-Month,73.18,4698.3,Yes,Fiber Optic,Credit Card,Yes,1,0
CUST-04203,38,One Year,50.98,1931.93,No,No,Mailed Check,Yes,0,0
CUST-04204,13,One Year,76.17,968.23,No,DSL,Mailed Check,Yes,1,0
CUST-04205,35,One Year,29.51,951.75,No,DSL,Bank Transfer,Yes,2,0
CUST-04206,19,Month-to-Month,87.26,1645.29,Yes,No,Electronic Check,No,1,0
CUST-04207,52,Month-to-Month,43.5,2247.38,Yes,No,Bank Transfer,Yes,1,0
CUST-04208,42,Month-to-Month,71.16,2929.08,No,DSL,Electronic Check,No,1,0
CUST-04209,53,Month-to-Month,61.54,2976.94,No,DSL,Bank Transfer,No,2,1
CUST-04210,68,One Year,112.96,7056.32,No,Fiber Optic,Bank Transfer,No,3,0
CUST-04211,53,Month-to-Month,74.29,3840.52,No,DSL,Electronic Check,Yes,0,0
CUST-04212,25,Month-to-Month,118.64,2940.43,No,Fiber Optic,Electronic Check,Yes,1,1
CUST-04213,15,Month-to-Month,84.02,1161.37,No,Fiber Optic,Bank Transfer,Yes,2,1
CUST-04214,39,One Year,105.64,3897.82,No,Fiber Optic,Electronic Check,No,1,1
CUST-04215,33,Month-to-Month,64.78,1957.06,Yes,Fiber Optic,Bank Transfer,No,3,0
CUST-04216,23,One Year,78.64,1714.31,No,No,Credit Card,Yes,2,0
CUST-04217,59,Month-to-Month,100.47,5715.83,Yes,No,Electronic Check,No,1,0
CUST-04218,66,Two Year,92.62,5512.97,Yes,Fiber Optic,Mailed Check,No,0,0
CUST-04219,28,One Year,83.27,2248.31,Yes,Fiber Optic,Credit Card,No,4,0
CUST-04220,50,Month-to-Month,61.8,2978.68,Yes,No,Credit Card,No,0,0
CUST-04221,71,Month-to-Month,66.03,4432.63,Yes,Fiber Optic,Electronic Check,No,0,0
CUST-04222,1,Month-to-Month,98.44,97.41,Yes,DSL,Credit Card,Yes,0,1
CUST-04223,27,Month-to-Month,103.65,2556.42,Yes,DSL,Electronic Check,Yes,0,1
CUST-04224,54,Month-to-Month,55.18,2697.04,Yes,DSL,Bank Transfer,No,0,1
CUST-04225,36,Two Year,51.41,1757.45,Yes,DSL,Mailed Check,Yes,2,0
CUST-04226,58,One Year,47.4,2620.82,Yes,Fiber Optic,Electronic Check,Yes,1,0
CUST-04227,35,Month-to-Month,90.74,2943.01,No,DSL,Mailed Check,No,1,1
CUST-04228,5,One Year,46.76,232.9,No,Fiber Optic,Electronic Check,Yes,1,0
CUST-04229,32,Month-to-Month,90.44,2678.1,Yes,No,Mailed Check,Yes,2,0
CUST-04230,30,Two Year,83.64,2326.07,Yes,DSL,Mailed Check,Yes,2,0
CUST-04231,61,Month-to-Month,56.37,3373.58,Yes,Fiber Optic,Credit Card,Yes,2,0
CUST-04232,11,One Year,109.1,1190.84,Yes,No,Mailed Check,Yes,1,0
CUST-04233,12,One Year,33.44,382.67,Yes,DSL,Bank Transfer,No,0,0
CUST-04234,11,Month-to-Month,111.49,1106.09,Yes,DSL,Electronic Check,No,2,0
CUST-04235,41,Month-to-Month,77.97,2990.72,No,DSL,Credit Card,Yes,3,1
CUST-04236,72,Month-to-Month,18.16,1206.05,No,Fiber Optic,Mailed Check,Yes,2,1
CUST-04237,45,Two Year,109.8,4699.39,No,Fiber Optic,Electronic Check,Yes,0,0
CUST-04238,59,Month-to-Month,94.31,5387.66,Yes,No,Bank Transfer,Yes,0,0
CUST-04239,62,One Year,59.29,3452.64,Yes,Fiber Optic,Electronic Check,Yes,1,0
CUST-04240,44,One Year,45.88,1925.33,No,Fiber Optic,Electronic Check,Yes,1,1
CUST-04241,44,Two Year,30.77,1321.37,No,No,Electronic Check,Yes,1,0
CUST-04242,18,Month-to-Month,130.39,2170.09,No,DSL,Mailed Check,Yes,1,1
CUST-04243,70,Month-to-Month,46.92,3020.32,No,Fiber Optic,Electronic Check,Yes,1,0
CUST-04244,57,One Year,38.41,2146.82,No,Fiber Optic,Credit Card,No,2,0
CUST-04245,63,Month-to-Month,76.7,4366.78,Yes,Fiber Optic,Electronic Check,No,4,1
CUST-04246,71,Two Year,29.05,1887.36,No,Fiber Optic,Electronic Check,Yes,2,0
CUST-04247,26,Month-to-Month,45.46,1065.22,Yes,DSL,Electronic Check,No,0,1
CUST-04248,11,Month-to-Month,94.87,997.17,No,No,Mailed Check,Yes,0,1
CUST-04249,62,Two Year,81.61,4857.47,Yes,Fiber Optic,Electronic Check,No,2,0
CUST-04250,35,Month-to-Month,60.34,2012.86,Yes,Fiber Optic,Electronic Check,No,4,0
CUST-04251,70,Month-to-Month,70.46,4643.31,Yes,No,Electronic Check,No,3,0
CUST-04252,51,Month-to-Month,58.94,2864.37,Yes,Fiber Optic,Credit Card,No,0,0
CUST-04253,19,Month-to-Month,68.45,1195.72,No,No,Electronic Check,No,0,1
CUST-04254,26,Two Year,50.95,1301.68,Yes,DSL,Electronic Check,Yes,0,0
CUST-04255,44,Month-to-Month,55.49,2436.87,Yes,DSL,Bank Transfer,No,1,1
CUST-04256,29,Month-to-Month,54.73,1514.26,Yes,DSL,Mailed Check,Yes,2,0
CUST-04257,21,Month-to-Month,51.85,1020.73,No,DSL,Electronic Check,Yes,5,0
CUST-04258,16,Two Year,96.1,1505.58,No,Fiber Optic,Credit Card,No,1,0
CUST-04259,47,Month-to-Month,89.25,3856.26,No,DSL,Bank Transfer,Yes,2,1
CUST-04260,3,Two Year,46.69,130.56,Yes,Fiber Optic,Mailed Check,Yes,2,0
CUST-04261,7,Two Year,40.14,279.29,Yes,No,Mailed Check,Yes,0,0
CUST-04262,4,Month-to-Month,66.07,242.78,Yes,Fiber Optic,Credit Card,No,1,1
CUST-04263,53,Two Year,123.88,5982.69,Yes,Fiber Optic,Electronic Check,Yes,3,0
CUST-04264,3,One Year,44.31,126.9,Yes,No,Credit Card,Yes,0,0
CUST-04265,31,Month-to-Month,65.97,1960.69,No,Fiber Optic,Electronic Check,Yes,2,0
CUST-04266,9,Month-to-Month,72.22,623.8,No,No,Mailed Check,No,1,1
CUST-04267,43,Two Year,67.28,2651.32,Yes,DSL,Electronic Check,Yes,1,0
CUST-04268,3,One Year,58.54,170.72,No,Fiber Optic,Bank Transfer,Yes,4,1
CUST-04269,2,One Year,98.88,182.78,Yes,DSL,Credit Card,Yes,1,0
CUST-04270,30,Two Year,81.36,2428.13,Yes,DSL,Bank Transfer,No,0,0
CUST-04271,51,Month-to-Month,91.15,4289.75,No,DSL,Electronic Check,No,0,0
CUST-04272,8,Two Year,84.73,611.23,No,Fiber Optic,Credit Card,Yes,1,1
CUST-04273,36,Two Year,92.35,3180.93,No,DSL,Credit Card,Yes,3,0
CUST-04274,59,Month-to-Month,109.61,5951.47,No,Fiber Optic,Electronic Check,Yes,1,0
CUST-04275,46,Month-to-Month,103.28,4574.42,Yes,Fiber Optic,Electronic Check,Yes,1,0
CUST-04276,55,Month-to-Month,128.12,6503.46,No,DSL,Mailed Check,No,0,0
CUST-04277,23,Two Year,100.43,2177.78,No,Fiber Optic,Bank Transfer,Yes,1,0
CUST-04278,68,Month-to-Month,53.26,3324.53,Yes,No,Electronic Check,No,3,0
CUST-04279,11,One Year,91.18,945.69,No,No,Electronic Check,Yes,0,0
CUST-04280,44,Month-to-Month,87.76,3528.01,No,No,Bank Transfer,Yes,0,0
CUST-04281,32,Month-to-Month,118.01,3526.32,No,Fiber Optic,Credit Card,No,0,0
CUST-04282,3,One Year,45.82,126.45,Yes,DSL,Electronic Check,No,0,0
CUST-04283,68,Month-to-Month,83.95,5603.62,Yes,DSL,Bank Transfer,Yes,1,0
CUST-04284,51,Two Year,52.97,2628.36,No,Fiber Optic,Credit Card,No,0,0
CUST-04285,17,Month-to-Month,82.81,1290.48,No,No,Electronic Check,Yes,0,1
CUST-04286,4,Two Year,64.63,234.81,Yes,DSL,Electronic Check,No,0,0
CUST-04287,49,Month-to-Month,81.99,3626.1,Yes,DSL,Electronic Check,Yes,0,0
CUST-04288,40,Two Year,34.74,1282.14,Yes,Fiber Optic,Bank Transfer,Yes,0,0
CUST-04289,4,One Year,89.83,340.64,Yes,Fiber Optic,Bank Transfer,No,0,0
CUST-04290,71,Month-to-Month,75.15,5015.45,No,Fiber Optic,Credit Card,Yes,2,0
CUST-04291,52,Month-to-Month,73.8,3826.66,No,No,Mailed Check,Yes,0,1
CUST-04292,34,Month-to-Month,118.76,3953.95,No,Fiber Optic,Electronic Check,No,2,0
CUST-04293,18,One Year,60.44,987.63,No,No,Mailed Check,Yes,0,0
CUST-04294,20,Two Year,78.56,1439.05,No,Fiber Optic,Mailed Check,No,1,1
CUST-04295,33,Month-to-Month,72.51,2159.91,No,Fiber Optic,Bank Transfer,Yes,2,1
CUST-04296,5,Month-to-Month,74.95,342.46,Yes,DSL,Credit Card,Yes,0,1
CUST-04297,27,One Year,125.55,3230.33,Yes,Fiber Optic,Mailed Check,Yes,0,0
CUST-04298,16,Month-to-Month,71.6,1039.83,No,DSL,Bank Transfer,Yes,4,1
CUST-04299,9,One Year,55.82,455.15,No,DSL,Electronic Check,Yes,1,0
CUST-04300,10,Month-to-Month,116.77,1064.73,Yes,DSL,Bank Transfer,Yes,0,1
CUST-04301,25,One Year,62.31,1506.25,No,Fiber Optic,Bank Transfer,No,1,0
CUST-04302,28,Two Year,29.87,754.34,No,DSL,Bank Transfer,Yes,2,0
CUST-04303,26,Month-to-Month,51.48,1334.41,Yes,DSL,Credit Card,Yes,0,0
CUST-04304,50,Month-to-Month,38.84,1821.75,No,Fiber Optic,Credit Card,No,0,1
CUST-04305,38,Month-to-Month,25.0,886.98,Yes,DSL,Mailed Check,Yes,1,0
CUST-04306,14,One Year,60.92,808.09,No,DSL,Credit Card,No,1,0
CUST-04307,71,Month-to-Month,68.24,4611.44,No,No,Bank Transfer,Yes,0,0
CUST-04308,53,Two Year,99.51,4968.14,No,Fiber Optic,Mailed Check,No,1,0
CUST-04309,34,One Year,85.74,2765.42,No,No,Electronic Check,No,2,0
CUST-04310,4,Month-to-Month,84.6,316.06,No,DSL,Credit Card,Yes,1,0
CUST-04311,66,One Year,47.67,2932.91,Yes,Fiber Optic,Credit Card,No,2,0
CUST-04312,54,Month-to-Month,92.12,4490.62,Yes,DSL,Mailed Check,Yes,1,0
CUST-04313,34,Two Year,104.78,3445.6,No,Fiber Optic,Electronic Check,Yes,0,0
CUST-04314,12,Month-to-Month,79.86,921.64,No,No,Electronic Check,Yes,1,0
CUST-04315,8,One Year,80.56,623.14,No,No,Electronic Check,Yes,0,0
CUST-04316,21,Two Year,38.38,801.23,No,Fiber Optic,Credit Card,Yes,0,0
CUST-04317,17,One Year,96.36,1551.8,No,DSL,Mailed Check,No,5,0
CUST-04318,16,Two Year,114.52,1810.66,No,Fiber Optic,Bank Transfer,Yes,1,0
CUST-04319,30,Month-to-Month,78.07,2211.87,No,Fiber Optic,Electronic Check,No,1,1
CUST-04320,4,Two Year,55.14,209.04,Yes,Fiber Optic,Bank Transfer,No,2,0
CUST-04321,24,One Year,65.95,1524.7,No,Fiber Optic,Bank Transfer,Yes,0,0
CUST-04322,63,One Year,59.49,3454.0,No,Fiber Optic,Credit Card,Yes,2,0
CUST-04323,63,Month-to-Month,60.99,3541.65,No,DSL,Mailed Check,Yes,0,0
CUST-04324,1,Month-to-Month,86.2,81.97,Yes,Fiber Optic,Electronic Check,No,3,0
CUST-04325,49,One Year,76.99,3421.14,No,DSL,Electronic Check,No,3,0
CUST-04326,72,Month-to-Month,95.1,6324.52,No,Fiber Optic,Credit Card,Yes,1,1
CUST-04327,42,One Year,79.27,3260.56,Yes,Fiber Optic,Credit Card,No,1,0
CUST-04328,29,Two Year,48.4,1328.33,Yes,Fiber Optic,Mailed Check,Yes,1,0
CUST-04329,36,Two Year,57.48,1867.86,No,DSL,Electronic Check,Yes,2,0
CUST-04330,16,Month-to-Month,55.93,810.83,No,Fiber Optic,Bank Transfer,Yes,2,0
CUST-04331,29,Two Year,65.34,1879.61,No,Fiber Optic,Bank Transfer,No,1,0
CUST-04332,68,Month-to-Month,114.87,7777.35,No,DSL,Bank Transfer,Yes,2,1
CUST-04333,45,Month-to-Month,118.87,5157.17,Yes,Fiber Optic,Electronic Check,No,3,1
CUST-04334,32,Two Year,90.92,2672.3,Yes,DSL,Credit Card,Yes,0,0
CUST-04335,9,Month-to-Month,72.97,615.23,No,Fiber Optic,Mailed Check,Yes,2,1
CUST-04336,66,Month-to-Month,35.96,2208.52,Yes,Fiber Optic,Bank Transfer,No,1,0
CUST-04337,12,Month-to-Month,75.5,886.54,Yes,Fiber Optic,Electronic Check,No,2,0
CUST-04338,52,Month-to-Month,50.25,2492.04,Yes,DSL,Electronic Check,Yes,2,1
CUST-04339,22,Two Year,110.76,2383.03,Yes,DSL,Electronic Check,No,0,0
CUST-04340,21,Month-to-Month,29.85,586.76,Yes,Fiber Optic,Mailed Check,Yes,0,1
CUST-04341,13,Month-to-Month,79.61,1021.43,No,DSL,Credit Card,Yes,1,0
CUST-04342,28,One Year,48.14,1270.98,No,No,Bank Transfer,Yes,1,0
CUST-04343,49,Month-to-Month,69.76,3219.08,No,Fiber Optic,Credit Card,No,1,1
CUST-04344,30,One Year,86.65,2466.69,Yes,Fiber Optic,Bank Transfer,Yes,1,0
CUST-04345,2,Two Year,95.55,183.3,No,DSL,Electronic Check,Yes,2,0
CUST-04346,20,One Year,68.48,1355.1,Yes,No,Bank Transfer,No,0,0
CUST-04347,12,Two Year,89.03,1010.43,Yes,Fiber Optic,Bank Transfer,Yes,1,0
CUST-04348,29,Month-to-Month,53.44,1538.93,Yes,Fiber Optic,Credit Card,Yes,4,0
CUST-04349,65,Two Year,76.14,4649.02,No,Fiber Optic,Mailed Check,Yes,1,0
CUST-04350,70,Month-to-Month,95.06,6204.76,No,DSL,Electronic Check,No,1,1
CUST-04351,72,Month-to-Month,78.3,5240.17,No,No,Bank Transfer,Yes,1,0
CUST-04352,9,One Year,56.77,460.92,Yes,DSL,Bank Transfer,Yes,1,0
CUST-04353,36,Month-to-Month,63.02,2234.49,Yes,No,Mailed Check,Yes,2,1
CUST-04354,4,Two Year,95.39,346.43,No,No,Electronic Check,Yes,1,0
CUST-04355,36,One Year,42.7,1434.87,Yes,Fiber Optic,Mailed Check,Yes,0,0
CUST-04356,42,Two Year,46.39,1802.34,No,No,Credit Card,Yes,1,0
CUST-04357,56,Month-to-Month,85.04,4640.53,No,DSL,Electronic Check,Yes,1,1
CUST-04358,25,Month-to-Month,59.02,1465.55,No,Fiber Optic,Bank Transfer,No,0,0
CUST-04359,3,One Year,33.67,99.16,Yes,Fiber Optic,Electronic Check,Yes,0,0
CUST-04360,33,Month-to-Month,103.77,3191.55,Yes,Fiber Optic,Electronic Check,Yes,1,1
CUST-04361,31,Month-to-Month,42.51,1246.09,Yes,Fiber Optic,Electronic Check,Yes,0,0
CUST-04362,45,One Year,65.01,2705.17,No,Fiber Optic,Electronic Check,No,3,0
CUST-04363,8,Two Year,54.51,432.76,No,Fiber Optic,Mailed Check,No,1,1
CUST-04364,45,One Year,62.56,2567.11,Yes,DSL,Bank Transfer,Yes,0,0
CUST-04365,29,Month-to-Month,47.88,1381.85,No,Fiber Optic,Mailed Check,No,5,1
CUST-04366,54,Month-to-Month,87.86,4656.03,Yes,DSL,Electronic Check,Yes,0,1
CUST-04367,71,One Year,72.77,5017.65,Yes,Fiber Optic,Bank Transfer,No,0,0
CUST-04368,17,Month-to-Month,94.59,1571.69,Yes,DSL,Mailed Check,No,0,1
CUST-04369,55,Month-to-Month,54.77,2813.34,No,Fiber Optic,Mailed Check,Yes,3,0
CUST-04370,10,Month-to-Month,123.33,1146.46,Yes,No,Credit Card,Yes,1,1
CUST-04371,71,Month-to-Month,22.38,1490.69,Yes,No,Mailed Check,Yes,1,0
CUST-04372,35,Month-to-Month,30.37,975.96,Yes,Fiber Optic,Mailed Check,Yes,2,0
CUST-04373,54,Month-to-Month,113.83,5990.91,Yes,DSL,Electronic Check,Yes,1,1
CUST-04374,56,One Year,81.85,4342.98,No,Fiber Optic,Electronic Check,Yes,2,0
CUST-04375,44,Month-to-Month,78.53,3415.86,Yes,Fiber Optic,Electronic Check,No,1,1
CUST-04376,28,One Year,80.78,2234.33,No,DSL,Credit Card,Yes,1,0
CUST-04377,55,Month-to-Month,84.28,4244.1,No,No,Electronic Check,Yes,4,1
CUST-04378,35,Two Year,77.49,2500.28,Yes,DSL,Bank Transfer,Yes,2,0
CUST-04379,48,Month-to-Month,45.85,2071.09,No,Fiber Optic,Bank Transfer,Yes,2,0
CUST-04380,45,Month-to-Month,90.45,3711.59,No,Fiber Optic,Electronic Check,Yes,1,1
CUST-04381,34,Month-to-Month,86.52,2850.32,No,No,Electronic Check,Yes,1,1
CUST-04382,9,Month-to-Month,105.71,926.43,Yes,Fiber Optic,Electronic Check,Yes,1,0
CUST-04383,22,Month-to-Month,114.11,2440.47,No,DSL,Electronic Check,Yes,2,1
CUST-04384,68,Two Year,78.26,5039.74,No,Fiber Optic,Credit Card,No,5,0
CUST-04385,38,Two Year,39.31,1470.36,Yes,No,Electronic Check,Yes,0,0
CUST-04386,46,Month-to-Month,114.31,5051.0,No,Fiber Optic,Mailed Check,Yes,0,0
CUST-04387,19,Month-to-Month,44.55,845.91,Yes,DSL,Electronic Check,Yes,1,1
CUST-04388,51,One Year,78.45,3927.11,No,Fiber Optic,Bank Transfer,Yes,0,0
CUST-04389,36,One Year,63.58,2225.31,No,No,Electronic Check,No,1,0
CUST-04390,16,Month-to-Month,59.23,864.6,No,DSL,Electronic Check,No,0,1
CUST-04391,11,One Year,89.11,963.8,Yes,Fiber Optic,Electronic Check,Yes,2,1
CUST-04392,29,Month-to-Month,76.11,2053.92,No,Fiber Optic,Credit Card,Yes,1,0
CUST-04393,41,One Year,82.83,3198.69,Yes,Fiber Optic,Mailed Check,Yes,0,0
CUST-04394,21,Month-to-Month,49.61,985.84,No,DSL,Electronic Check,Yes,1,0
CUST-04395,18,Month-to-Month,65.65,1102.68,No,DSL,Bank Transfer,No,1,0
CUST-04396,20,Month-to-Month,50.76,924.69,Yes,Fiber Optic,Credit Card,Yes,1,1
CUST-04397,22,One Year,65.02,1315.91,No,DSL,Mailed Check,No,1,0
CUST-04398,54,Month-to-Month,67.03,3548.48,No,DSL,Credit Card,Yes,2,0
CUST-04399,36,One Year,116.11,4034.61,No,Fiber Optic,Electronic Check,Yes,2,0
CUST-04400,34,One Year,63.52,2147.34,Yes,DSL,Credit Card,Yes,1,0
CUST-04401,12,One Year,16.86,198.7,Yes,Fiber Optic,Credit Card,No,2,0
CUST-04402,40,Month-to-Month,104.88,3944.42,Yes,No,Mailed Check,Yes,0,1
CUST-04403,70,Month-to-Month,81.23,5564.53,No,Fiber Optic,Mailed Check,No,2,0
CUST-04404,54,Month-to-Month,66.72,3450.27,Yes,DSL,Electronic Check,Yes,0,0
CUST-04405,33,One Year,59.07,1810.19,Yes,DSL,Electronic Check,Yes,0,0
CUST-04406,23,Two Year,46.33,1062.94,Yes,Fiber Optic,Mailed Check,Yes,0,0
CUST-04407,26,Month-to-Month,118.45,3057.68,No,Fiber Optic,Credit Card,Yes,0,1
CUST-04408,2,Two Year,71.3,129.94,Yes,No,Electronic Check,No,1,0
CUST-04409,3,Month-to-Month,26.56,78.4,No,Fiber Optic,Mailed Check,Yes,1,1
CUST-04410,56,Month-to-Month,78.19,3974.79,Yes,Fiber Optic,Electronic Check,Yes,1,0
CUST-04411,61,Month-to-Month,100.15,6065.66,No,Fiber Optic,Electronic Check,Yes,0,1
CUST-04412,70,One Year,73.91,4979.25,No,Fiber Optic,Mailed Check,No,0,0
CUST-04413,46,Month-to-Month,47.46,2001.21,No,DSL,Credit Card,Yes,2,1
CUST-04414,67,Month-to-Month,45.22,2974.38,No,Fiber Optic,Electronic Check,Yes,1,0
CUST-04415,30,One Year,47.07,1343.72,Yes,DSL,Electronic Check,No,1,0
CUST-04416,19,Month-to-Month,108.04,1859.71,Yes,Fiber Optic,Electronic Check,Yes,0,1
CUST-04417,18,Month-to-Month,68.21,1203.03,Yes,Fiber Optic,Mailed Check,No,3,1
CUST-04418,18,Month-to-Month,28.03,493.86,Yes,No,Mailed Check,No,0,0
CUST-04419,54,Month-to-Month,79.6,4075.77,No,DSL,Electronic Check,Yes,1,1
CUST-04420,1,Month-to-Month,73.53,71.55,No,No,Electronic Check,Yes,0,1
CUST-04421,69,Month-to-Month,58.78,3666.52,No,Fiber Optic,Electronic Check,No,0,0
CUST-04422,56,One Year,44.49,2321.55,Yes,Fiber Optic,Electronic Check,No,2,0
CUST-04423,28,Month-to-Month,43.4,1175.49,No,Fiber Optic,Credit Card,Yes,1,0
CUST-04424,51,One Year,97.17,4574.38,No,No,Credit Card,No,1,0
CUST-04425,10,Month-to-Month,76.19,720.03,No,Fiber Optic,Electronic Check,Yes,3,1
CUST-04426,32,Month-to-Month,81.97,2605.19,Yes,DSL,Bank Transfer,Yes,1,1
CUST-04427,8,Month-to-Month,76.12,598.41,No,Fiber Optic,Electronic Check,No,0,1
CUST-04428,9,Month-to-Month,78.19,672.61,No,No,Electronic Check,Yes,2,1
CUST-04429,1,Month-to-Month,58.29,55.82,Yes,Fiber Optic,Bank Transfer,No,3,1
CUST-04430,58,Month-to-Month,64.85,3718.8,No,No,Bank Transfer,Yes,0,1
CUST-04431,54,Two Year,99.12,5279.18,No,No,Electronic Check,Yes,1,0
CUST-04432,65,Two Year,105.36,6224.03,Yes,DSL,Electronic Check,No,2,0
CUST-04433,71,Month-to-Month,39.45,2651.26,Yes,No,Electronic Check,Yes,3,0
CUST-04434,70,One Year,64.79,4168.33,Yes,Fiber Optic,Electronic Check,No,2,0
CUST-04435,72,One Year,90.98,5950.02,No,DSL,Mailed Check,No,1,0
CUST-04436,2,Two Year,117.05,217.53,No,Fiber Optic,Bank Transfer,No,0,0
CUST-04437,57,Month-to-Month,114.55,6275.13,No,No,Electronic Check,No,1,0
CUST-04438,53,Month-to-Month,50.11,2601.22,Yes,Fiber Optic,Bank Transfer,No,2,0
CUST-04439,12,Month-to-Month,101.88,1211.86,No,DSL,Credit Card,Yes,0,0
CUST-04440,10,Month-to-Month,71.47,673.46,No,Fiber Optic,Electronic Check,No,1,0
CUST-04441,71,Month-to-Month,96.11,6429.61,No,Fiber Optic,Mailed Check,Yes,2,0
CUST-04442,64,Two Year,89.71,5255.29,No,Fiber Optic,Mailed Check,No,3,0
CUST-04443,24,Two Year,38.4,847.4,No,Fiber Optic,Bank Transfer,No,4,0
CUST-04444,6,Month-to-Month,83.75,457.4,Yes,Fiber Optic,Credit Card,Yes,1,0
CUST-04445,25,Month-to-Month,95.14,2372.77,Yes,Fiber Optic,Credit Card,No,0,1
CUST-04446,1,Month-to-Month,69.5,63.44,No,DSL,Mailed Check,Yes,1,1
CUST-04447,50,Month-to-Month,63.84,3114.32,Yes,No,Bank Transfer,No,2,0
CUST-04448,28,One Year,30.71,801.22,Yes,DSL,Mailed Check,Yes,3,0
CUST-04449,4,Month-to-Month,87.09,332.24,No,Fiber Optic,Credit Card,Yes,3,1
CUST-04450,71,Two Year,75.22,5272.64,No,No,Credit Card,No,1,0
CUST-04451,60,Two Year,46.95,2799.02,No,Fiber Optic,Bank Transfer,Yes,0,0
CUST-04452,66,One Year,61.85,3771.95,Yes,Fiber Optic,Electronic Check,No,1,0
CUST-04453,72,One Year,73.86,5270.73,No,DSL,Electronic Check,No,1,0
CUST-04454,2,Month-to-Month,56.03,103.68,No,Fiber Optic,Credit Card,No,0,1
CUST-04455,56,Month-to-Month,70.07,3847.32,Yes,Fiber Optic,Electronic Check,No,0,0
CUST-04456,57,Month-to-Month,26.25,1348.91,Yes,No,Mailed Check,No,0,0
CUST-04457,57,One Year,103.74,5638.35,Yes,Fiber Optic,Bank Transfer,Yes,0,0
CUST-04458,20,Month-to-Month,70.4,1369.39,No,DSL,Credit Card,No,2,1
CUST-04459,29,Two Year,42.52,1213.22,No,DSL,Credit Card,Yes,1,0
CUST-04460,67,Month-to-Month,15.0,989.03,No,No,Electronic Check,Yes,0,0
CUST-04461,5,Month-to-Month,95.73,445.09,Yes,Fiber Optic,Bank Transfer,No,2,1
CUST-04462,47,Month-to-Month,83.95,3887.71,Yes,DSL,Credit Card,No,3,0
CUST-04463,58,Two Year,75.27,4070.39,No,Fiber Optic,Electronic Check,Yes,2,0
CUST-04464,58,Month-to-Month,91.59,4905.18,No,DSL,Mailed Check,No,4,1
CUST-04465,43,Month-to-Month,91.52,3542.4,Yes,DSL,Bank Transfer,Yes,1,0
CUST-04466,56,Month-to-Month,74.86,3871.76,No,No,Electronic Check,No,3,0
CUST-04467,66,One Year,63.64,3829.96,No,Fiber Optic,Mailed Check,Yes,1,0
CUST-04468,56,Two Year,59.57,3227.48,No,DSL,Electronic Check,Yes,1,0
CUST-04469,9,Month-to-Month,80.52,662.7,Yes,No,Credit Card,Yes,1,1
CUST-04470,18,Two Year,104.93,1810.43,No,No,Electronic Check,No,2,0
CUST-04471,22,Month-to-Month,67.43,1353.87,No,No,Mailed Check,Yes,1,0
CUST-04472,25,One Year,106.91,2593.75,No,Fiber Optic,Mailed Check,Yes,0,0
CUST-04473,26,Month-to-Month,79.33,1915.22,Yes,No,Electronic Check,Yes,0,1
CUST-04474,16,Month-to-Month,79.52,1184.36,Yes,DSL,Mailed Check,Yes,1,0
CUST-04475,50,One Year,130.13,6272.52,Yes,No,Electronic Check,Yes,3,0
CUST-04476,8,Month-to-Month,111.32,885.12,No,Fiber Optic,Electronic Check,Yes,2,1
CUST-04477,57,Month-to-Month,111.97,6376.93,No,DSL,Mailed Check,Yes,1,1
CUST-04478,48,Two Year,50.06,2248.44,No,DSL,Mailed Check,Yes,0,0
CUST-04479,70,Two Year,124.8,8689.11,No,DSL,Mailed Check,Yes,1,0
CUST-04480,1,Month-to-Month,67.94,65.31,Yes,Fiber Optic,Electronic Check,Yes,0,1
CUST-04481,22,One Year,64.31,1401.59,No,No,Mailed Check,Yes,3,0
CUST-04482,65,One Year,16.02,940.07,Yes,DSL,Electronic Check,No,1,0
CUST-04483,36,Month-to-Month,78.16,2541.72,No,No,Electronic Check,Yes,1,1
CUST-04484,41,Two Year,42.92,1596.87,Yes,Fiber Optic,Electronic Check,Yes,0,0
CUST-04485,3,Month-to-Month,80.21,235.92,Yes,DSL,Electronic Check,Yes,1,0
CUST-04486,55,One Year,40.96,2058.6,No,Fiber Optic,Mailed Check,No,2,0
CUST-04487,19,Month-to-Month,114.94,2004.04,No,DSL,Credit Card,No,2,0
CUST-04488,70,Month-to-Month,83.79,5622.12,No,DSL,Electronic Check,Yes,2,0
CUST-04489,27,Month-to-Month,127.0,3414.41,Yes,Fiber Optic,Bank Transfer,Yes,1,1
CUST-04490,14,Month-to-Month,44.42,594.96,No,No,Electronic Check,Yes,0,0
CUST-04491,43,Two Year,108.73,4550.37,Yes,DSL,Electronic Check,Yes,2,0
CUST-04492,35,Two Year,24.93,801.68,No,DSL,Mailed Check,Yes,2,0
CUST-04493,34,Month-to-Month,75.2,2534.86,No,Fiber Optic,Electronic Check,Yes,1,1
CUST-04494,69,Month-to-Month,54.21,3387.34,Yes,Fiber Optic,Bank Transfer,Yes,0,0
CUST-04495,27,Month-to-Month,58.8,1473.74,Yes,No,Electronic Check,Yes,1,0
CUST-04496,29,Month-to-Month,57.09,1565.17,Yes,Fiber Optic,Credit Card,Yes,1,0
CUST-04497,45,Month-to-Month,47.13,1956.73,Yes,No,Bank Transfer,Yes,0,0
CUST-04498,13,Two Year,38.51,483.8,No,Fiber Optic,Bank Transfer,Yes,0,0
CUST-04499,60,One Year,58.94,3422.81,Yes,DSL,Electronic Check,No,2,0
CUST-04500,17,Month-to-Month,72.9,1141.63,Yes,Fiber Optic,Electronic Check,Yes,0,1
CUST-04501,18,Month-to-Month,99.09,1606.79,No,DSL,Bank Transfer,Yes,0,0
CUST-04502,1,One Year,77.38,70.22,No,Fiber Optic,Mailed Check,No,2,1
CUST-04503,25,Month-to-Month,99.16,2231.21,No,DSL,Bank Transfer,Yes,1,1
CUST-04504,42,Month-to-Month,33.05,1374.97,No,DSL,Mailed Check,Yes,0,1
CUST-04505,51,Month-to-Month,59.18,2903.99,No,No,Bank Transfer,No,1,0
CUST-04506,65,Month-to-Month,87.78,5214.12,Yes,No,Bank Transfer,Yes,3,1
CUST-04507,57,Month-to-Month,78.58,4072.59,No,Fiber Optic,Electronic Check,Yes,1,1
CUST-04508,24,One Year,48.47,1142.06,No,Fiber Optic,Credit Card,No,0,0
CUST-04509,60,Month-to-Month,93.35,5495.16,No,No,Bank Transfer,Yes,1,0
CUST-04510,15,One Year,56.72,844.62,No,DSL,Electronic Check,No,1,0
CUST-04511,16,Month-to-Month,50.57,741.1,No,Fiber Optic,Electronic Check,Yes,1,1
CUST-04512,26,Two Year,82.17,2034.36,Yes,DSL,Bank Transfer,Yes,3,0
CUST-04513,39,Month-to-Month,70.15,2495.5,No,No,Bank Transfer,Yes,1,1
CUST-04514,15,Month-to-Month,56.93,836.5,Yes,DSL,Credit Card,Yes,0,0
CUST-04515,65,Month-to-Month,56.08,3431.04,No,Fiber Optic,Bank Transfer,No,1,1
CUST-04516,20,Month-to-Month,43.26,838.88,Yes,DSL,Electronic Check,No,0,0
CUST-04517,29,Month-to-Month,60.11,1574.16,No,Fiber Optic,Electronic Check,Yes,0,1
CUST-04518,44,One Year,97.5,4194.73,No,No,Mailed Check,No,0,0
CUST-04519,31,Month-to-Month,76.11,2177.61,Yes,DSL,Mailed Check,Yes,1,0
CUST-04520,30,Month-to-Month,93.96,2774.49,No,No,Credit Card,No,4,0
CUST-04521,71,Month-to-Month,82.9,5406.7,Yes,DSL,Bank Transfer,Yes,0,0
CUST-04522,32,One Year,54.69,1713.35,Yes,Fiber Optic,Credit Card,No,0,0
CUST-04523,9,Two Year,28.77,236.51,Yes,Fiber Optic,Bank Transfer,No,1,0
CUST-04524,53,One Year,46.83,2398.45,No,DSL,Bank Transfer,Yes,1,0
CUST-04525,51,One Year,53.22,2654.31,No,Fiber Optic,Bank Transfer,No,1,0
CUST-04526,16,One Year,51.29,770.27,Yes,Fiber Optic,Bank Transfer,Yes,4,0
CUST-04527,62,One Year,94.53,5417.97,No,Fiber Optic,Mailed Check,No,0,0
CUST-04528,29,Month-to-Month,94.26,2554.36,No,Fiber Optic,Credit Card,No,0,1
CUST-04529,11,One Year,125.3,1281.35,Yes,Fiber Optic,Electronic Check,Yes,0,0
CUST-04530,13,One Year,50.91,637.55,No,DSL,Credit Card,Yes,1,0
CUST-04531,52,Month-to-Month,109.94,5170.67,Yes,DSL,Bank Transfer,No,0,0
CUST-04532,16,One Year,109.78,1588.11,No,No,Mailed Check,Yes,0,0
CUST-04533,34,Month-to-Month,64.19,2027.02,No,Fiber Optic,Electronic Check,Yes,0,0
CUST-04534,53,Month-to-Month,81.84,4023.91,No,DSL,Electronic Check,Yes,1,1
CUST-04535,62,Month-to-Month,101.02,5747.82,Yes,DSL,Bank Transfer,Yes,0,0
CUST-04536,36,One Year,68.53,2397.22,Yes,Fiber Optic,Electronic Check,No,2,0
CUST-04537,66,Two Year,66.59,3965.89,No,Fiber Optic,Electronic Check,No,2,0
CUST-04538,22,Month-to-Month,54.32,1185.99,No,DSL,Electronic Check,Yes,1,0
CUST-04539,63,Month-to-Month,15.0,922.08,No,No,Electronic Check,Yes,1,1
CUST-04540,19,Month-to-Month,71.76,1282.04,No,No,Credit Card,Yes,0,1
CUST-04541,5,Month-to-Month,52.25,257.56,No,No,Bank Transfer,No,4,1
CUST-04542,53,Two Year,43.12,2198.09,Yes,Fiber Optic,Mailed Check,No,1,0
CUST-04543,55,Month-to-Month,80.55,4239.85,Yes,Fiber Optic,Credit Card,Yes,0,0
CUST-04544,67,Month-to-Month,33.72,2104.03,Yes,DSL,Mailed Check,Yes,1,0
CUST-04545,67,Month-to-Month,90.15,5836.56,Yes,Fiber Optic,Credit Card,No,0,0
CUST-04546,8,Two Year,82.09,600.22,No,Fiber Optic,Credit Card,Yes,1,0
CUST-04547,45,Month-to-Month,60.0,2571.72,Yes,DSL,Bank Transfer,Yes,4,0
CUST-04548,51,One Year,68.42,3180.99,No,Fiber Optic,Mailed Check,Yes,2,0
CUST-04549,44,Month-to-Month,40.24,1672.32,Yes,Fiber Optic,Credit Card,Yes,2,0
CUST-04550,2,Month-to-Month,88.76,170.71,No,Fiber Optic,Electronic Check,No,0,1
CUST-04551,4,One Year,74.68,273.49,Yes,DSL,Mailed Check,No,0,0
CUST-04552,49,Month-to-Month,76.55,3459.17,Yes,No,Electronic Check,Yes,0,1
CUST-04553,62,One Year,82.55,5022.52,No,Fiber Optic,Electronic Check,No,2,0
CUST-04554,13,Month-to-Month,53.94,649.03,Yes,Fiber Optic,Electronic Check,No,0,1
CUST-04555,4,One Year,32.02,116.5,No,No,Credit Card,Yes,0,0
CUST-04556,30,One Year,93.93,2629.3,Yes,DSL,Electronic Check,No,5,0
CUST-04557,23,One Year,87.22,1993.05,No,No,Mailed Check,Yes,3,0
CUST-04558,71,Month-to-Month,56.62,3896.92,Yes,No,Mailed Check,Yes,1,0
CUST-04559,67,One Year,80.23,5147.19,Yes,No,Mailed Check,No,1,0
CUST-04560,41,Two Year,101.45,4093.07,No,Fiber Optic,Credit Card,No,0,0
CUST-04561,69,Month-to-Month,98.47,6563.55,No,DSL,Credit Card,Yes,3,0
CUST-04562,17,Month-to-Month,55.89,932.19,No,DSL,Bank Transfer,Yes,3,1
CUST-04563,72,Two Year,32.78,2279.24,Yes,Fiber Optic,Bank Transfer,No,2,0
CUST-04564,33,Month-to-Month,37.07,1206.7,No,DSL,Credit Card,No,1,0
CUST-04565,35,One Year,62.21,2095.48,Yes,DSL,Mailed Check,Yes,2,0
CUST-04566,4,One Year,106.56,394.91,No,No,Mailed Check,No,0,1
CUST-04567,13,Month-to-Month,51.79,608.71,No,Fiber Optic,Electronic Check,No,0,1
CUST-04568,14,One Year,55.09,702.26,Yes,DSL,Electronic Check,No,1,0
CUST-04569,36,One Year,54.58,1869.08,Yes,Fiber Optic,Credit Card,Yes,2,0
CUST-04570,14,Month-to-Month,56.71,791.7,No,DSL,Bank Transfer,No,2,1
CUST-04571,8,Two Year,69.72,544.34,No,Fiber Optic,Mailed Check,Yes,4,1
CUST-04572,44,Month-to-Month,38.0,1634.45,No,DSL,Electronic Check,No,0,0
CUST-04573,63,Month-to-Month,97.11,5912.24,No,Fiber Optic,Bank Transfer,Yes,1,0
CUST-04574,6,Two Year,66.38,394.44,No,DSL,Credit Card,No,2,0
CUST-04575,41,Month-to-Month,131.98,5268.03,Yes,Fiber Optic,Credit Card,No,1,1
CUST-04576,70,Two Year,40.66,2635.12,No,Fiber Optic,Bank Transfer,No,3,0
CUST-04577,30,Month-to-Month,109.75,3127.7,No,DSL,Bank Transfer,Yes,0,1
CUST-04578,14,Month-to-Month,104.78,1379.54,No,No,Electronic Check,No,2,1
CUST-04579,6,Month-to-Month,59.71,328.36,No,No,Electronic Check,Yes,0,0
CUST-04580,68,One Year,60.12,3770.26,No,Fiber Optic,Electronic Check,Yes,1,0
CUST-04581,30,One Year,46.97,1308.37,Yes,No,Bank Transfer,No,1,0
CUST-04582,8,Two Year,47.25,346.76,No,DSL,Credit Card,No,1,0
CUST-04583,63,Two Year,69.98,4063.67,Yes,Fiber Optic,Credit Card,No,0,0
CUST-04584,58,One Year,70.52,4055.96,Yes,No,Electronic Check,Yes,1,0
CUST-04585,51,One Year,29.94,1426.66,Yes,Fiber Optic,Mailed Check,Yes,1,0
CUST-04586,7,Month-to-Month,127.34,876.01,Yes,DSL,Electronic Check,Yes,0,0
CUST-04587,6,Two Year,63.51,345.41,Yes,No,Mailed Check,Yes,2,0
CUST-04588,16,One Year,71.64,1144.15,No,DSL,Credit Card,No,0,0
CUST-04589,12,Two Year,54.34,636.74,Yes,DSL,Credit Card,Yes,3,0
CUST-04590,39,Month-to-Month,63.32,2446.44,Yes,Fiber Optic,Credit Card,Yes,3,1
CUST-04591,29,Month-to-Month,61.05,1686.51,Yes,DSL,Mailed Check,Yes,2,0
CUST-04592,56,One Year,69.93,3772.96,No,DSL,Bank Transfer,Yes,1,0
CUST-04593,8,Month-to-Month,69.64,521.51,No,Fiber Optic,Credit Card,Yes,0,1
CUST-04594,53,Month-to-Month,90.12,4505.08,No,Fiber Optic,Bank Transfer,No,0,0
CUST-04595,68,Two Year,75.68,5017.97,No,Fiber Optic,Electronic Check,Yes,0,0
CUST-04596,10,Month-to-Month,87.61,792.87,No,Fiber Optic,Electronic Check,Yes,1,0
CUST-04597,47,Month-to-Month,69.75,2962.41,Yes,Fiber Optic,Electronic Check,Yes,3,1
CUST-04598,37,Month-to-Month,75.78,2768.79,No,Fiber Optic,Electronic Check,No,1,0
CUST-04599,7,Month-to-Month,63.97,407.94,No,DSL,Mailed Check,Yes,0,0
CUST-04600,22,One Year,95.08,2033.41,Yes,DSL,Bank Transfer,Yes,2,0
CUST-04601,57,Two Year,78.07,4093.79,No,No,Electronic Check,No,0,0
CUST-04602,63,Two Year,66.05,3897.42,Yes,Fiber Optic,Electronic Check,Yes,0,0
CUST-04603,27,One Year,65.3,1638.55,No,DSL,Electronic Check,Yes,1,0
CUST-04604,8,One Year,67.27,510.73,Yes,No,Credit Card,No,0,0
CUST-04605,18,Month-to-Month,70.76,1251.6,No,Fiber Optic,Electronic Check,Yes,1,0
CUST-04606,61,Two Year,68.59,4131.91,Yes,Fiber Optic,Electronic Check,No,3,0
CUST-04607,42,Month-to-Month,56.03,2170.19,No,DSL,Bank Transfer,Yes,2,0
CUST-04608,31,Month-to-Month,89.12,2579.73,No,Fiber Optic,Mailed Check,Yes,1,0
CUST-04609,1,Two Year,90.7,89.22,Yes,DSL,Electronic Check,Yes,2,0
CUST-04610,57,Two Year,114.6,5937.53,Yes,Fiber Optic,Bank Transfer,Yes,1,0
CUST-04611,34,Month-to-Month,54.91,1702.07,No,Fiber Optic,Mailed Check,Yes,0,1
CUST-04612,40,One Year,86.66,3286.0,Yes,Fiber Optic,Mailed Check,Yes,1,1
CUST-04613,61,Month-to-Month,22.27,1329.96,Yes,DSL,Bank Transfer,Yes,3,0
CUST-04614,41,Month-to-Month,90.73,3472.92,No,DSL,Electronic Check,Yes,3,0
CUST-04615,67,Month-to-Month,33.59,2041.1,No,No,Electronic Check,Yes,3,1
CUST-04616,41,Month-to-Month,45.39,1855.01,Yes,No,Mailed Check,Yes,2,0
CUST-04617,25,Month-to-Month,78.31,1945.79,No,DSL,Electronic Check,Yes,1,1
CUST-04618,67,Month-to-Month,54.46,3521.81,Yes,Fiber Optic,Electronic Check,No,2,0
CUST-04619,47,Month-to-Month,51.04,2322.57,No,Fiber Optic,Electronic Check,No,4,0
CUST-04620,55,Month-to-Month,57.88,3162.29,Yes,No,Mailed Check,Yes,1,0
CUST-04621,17,Two Year,88.24,1446.66,Yes,No,Credit Card,Yes,1,0
CUST-04622,49,One Year,46.68,2238.92,Yes,Fiber Optic,Bank Transfer,Yes,1,0
CUST-04623,41,Two Year,68.65,2663.65,No,DSL,Credit Card,Yes,3,0
CUST-04624,8,Month-to-Month,60.53,446.86,Yes,Fiber Optic,Mailed Check,Yes,2,0
CUST-04625,19,One Year,90.5,1690.7,No,No,Mailed Check,No,1,1
CUST-04626,66,Two Year,91.2,5829.22,No,Fiber Optic,Electronic Check,No,0,0
CUST-04627,42,Month-to-Month,24.12,941.07,No,Fiber Optic,Electronic Check,Yes,2,1
CUST-04628,56,Month-to-Month,96.13,5180.48,Yes,DSL,Electronic Check,Yes,1,0
CUST-04629,13,Month-to-Month,54.73,698.43,No,DSL,Electronic Check,Yes,2,1
CUST-04630,16,Month-to-Month,75.91,1125.94,No,No,Bank Transfer,No,1,0
CUST-04631,68,Month-to-Month,46.53,3090.68,Yes,DSL,Electronic Check,No,2,0
CUST-04632,31,Month-to-Month,79.28,2229.69,Yes,Fiber Optic,Electronic Check,Yes,1,0
CUST-04633,64,Month-to-Month,133.78,8240.8,No,DSL,Bank Transfer,Yes,2,0
CUST-04634,59,One Year,73.18,4317.16,Yes,DSL,Electronic Check,No,2,0
CUST-04635,25,Month-to-Month,58.5,1442.96,No,Fiber Optic,Credit Card,Yes,1,1
CUST-04636,69,Month-to-Month,64.2,4374.72,No,DSL,Credit Card,No,1,0
CUST-04637,56,One Year,33.27,1803.57,Yes,Fiber Optic,Electronic Check,Yes,0,0
CUST-04638,10,Month-to-Month,106.22,1004.97,Yes,DSL,Electronic Check,Yes,0,0
CUST-04639,7,Month-to-Month,77.82,527.16,Yes,Fiber Optic,Credit Card,Yes,2,1
CUST-04640,10,Month-to-Month,43.78,408.08,No,No,Credit Card,No,0,0
CUST-04641,54,Month-to-Month,44.59,2300.17,No,Fiber Optic,Credit Card,Yes,1,0
CUST-04642,11,Month-to-Month,70.38,738.54,No,DSL,Electronic Check,Yes,0,1
CUST-04643,21,Month-to-Month,93.3,1869.9,No,No,Bank Transfer,Yes,1,0
CUST-04644,32,Month-to-Month,41.23,1241.78,No,DSL,Electronic Check,No,1,0
CUST-04645,10,Two Year,97.84,915.08,Yes,DSL,Mailed Check,Yes,2,0
CUST-04646,24,Two Year,67.71,1516.22,Yes,No,Electronic Check,No,0,0
CUST-04647,49,Month-to-Month,46.74,2112.7,Yes,DSL,Bank Transfer,No,0,0
CUST-04648,70,Month-to-Month,58.31,3852.53,Yes,Fiber Optic,Mailed Check,Yes,2,1
CUST-04649,34,Month-to-Month,113.71,3525.05,Yes,DSL,Credit Card,No,0,0
CUST-04650,54,Two Year,35.29,1886.9,No,Fiber Optic,Electronic Check,Yes,0,0
CUST-04651,39,Two Year,51.7,1828.72,Yes,Fiber Optic,Credit Card,No,3,0
CUST-04652,34,Month-to-Month,93.81,3137.68,Yes,Fiber Optic,Electronic Check,Yes,1,0
CUST-04653,38,Month-to-Month,75.41,2648.15,No,Fiber Optic,Credit Card,No,1,1
CUST-04654,70,Month-to-Month,50.22,3463.8,No,DSL,Bank Transfer,No,2,0
CUST-04655,5,Two Year,94.12,457.44,No,DSL,Electronic Check,Yes,1,0
CUST-04656,37,Two Year,95.31,3498.6,Yes,No,Credit Card,Yes,1,0
CUST-04657,4,Month-to-Month,78.28,309.06,Yes,No,Bank Transfer,Yes,1,0
CUST-04658,64,One Year,54.69,3395.54,Yes,Fiber Optic,Electronic Check,Yes,1,0
CUST-04659,44,Month-to-Month,58.54,2357.25,Yes,Fiber Optic,Electronic Check,Yes,2,0
CUST-04660,4,One Year,77.12,294.57,Yes,Fiber Optic,Credit Card,No,0,0
CUST-04661,45,Two Year,37.2,1563.49,No,Fiber Optic,Credit Card,Yes,1,0
CUST-04662,32,Month-to-Month,103.19,3264.36,No,Fiber Optic,Bank Transfer,Yes,1,0
CUST-04663,4,Month-to-Month,112.51,444.29,Yes,DSL,Electronic Check,No,1,1
CUST-04664,71,One Year,64.1,4238.91,Yes,Fiber Optic,Electronic Check,Yes,2,0
CUST-04665,28,Month-to-Month,78.9,2136.67,No,DSL,Electronic Check,No,1,1
CUST-04666,2,Two Year,99.65,186.11,No,Fiber Optic,Bank Transfer,Yes,2,0
CUST-04667,45,Month-to-Month,118.89,5177.88,No,Fiber Optic,Mailed Check,No,0,1
CUST-04668,28,Two Year,108.92,2932.0,No,Fiber Optic,Mailed Check,No,1,0
CUST-04669,48,Month-to-Month,26.61,1214.81,No,Fiber Optic,Credit Card,Yes,0,1
CUST-04670,12,Month-to-Month,62.11,736.26,No,No,Credit Card,Yes,3,1
CUST-04671,60,Month-to-Month,82.52,4577.9,Yes,No,Electronic Check,Yes,2,0
CUST-04672,31,Month-to-Month,57.64,1750.65,No,No,Mailed Check,Yes,1,0
CUST-04673,31,Month-to-Month,114.57,3441.39,No,No,Mailed Check,No,0,1
CUST-04674,58,One Year,110.73,5960.75,Yes,Fiber Optic,Electronic Check,No,1,1
CUST-04675,40,Month-to-Month,49.6,1869.26,No,Fiber Optic,Mailed Check,Yes,1,1
CUST-04676,1,Month-to-Month,65.94,59.8,Yes,Fiber Optic,Electronic Check,Yes,2,1
CUST-04677,42,Month-to-Month,51.26,2066.28,No,No,Electronic Check,Yes,1,1
CUST-04678,47,Month-to-Month,65.12,3026.33,Yes,Fiber Optic,Credit Card,Yes,3,0
CUST-04679,23,Two Year,64.36,1349.69,No,Fiber Optic,Electronic Check,Yes,1,0
CUST-04680,14,Two Year,93.86,1199.98,No,No,Bank Transfer,Yes,1,0
CUST-04681,4,Month-to-Month,47.79,181.12,No,Fiber Optic,Electronic Check,Yes,1,1
CUST-04682,61,One Year,15.0,849.23,No,DSL,Bank Transfer,No,1,0
CUST-04683,1,One Year,29.89,27.73,Yes,Fiber Optic,Bank Transfer,Yes,1,0
CUST-04684,43,Two Year,44.29,1835.66,Yes,Fiber Optic,Credit Card,Yes,2,0
CUST-04685,61,Month-to-Month,53.61,3077.35,No,Fiber Optic,Electronic Check,Yes,0,0
CUST-04686,26,Month-to-Month,74.68,1911.52,No,No,Bank Transfer,No,1,0
CUST-04687,15,Month-to-Month,43.01,608.31,No,Fiber Optic,Credit Card,No,1,1
CUST-04688,52,Two Year,39.72,1985.98,Yes,No,Electronic Check,No,2,0
CUST-04689,46,One Year,46.76,2021.45,No,Fiber Optic,Electronic Check,Yes,2,0
CUST-04690,2,Month-to-Month,42.11,77.95,No,DSL,Electronic Check,Yes,0,1
CUST-04691,42,Month-to-Month,56.14,2233.23,No,Fiber Optic,Credit Card,No,1,1
CUST-04692,1,One Year,55.07,53.53,Yes,Fiber Optic,Electronic Check,No,1,0
CUST-04693,29,Two Year,87.23,2517.73,Yes,No,Electronic Check,No,1,0
CUST-04694,22,Month-to-Month,45.26,900.35,No,Fiber Optic,Credit Card,No,1,0
CUST-04695,61,One Year,61.06,3550.28,Yes,Fiber Optic,Mailed Check,Yes,2,0
CUST-04696,71,Month-to-Month,56.37,3856.57,Yes,Fiber Optic,Electronic Check,Yes,1,0
CUST-04697,51,Month-to-Month,90.22,4180.54,No,No,Bank Transfer,No,2,0
CUST-04698,53,Month-to-Month,66.14,3445.54,Yes,DSL,Electronic Check,No,0,1
CUST-04699,2,One Year,96.27,178.6,No,DSL,Mailed Check,Yes,3,0
CUST-04700,5,Two Year,41.19,203.37,No,Fiber Optic,Electronic Check,No,0,0
CUST-04701,56,Month-to-Month,68.77,3678.82,No,Fiber Optic,Bank Transfer,No,0,0
CUST-04702,31,Month-to-Month,55.6,1577.45,No,Fiber Optic,Bank Transfer,Yes,1,1
CUST-04703,37,Month-to-Month,39.35,1417.98,No,DSL,Electronic Check,Yes,0,0
CUST-04704,50,Month-to-Month,68.31,3127.65,No,Fiber Optic,Mailed Check,Yes,0,0
CUST-04705,25,Month-to-Month,113.32,2753.78,No,DSL,Credit Card,Yes,1,1
CUST-04706,50,Month-to-Month,48.68,2387.32,No,DSL,Mailed Check,No,0,1
CUST-04707,53,Month-to-Month,66.81,3390.63,No,DSL,Credit Card,No,1,1
CUST-04708,18,Month-to-Month,37.19,620.63,Yes,DSL,Credit Card,Yes,2,1
CUST-04709,50,Month-to-Month,33.52,1581.7,Yes,Fiber Optic,Electronic Check,No,2,1
CUST-04710,13,One Year,50.32,623.28,Yes,Fiber Optic,Bank Transfer,Yes,2,0
CUST-04711,23,Month-to-Month,58.75,1306.09,No,DSL,Credit Card,Yes,1,0
CUST-04712,57,One Year,59.86,3287.11,No,Fiber Optic,Bank Transfer,No,0,0
CUST-04713,71,Two Year,64.35,4294.91,No,Fiber Optic,Bank Transfer,No,2,0
CUST-04714,5,One Year,28.79,140.47,No,DSL,Electronic Check,Yes,0,0
CUST-04715,47,Month-to-Month,54.35,2496.06,No,Fiber Optic,Credit Card,Yes,1,0
CUST-04716,42,Month-to-Month,82.54,3361.41,No,DSL,Electronic Check,No,1,0
CUST-04717,44,One Year,36.04,1470.34,No,No,Bank Transfer,No,1,0
CUST-04718,57,Month-to-Month,61.12,3298.99,No,Fiber Optic,Credit Card,No,0,0
CUST-04719,6,Month-to-Month,77.32,437.6,Yes,DSL,Mailed Check,No,2,0
CUST-04720,54,Month-to-Month,50.44,2673.86,No,No,Bank Transfer,Yes,1,0
CUST-04721,21,Month-to-Month,78.54,1617.7,No,Fiber Optic,Bank Transfer,Yes,2,0
CUST-04722,12,Month-to-Month,31.97,378.5,Yes,DSL,Credit Card,Yes,1,1
CUST-04723,33,One Year,92.21,2808.98,No,Fiber Optic,Mailed Check,Yes,0,0
CUST-04724,2,Month-to-Month,79.15,154.32,No,Fiber Optic,Bank Transfer,No,0,1
CUST-04725,46,Month-to-Month,71.39,3241.38,No,Fiber Optic,Electronic Check,Yes,1,0
CUST-04726,41,Two Year,98.12,3687.61,No,Fiber Optic,Electronic Check,Yes,0,0
CUST-04727,37,Month-to-Month,61.77,2066.07,Yes,No,Electronic Check,No,0,0
CUST-04728,3,One Year,54.55,149.01,No,No,Mailed Check,Yes,1,0
CUST-04729,55,Month-to-Month,104.31,5511.13,Yes,DSL,Mailed Check,Yes,3,0
CUST-04730,3,Month-to-Month,116.02,327.93,Yes,No,Electronic Check,No,1,1
CUST-04731,19,Two Year,52.66,920.0,No,DSL,Electronic Check,No,2,0
CUST-04732,29,Month-to-Month,67.16,1855.77,No,No,Electronic Check,Yes,2,0
CUST-04733,51,Month-to-Month,96.13,4797.48,No,DSL,Credit Card,Yes,3,1
CUST-04734,30,Two Year,68.05,2012.07,Yes,DSL,Electronic Check,Yes,1,0
CUST-04735,59,One Year,84.86,4882.43,No,Fiber Optic,Mailed Check,Yes,2,0
CUST-04736,68,One Year,89.51,6016.99,No,DSL,Credit Card,Yes,2,0
CUST-04737,56,Month-to-Month,55.94,3008.65,No,No,Credit Card,Yes,0,0
CUST-04738,3,Month-to-Month,80.48,237.51,Yes,DSL,Bank Transfer,No,2,0
CUST-04739,56,One Year,69.85,3683.63,Yes,Fiber Optic,Electronic Check,No,0,0
CUST-04740,15,Month-to-Month,39.58,584.94,No,No,Electronic Check,Yes,1,1
CUST-04741,64,Month-to-Month,45.26,2866.46,No,Fiber Optic,Electronic Check,Yes,0,1
CUST-04742,71,One Year,53.69,3692.45,Yes,Fiber Optic,Credit Card,Yes,4,0
CUST-04743,7,Month-to-Month,93.21,615.35,No,No,Electronic Check,No,1,1
CUST-04744,8,Month-to-Month,94.03,698.2,No,DSL,Electronic Check,No,3,1
CUST-04745,51,Month-to-Month,88.75,4220.81,No,DSL,Electronic Check,No,2,0
CUST-04746,11,Month-to-Month,81.0,813.69,No,DSL,Mailed Check,Yes,1,1
CUST-04747,70,One Year,80.32,5086.68,No,DSL,Electronic Check,No,2,0
CUST-04748,39,Two Year,76.94,2824.95,Yes,DSL,Mailed Check,Yes,0,0
CUST-04749,42,Month-to-Month,80.19,3045.55,Yes,Fiber Optic,Electronic Check,Yes,2,0
CUST-04750,62,Month-to-Month,81.88,5015.94,Yes,DSL,Mailed Check,Yes,0,0
CUST-04751,16,Month-to-Month,34.89,538.7,No,Fiber Optic,Electronic Check,Yes,0,0
CUST-04752,41,Month-to-Month,50.24,2027.64,Yes,Fiber Optic,Mailed Check,Yes,1,0
CUST-04753,72,Month-to-Month,44.28,3011.03,Yes,Fiber Optic,Bank Transfer,Yes,0,0
CUST-04754,2,Two Year,97.68,180.2,Yes,Fiber Optic,Mailed Check,Yes,1,0
CUST-04755,13,Month-to-Month,111.35,1344.81,No,DSL,Electronic Check,Yes,4,0
CUST-04756,11,Month-to-Month,15.77,170.95,No,Fiber Optic,Bank Transfer,Yes,1,1
CUST-04757,25,Two Year,109.12,2488.45,No,Fiber Optic,Mailed Check,Yes,1,0
CUST-04758,10,Month-to-Month,72.17,699.92,No,No,Mailed Check,No,2,1
CUST-04759,13,Two Year,95.32,1143.21,No,Fiber Optic,Electronic Check,Yes,2,0
CUST-04760,62,Month-to-Month,82.66,4793.42,No,Fiber Optic,Credit Card,Yes,1,0
CUST-04761,34,Month-to-Month,106.01,3245.0,No,Fiber Optic,Mailed Check,No,0,0
CUST-04762,26,Two Year,75.24,1854.34,Yes,Fiber Optic,Mailed Check,Yes,2,0
CUST-04763,31,Month-to-Month,35.91,1016.18,Yes,Fiber Optic,Electronic Check,Yes,3,0
CUST-04764,70,Month-to-Month,67.36,4649.02,Yes,Fiber Optic,Bank Transfer,Yes,2,1
CUST-04765,36,Month-to-Month,82.89,2714.8,No,Fiber Optic,Electronic Check,Yes,2,1
CUST-04766,34,One Year,64.6,2031.75,No,No,Bank Transfer,Yes,4,1
CUST-04767,67,One Year,86.44,5220.9,Yes,DSL,Electronic Check,No,2,0
CUST-04768,3,Month-to-Month,68.36,204.93,Yes,No,Electronic Check,No,2,0
CUST-04769,35,One Year,55.11,1859.69,No,No,Bank Transfer,Yes,0,0
CUST-04770,54,One Year,42.85,2231.43,No,DSL,Mailed Check,Yes,1,0
CUST-04771,38,Month-to-Month,60.2,2177.53,No,DSL,Electronic Check,Yes,2,1
CUST-04772,63,Month-to-Month,75.11,4669.49,Yes,Fiber Optic,Credit Card,No,0,0
CUST-04773,64,Month-to-Month,21.02,1230.15,No,DSL,Credit Card,No,1,0
CUST-04774,25,Month-to-Month,50.5,1236.35,Yes,DSL,Mailed Check,Yes,0,0
CUST-04775,59,Month-to-Month,20.08,1161.87,No,Fiber Optic,Bank Transfer,No,1,0
CUST-04776,18,Month-to-Month,54.57,887.58,No,Fiber Optic,Mailed Check,Yes,1,0
CUST-04777,18,Month-to-Month,99.93,1642.73,No,DSL,Bank Transfer,No,2,1
CUST-04778,71,Month-to-Month,40.35,2735.11,Yes,No,Bank Transfer,Yes,1,0
CUST-04779,1,One Year,87.58,79.61,No,DSL,Bank Transfer,Yes,1,1
CUST-04780,26,Month-to-Month,141.22,3408.22,Yes,DSL,Electronic Check,No,4,1
CUST-04781,46,Two Year,106.34,4599.94,Yes,DSL,Electronic Check,No,1,0
CUST-04782,30,Two Year,73.34,2014.77,No,No,Mailed Check,No,3,0
CUST-04783,61,One Year,91.46,5414.0,No,No,Bank Transfer,Yes,1,0
CUST-04784,19,Two Year,35.76,645.13,No,DSL,Bank Transfer,Yes,0,0
CUST-04785,40,Two Year,30.66,1182.23,Yes,Fiber Optic,Electronic Check,No,0,0
CUST-04786,10,Month-to-Month,70.72,670.02,Yes,DSL,Mailed Check,Yes,0,0
CUST-04787,16,One Year,79.97,1204.35,Yes,DSL,Bank Transfer,No,1,0
CUST-04788,13,Month-to-Month,97.36,1201.43,No,DSL,Electronic Check,No,2,1
CUST-04789,54,One Year,55.78,2981.85,Yes,No,Credit Card,Yes,1,0
CUST-04790,15,Month-to-Month,74.83,1054.66,No,Fiber Optic,Mailed Check,Yes,2,0
CUST-04791,49,Month-to-Month,73.98,3495.34,No,Fiber Optic,Credit Card,No,1,0
CUST-04792,25,Month-to-Month,66.72,1640.3,No,DSL,Electronic Check,Yes,0,1
CUST-04793,41,Two Year,68.19,2689.85,No,No,Mailed Check,Yes,3,0
CUST-04794,63,Month-to-Month,48.63,2826.58,No,No,Credit Card,Yes,1,1
CUST-04795,63,Month-to-Month,76.99,4424.49,No,DSL,Bank Transfer,Yes,1,0
CUST-04796,1,Month-to-Month,74.88,71.82,No,Fiber Optic,Electronic Check,No,4,0
CUST-04797,57,Month-to-Month,59.0,3271.32,Yes,Fiber Optic,Credit Card,Yes,0,0
CUST-04798,69,Two Year,86.64,5839.91,Yes,No,Mailed Check,No,3,0
CUST-04799,49,One Year,95.7,4545.71,No,Fiber Optic,Bank Transfer,No,1,1
CUST-04800,14,Month-to-Month,86.93,1095.74,Yes,DSL,Electronic Check,No,1,0
CUST-04801,48,Month-to-Month,43.94,2061.42,No,Fiber Optic,Credit Card,No,2,1
CUST-04802,46,Month-to-Month,72.49,3202.7,No,Fiber Optic,Credit Card,Yes,0,0
CUST-04803,48,Month-to-Month,47.21,2263.4,No,Fiber Optic,Mailed Check,Yes,2,1
CUST-04804,31,Two Year,72.41,2191.87,Yes,DSL,Electronic Check,No,1,0
CUST-04805,38,One Year,47.31,1695.34,Yes,No,Bank Transfer,Yes,0,0
CUST-04806,47,Month-to-Month,101.93,4635.56,Yes,No,Electronic Check,Yes,4,1
CUST-04807,34,One Year,89.58,2928.74,Yes,Fiber Optic,Mailed Check,No,0,1
CUST-04808,56,Month-to-Month,98.82,5167.24,No,Fiber Optic,Bank Transfer,No,2,1
CUST-04809,52,One Year,96.29,4773.51,No,Fiber Optic,Electronic Check,Yes,1,0
CUST-04810,22,Month-to-Month,63.24,1280.59,No,Fiber Optic,Credit Card,No,0,0
CUST-04811,44,One Year,59.36,2373.6,No,DSL,Bank Transfer,No,1,0
CUST-04812,55,Month-to-Month,113.54,6077.98,Yes,Fiber Optic,Mailed Check,No,0,0
CUST-04813,36,Two Year,65.87,2225.28,Yes,Fiber Optic,Mailed Check,No,1,0
CUST-04814,52,Month-to-Month,36.14,1833.37,No,No,Credit Card,Yes,1,0
CUST-04815,10,Month-to-Month,95.19,903.19,Yes,DSL,Mailed Check,No,2,1
CUST-04816,28,Month-to-Month,73.59,2021.33,Yes,DSL,Credit Card,No,1,0
CUST-04817,51,Month-to-Month,107.65,5347.19,No,Fiber Optic,Electronic Check,Yes,0,1
CUST-04818,65,Month-to-Month,76.07,4827.92,Yes,No,Electronic Check,No,0,0
CUST-04819,47,One Year,69.5,3080.09,Yes,Fiber Optic,Mailed Check,Yes,0,0
CUST-04820,48,One Year,108.15,5171.05,No,DSL,Electronic Check,No,0,0
CUST-04821,25,Month-to-Month,31.54,741.6,Yes,Fiber Optic,Mailed Check,No,3,1
CUST-04822,51,One Year,55.37,2765.46,No,DSL,Mailed Check,Yes,1,0
CUST-04823,26,One Year,47.82,1179.86,Yes,Fiber Optic,Electronic Check,Yes,1,0
CUST-04824,4,Month-to-Month,15.12,55.85,No,Fiber Optic,Electronic Check,Yes,1,0
CUST-04825,18,Month-to-Month,91.83,1591.6,No,Fiber Optic,Electronic Check,Yes,1,0
CUST-04826,45,Month-to-Month,56.06,2388.77,Yes,Fiber Optic,Electronic Check,Yes,1,0
CUST-04827,70,Month-to-Month,92.63,6006.92,Yes,DSL,Electronic Check,Yes,2,1
CUST-04828,36,One Year,79.73,2693.05,No,Fiber Optic,Electronic Check,Yes,1,0
CUST-04829,62,Two Year,85.18,4837.51,No,No,Credit Card,No,1,0
CUST-04830,57,One Year,58.62,3337.01,No,Fiber Optic,Electronic Check,Yes,0,0
CUST-04831,41,Month-to-Month,50.89,2012.04,No,No,Electronic Check,Yes,1,0
CUST-04832,58,One Year,72.24,3843.64,Yes,Fiber Optic,Credit Card,Yes,0,0
CUST-04833,29,One Year,92.98,2632.94,No,Fiber Optic,Bank Transfer,Yes,2,0
CUST-04834,32,Month-to-Month,68.74,2112.11,No,DSL,Electronic Check,Yes,0,1
CUST-04835,54,Two Year,52.45,2753.72,No,No,Credit Card,No,0,0
CUST-04836,46,Month-to-Month,40.02,1764.43,Yes,DSL,Credit Card,Yes,0,0
CUST-04837,38,Month-to-Month,75.1,2585.68,No,DSL,Bank Transfer,No,1,1
CUST-04838,32,Month-to-Month,56.15,1653.64,No,DSL,Bank Transfer,Yes,0,0
CUST-04839,71,Month-to-Month,68.21,4730.91,No,Fiber Optic,Bank Transfer,Yes,2,1
CUST-04840,5,Two Year,64.03,312.29,Yes,Fiber Optic,Credit Card,No,2,0
CUST-04841,4,Month-to-Month,58.89,229.76,No,Fiber Optic,Mailed Check,Yes,1,0
CUST-04842,35,Month-to-Month,77.35,2440.64,Yes,DSL,Credit Card,Yes,1,1
CUST-04843,3,Month-to-Month,83.86,246.68,No,Fiber Optic,Electronic Check,Yes,1,1
CUST-04844,25,Month-to-Month,119.13,2811.21,Yes,DSL,Bank Transfer,No,0,1
CUST-04845,41,Month-to-Month,88.95,3535.23,No,Fiber Optic,Credit Card,Yes,0,0
CUST-04846,30,Month-to-Month,109.84,3055.34,Yes,DSL,Electronic Check,Yes,2,1
CUST-04847,15,One Year,49.53,725.83,Yes,Fiber Optic,Electronic Check,No,2,0
CUST-04848,21,Month-to-Month,29.98,628.46,Yes,Fiber Optic,Credit Card,No,1,0
CUST-04849,44,One Year,69.64,2835.43,No,Fiber Optic,Bank Transfer,No,1,0
CUST-04850,69,Month-to-Month,91.45,6173.88,Yes,Fiber Optic,Bank Transfer,Yes,2,0
CUST-04851,57,One Year,87.53,4792.11,No,No,Credit Card,No,1,0
CUST-04852,40,Two Year,100.28,3719.62,No,Fiber Optic,Electronic Check,Yes,0,0
CUST-04853,10,Month-to-Month,15.0,139.42,No,Fiber Optic,Bank Transfer,Yes,2,0
CUST-04854,18,Month-to-Month,101.32,1774.82,No,DSL,Bank Transfer,Yes,0,0
CUST-04855,32,Two Year,78.39,2328.96,No,Fiber Optic,Electronic Check,No,1,0
CUST-04856,18,Month-to-Month,31.4,511.38,No,Fiber Optic,Electronic Check,Yes,2,0
CUST-04857,50,One Year,88.09,4348.99,Yes,Fiber Optic,Bank Transfer,Yes,0,0
CUST-04858,27,Month-to-Month,74.24,1922.09,No,Fiber Optic,Bank Transfer,Yes,2,0
CUST-04859,61,Month-to-Month,79.53,4734.16,No,Fiber Optic,Bank Transfer,No,2,1
CUST-04860,20,Month-to-Month,94.98,1824.23,Yes,No,Mailed Check,No,3,0
CUST-04861,36,Two Year,80.76,2766.78,Yes,DSL,Bank Transfer,Yes,2,0
CUST-04862,52,Month-to-Month,33.18,1685.67,No,Fiber Optic,Electronic Check,Yes,2,1
CUST-04863,15,One Year,66.42,899.87,No,Fiber Optic,Electronic Check,Yes,0,0
CUST-04864,55,One Year,29.56,1513.93,Yes,DSL,Bank Transfer,Yes,0,0
CUST-04865,43,Month-to-Month,86.23,3569.76,No,DSL,Bank Transfer,No,1,0
CUST-04866,47,Month-to-Month,104.95,4905.01,Yes,Fiber Optic,Credit Card,Yes,1,0
CUST-04867,33,Month-to-Month,38.96,1207.72,No,DSL,Mailed Check,Yes,0,1
CUST-04868,68,Month-to-Month,53.21,3609.34,No,No,Bank Transfer,Yes,5,0
CUST-04869,56,One Year,47.94,2618.94,Yes,DSL,Credit Card,Yes,1,0
CUST-04870,14,Month-to-Month,58.65,778.8,No,DSL,Mailed Check,No,0,0
CUST-04871,41,Month-to-Month,80.31,3104.75,No,Fiber Optic,Mailed Check,No,3,1
CUST-04872,66,One Year,58.92,3550.18,Yes,DSL,Credit Card,No,2,0
CUST-04873,21,One Year,86.31,1742.76,Yes,DSL,Electronic Check,Yes,3,1
CUST-04874,39,Month-to-Month,96.63,3411.44,No,Fiber Optic,Bank Transfer,No,1,0
CUST-04875,55,One Year,97.54,5058.42,No,Fiber Optic,Bank Transfer,Yes,2,0
CUST-04876,20,Month-to-Month,42.05,776.89,No,Fiber Optic,Mailed Check,Yes,0,0
CUST-04877,38,One Year,104.65,3959.32,No,Fiber Optic,Credit Card,No,0,0
CUST-04878,40,Month-to-Month,106.65,3994.37,No,Fiber Optic,Electronic Check,Yes,0,1
CUST-04879,13,Month-to-Month,108.82,1342.41,No,No,Electronic Check,Yes,1,1
CUST-04880,13,Month-to-Month,66.05,805.03,No,Fiber Optic,Electronic Check,Yes,1,1
CUST-04881,41,One Year,51.2,1918.08,Yes,Fiber Optic,Credit Card,No,0,0
CUST-04882,13,One Year,45.39,551.87,No,DSL,Electronic Check,Yes,1,0
CUST-04883,69,Month-to-Month,42.46,2864.99,No,Fiber Optic,Bank Transfer,No,1,0
CUST-04884,38,Two Year,70.29,2569.84,No,Fiber Optic,Electronic Check,Yes,1,1
CUST-04885,51,Two Year,91.2,4389.53,No,Fiber Optic,Mailed Check,Yes,2,0
CUST-04886,29,Month-to-Month,102.66,2923.72,No,DSL,Mailed Check,Yes,3,1
CUST-04887,22,One Year,57.86,1146.16,Yes,DSL,Electronic Check,No,0,0
CUST-04888,36,Month-to-Month,69.03,2441.99,No,DSL,Mailed Check,No,1,1
CUST-04889,52,Two Year,67.4,3175.19,Yes,DSL,Electronic Check,Yes,6,0
CUST-04890,29,Month-to-Month,54.12,1549.12,No,Fiber Optic,Electronic Check,No,0,1
CUST-04891,21,Month-to-Month,88.39,1846.46,No,Fiber Optic,Mailed Check,Yes,0,1
CUST-04892,11,Month-to-Month,79.07,854.04,No,DSL,Bank Transfer,No,1,0
CUST-04893,40,Month-to-Month,73.55,2653.56,No,Fiber Optic,Electronic Check,Yes,3,1
CUST-04894,49,One Year,78.96,3685.73,Yes,Fiber Optic,Mailed Check,Yes,2,0
CUST-04895,38,Month-to-Month,85.39,3189.27,No,DSL,Mailed Check,No,3,0
CUST-04896,19,Month-to-Month,85.14,1544.06,Yes,DSL,Credit Card,Yes,1,1
CUST-04897,18,Month-to-Month,49.04,826.22,No,Fiber Optic,Bank Transfer,No,3,1
CUST-04898,28,Two Year,92.41,2450.52,Yes,Fiber Optic,Credit Card,Yes,2,0
CUST-04899,26,One Year,76.38,1803.32,No,Fiber Optic,Mailed Check,Yes,1,0
CUST-04900,15,Month-to-Month,59.13,842.28,No,DSL,Credit Card,Yes,1,0
CUST-04901,68,Month-to-Month,75.86,4657.0,No,Fiber Optic,Electronic Check,Yes,1,0
CUST-04902,24,Month-to-Month,78.61,1819.5,No,Fiber Optic,Bank Transfer,Yes,1,1
CUST-04903,19,Two Year,97.04,1731.37,Yes,No,Mailed Check,Yes,1,0
CUST-04904,44,One Year,43.85,1773.38,No,Fiber Optic,Bank Transfer,No,1,0
CUST-04905,58,One Year,103.12,5393.26,No,DSL,Credit Card,Yes,2,0
CUST-04906,34,Two Year,70.58,2381.03,No,No,Bank Transfer,Yes,3,0
CUST-04907,49,Month-to-Month,57.35,2685.47,Yes,Fiber Optic,Electronic Check,No,0,0
CUST-04908,7,One Year,56.58,382.08,No,No,Bank Transfer,Yes,1,0
CUST-04909,39,Month-to-Month,44.97,1715.13,Yes,DSL,Bank Transfer,No,0,0
CUST-04910,5,Month-to-Month,26.48,127.46,Yes,Fiber Optic,Electronic Check,Yes,0,0
CUST-04911,10,Month-to-Month,86.93,818.28,Yes,Fiber Optic,Electronic Check,No,1,0
CUST-04912,43,Month-to-Month,119.52,4947.96,No,DSL,Bank Transfer,No,0,1
CUST-04913,15,Two Year,29.56,410.26,Yes,Fiber Optic,Electronic Check,Yes,1,0
CUST-04914,3,Month-to-Month,46.24,132.64,No,DSL,Electronic Check,Yes,0,1
CUST-04915,13,Two Year,88.79,1062.57,Yes,DSL,Credit Card,Yes,2,0
CUST-04916,56,One Year,68.86,3824.32,Yes,DSL,Credit Card,Yes,1,0
CUST-04917,43,One Year,90.86,3715.37,No,No,Mailed Check,Yes,1,0
CUST-04918,28,Two Year,67.46,1744.16,Yes,No,Credit Card,No,1,0
CUST-04919,71,Month-to-Month,55.48,3797.13,Yes,Fiber Optic,Credit Card,No,1,0
CUST-04920,28,Month-to-Month,64.35,1637.89,Yes,Fiber Optic,Bank Transfer,Yes,1,0
CUST-04921,64,Month-to-Month,15.0,905.67,Yes,DSL,Bank Transfer,No,1,0
CUST-04922,25,Month-to-Month,41.41,1021.37,No,Fiber Optic,Credit Card,Yes,0,0
CUST-04923,2,Two Year,93.71,183.07,No,No,Bank Transfer,Yes,1,0
CUST-04924,8,Month-to-Month,99.8,774.72,No,Fiber Optic,Electronic Check,Yes,4,1
CUST-04925,20,Month-to-Month,105.15,1991.67,Yes,Fiber Optic,Electronic Check,Yes,2,1
CUST-04926,14,Month-to-Month,81.02,1071.54,Yes,DSL,Mailed Check,Yes,1,0
CUST-04927,12,Month-to-Month,15.0,162.2,No,Fiber Optic,Electronic Check,Yes,1,1
CUST-04928,28,One Year,54.12,1454.75,Yes,No,Electronic Check,Yes,1,0
CUST-04929,71,Month-to-Month,103.12,7011.83,Yes,No,Mailed Check,No,0,0
CUST-04930,15,One Year,110.58,1493.71,Yes,Fiber Optic,Electronic Check,No,1,0
CUST-04931,17,One Year,104.07,1616.52,No,DSL,Electronic Check,No,0,0
CUST-04932,72,One Year,64.09,4158.77,No,No,Credit Card,Yes,2,0
CUST-04933,15,Month-to-Month,37.34,518.27,Yes,Fiber Optic,Electronic Check,No,0,1
CUST-04934,60,One Year,68.98,3726.51,Yes,DSL,Bank Transfer,Yes,3,0
CUST-04935,45,Month-to-Month,70.37,2982.15,No,DSL,Bank Transfer,Yes,0,1
CUST-04936,67,Month-to-Month,109.14,6929.5,Yes,Fiber Optic,Credit Card,Yes,1,0
CUST-04937,41,One Year,75.69,2928.6,No,No,Electronic Check,Yes,1,0
CUST-04938,43,One Year,70.42,2785.63,No,No,Electronic Check,Yes,2,0
CUST-04939,17,Month-to-Month,71.84,1163.09,Yes,No,Bank Transfer,No,0,0
CUST-04940,42,Two Year,80.0,3297.54,Yes,Fiber Optic,Bank Transfer,No,0,0
CUST-04941,49,Month-to-Month,85.66,3899.84,No,No,Credit Card,Yes,0,0
CUST-04942,72,One Year,51.89,3479.25,No,DSL,Electronic Check,No,0,0
CUST-04943,7,Two Year,43.56,290.98,No,DSL,Electronic Check,Yes,0,0
CUST-04944,12,Month-to-Month,104.26,1155.25,Yes,DSL,Electronic Check,Yes,0,1
CUST-04945,2,Two Year,28.97,54.1,Yes,Fiber Optic,Bank Transfer,Yes,0,0
CUST-04946,57,One Year,110.94,5977.32,No,No,Electronic Check,Yes,3,0
CUST-04947,6,One Year,22.23,125.19,Yes,No,Electronic Check,Yes,1,0
CUST-04948,66,One Year,55.39,3589.29,Yes,No,Bank Transfer,Yes,1,0
CUST-04949,27,One Year,94.3,2507.65,Yes,Fiber Optic,Electronic Check,Yes,1,1
CUST-04950,21,Month-to-Month,70.01,1382.42,No,Fiber Optic,Electronic Check,No,1,0
CUST-04951,71,One Year,37.09,2487.97,Yes,DSL,Electronic Check,No,0,0
CUST-04952,52,Month-to-Month,80.66,4176.24,No,Fiber Optic,Credit Card,No,1,1
CUST-04953,40,Two Year,71.68,2724.73,No,Fiber Optic,Bank Transfer,Yes,3,0
CUST-04954,65,Month-to-Month,64.6,4196.07,No,Fiber Optic,Mailed Check,Yes,1,0
CUST-04955,55,Month-to-Month,54.4,2921.03,No,DSL,Mailed Check,Yes,1,1
CUST-04956,46,Two Year,69.13,2946.01,No,DSL,Credit Card,No,0,0
CUST-04957,24,Month-to-Month,55.45,1228.21,Yes,No,Electronic Check,Yes,3,0
CUST-04958,71,Month-to-Month,130.86,8509.74,No,Fiber Optic,Electronic Check,No,0,0
CUST-04959,52,One Year,64.0,3263.49,No,Fiber Optic,Credit Card,No,2,0
CUST-04960,69,Month-to-Month,60.66,3895.42,No,No,Mailed Check,Yes,1,1
CUST-04961,70,Month-to-Month,56.46,3824.07,No,Fiber Optic,Credit Card,No,0,0
CUST-04962,40,Month-to-Month,114.42,4366.33,Yes,DSL,Bank Transfer,Yes,2,0
CUST-04963,26,Month-to-Month,29.02,741.39,No,Fiber Optic,Bank Transfer,Yes,0,0
CUST-04964,69,Month-to-Month,78.99,5314.5,No,Fiber Optic,Bank Transfer,Yes,0,1
CUST-04965,72,Month-to-Month,64.02,4177.88,No,Fiber Optic,Electronic Check,Yes,1,0
CUST-04966,9,Month-to-Month,34.41,289.2,No,Fiber Optic,Credit Card,Yes,1,1
CUST-04967,46,Month-to-Month,49.52,2168.6,Yes,Fiber Optic,Mailed Check,Yes,1,1
CUST-04968,44,Month-to-Month,77.92,3361.16,No,DSL,Electronic Check,Yes,1,0
CUST-04969,54,One Year,48.39,2538.33,Yes,DSL,Electronic Check,Yes,2,0
CUST-04970,71,One Year,76.49,5186.08,No,No,Mailed Check,No,3,0
CUST-04971,19,Month-to-Month,113.23,2110.14,Yes,Fiber Optic,Electronic Check,Yes,2,1
CUST-04972,71,Month-to-Month,74.27,4975.2,Yes,No,Electronic Check,Yes,3,0
CUST-04973,47,Two Year,33.66,1432.62,No,Fiber Optic,Electronic Check,No,0,0
CUST-04974,6,One Year,48.83,289.19,No,DSL,Credit Card,No,3,0
CUST-04975,37,Month-to-Month,62.86,2215.71,No,Fiber Optic,Bank Transfer,No,0,1
CUST-04976,10,Month-to-Month,61.19,600.18,No,Fiber Optic,Electronic Check,Yes,1,1
CUST-04977,69,Month-to-Month,73.8,4782.64,No,Fiber Optic,Electronic Check,Yes,0,1
CUST-04978,55,Two Year,77.81,4103.47,No,Fiber Optic,Bank Transfer,No,1,0
CUST-04979,66,Two Year,113.26,6975.14,No,Fiber Optic,Bank Transfer,No,2,0
CUST-04980,44,Two Year,69.91,2894.42,No,Fiber Optic,Electronic Check,Yes,2,0
CUST-04981,29,Month-to-Month,41.2,1092.93,No,DSL,Credit Card,No,1,0
CUST-04982,31,Month-to-Month,98.85,2985.17,No,No,Electronic Check,Yes,2,1
CUST-04983,69,Month-to-Month,101.58,6504.57,No,Fiber Optic,Electronic Check,No,2,1
CUST-04984,11,Month-to-Month,75.81,775.68,No,Fiber Optic,Electronic Check,Yes,1,1
CUST-04985,64,Month-to-Month,63.84,3821.9,No,DSL,Credit Card,Yes,0,0
CUST-04986,31,One Year,85.56,2501.74,No,DSL,Credit Card,Yes,2,0
CUST-04987,43,Month-to-Month,64.72,2665.01,No,Fiber Optic,Bank Transfer,Yes,2,1
CUST-04988,49,Two Year,18.61,882.97,No,Fiber Optic,Mailed Check,No,1,0
CUST-04989,6,Month-to-Month,84.09,488.18,Yes,No,Electronic Check,Yes,2,1
CUST-04990,11,Month-to-Month,92.31,956.89,Yes,Fiber Optic,Electronic Check,Yes,2,1
CUST-04991,12,Two Year,106.03,1206.44,No,Fiber Optic,Electronic Check,No,0,0
CUST-04992,57,One Year,51.73,2695.12,Yes,Fiber Optic,Credit Card,Yes,0,0
CUST-04993,6,Month-to-Month,75.65,432.18,Yes,No,Bank Transfer,Yes,1,1
CUST-04994,44,One Year,76.19,3311.14,Yes,No,Mailed Check,Yes,0,0
CUST-04995,8,Month-to-Month,72.13,545.91,Yes,DSL,Credit Card,Yes,2,1
CUST-04996,56,Month-to-Month,72.87,4055.43,No,Fiber Optic,Electronic Check,Yes,0,0
CUST-04997,71,Month-to-Month,70.93,4610.88,No,No,Electronic Check,No,1,1
CUST-04998,30,Month-to-Month,75.29,2199.28,No,DSL,Mailed Check,No,0,1
CUST-04999,16,One Year,88.52,1374.96,Yes,DSL,Credit Card,Yes,4,0
CUST-05000,33,Month-to-Month,100.51,3211.2,Yes,No,Electronic Check,Yes,1,1
CUST-05001,50,One Year,51.09,2468.38,Yes,Fiber Optic,Electronic Check,No,0,0
CUST-05002,53,One Year,65.69,3141.18,Yes,No,Electronic Check,Yes,0,0
CUST-05003,46,Month-to-Month,59.43,2663.28,Yes,Fiber Optic,Credit Card,Yes,3,0
CUST-05004,42,Month-to-Month,55.86,2228.74,No,Fiber Optic,Electronic Check,No,0,1
CUST-05005,46,Month-to-Month,29.6,1296.81,Yes,Fiber Optic,Bank Transfer,No,1,0
CUST-05006,16,One Year,70.61,1022.53,No,Fiber Optic,Credit Card,No,0,0
CUST-05007,15,One Year,81.98,1129.9,No,No,Bank Transfer,Yes,1,0
CUST-05008,68,One Year,66.12,4456.15,Yes,Fiber Optic,Electronic Check,Yes,2,0
CUST-05009,42,Month-to-Month,69.78,2730.16,No,No,Electronic Check,No,2,0
CUST-05010,63,Month-to-Month,80.46,4761.74,No,DSL,Electronic Check,Yes,1,0
CUST-05011,46,Month-to-Month,105.28,4450.22,Yes,No,Credit Card,No,2,0
CUST-05012,33,Month-to-Month,59.51,1891.6,No,Fiber Optic,Credit Card,Yes,0,0
CUST-05013,42,One Year,40.71,1665.48,No,DSL,Electronic Check,No,2,0
CUST-05014,50,Month-to-Month,67.74,3360.33,No,Fiber Optic,Mailed Check,Yes,1,0
CUST-05015,14,Month-to-Month,117.09,1567.47,No,DSL,Electronic Check,Yes,1,1
CUST-05016,34,Month-to-Month,40.98,1292.39,Yes,DSL,Mailed Check,No,1,0
CUST-05017,53,Month-to-Month,86.25,4146.56,Yes,No,Mailed Check,No,0,0
CUST-05018,7,One Year,98.95,641.82,No,No,Credit Card,Yes,2,0
CUST-05019,6,Month-to-Month,15.0,86.57,No,DSL,Mailed Check,No,1,0
CUST-05020,12,Two Year,80.26,960.63,No,DSL,Electronic Check,No,2,0
CUST-05021,43,Two Year,85.09,3321.96,No,DSL,Mailed Check,Yes,0,0
CUST-05022,18,Two Year,63.32,1070.05,No,No,Credit Card,Yes,1,0
CUST-05023,32,One Year,53.84,1665.55,No,Fiber Optic,Mailed Check,No,0,0
CUST-05024,10,One Year,55.23,528.8,Yes,Fiber Optic,Credit Card,Yes,0,0
CUST-05025,19,One Year,61.79,1133.12,Yes,Fiber Optic,Mailed Check,No,1,0
CUST-05026,2,Month-to-Month,62.45,118.2,Yes,No,Bank Transfer,No,0,0
CUST-05027,59,Month-to-Month,57.73,3156.42,Yes,DSL,Mailed Check,Yes,0,0
CUST-05028,34,One Year,61.39,1979.3,No,DSL,Credit Card,No,3,0
CUST-05029,13,Month-to-Month,99.77,1216.79,No,Fiber Optic,Bank Transfer,No,0,0
CUST-05030,38,Month-to-Month,39.64,1462.53,No,No,Mailed Check,Yes,0,0
CUST-05031,68,Two Year,26.27,1638.38,Yes,Fiber Optic,Bank Transfer,No,1,0
CUST-05032,60,Month-to-Month,100.17,5707.37,No,No,Electronic Check,No,2,0
CUST-05033,64,Month-to-Month,65.2,4155.72,Yes,No,Electronic Check,Yes,1,0
CUST-05034,30,One Year,60.29,1724.02,No,DSL,Electronic Check,Yes,1,0
CUST-05035,26,Month-to-Month,67.22,1614.41,Yes,Fiber Optic,Bank Transfer,Yes,0,1
CUST-05036,23,Two Year,75.23,1719.19,No,No,Credit Card,Yes,0,0
CUST-05037,22,Month-to-Month,56.9,1157.18,No,DSL,Bank Transfer,Yes,3,1
CUST-05038,67,Two Year,82.65,5399.76,Yes,Fiber Optic,Mailed Check,No,1,0
CUST-05039,10,One Year,45.94,418.49,No,DSL,Electronic Check,Yes,1,0
CUST-05040,62,Month-to-Month,62.45,3814.63,Yes,No,Credit Card,Yes,2,0
CUST-05041,66,Month-to-Month,15.0,908.88,Yes,DSL,Electronic Check,Yes,1,0
CUST-05042,61,Month-to-Month,99.31,5690.91,No,Fiber Optic,Electronic Check,No,1,0
CUST-05043,46,Month-to-Month,65.6,3007.23,Yes,Fiber Optic,Credit Card,No,3,0
CUST-05044,62,Month-to-Month,86.75,5152.28,Yes,Fiber Optic,Credit Card,No,4,0
CUST-05045,3,Two Year,81.91,227.64,No,DSL,Electronic Check,No,2,0
CUST-05046,59,Month-to-Month,83.75,4447.43,Yes,DSL,Mailed Check,Yes,3,0
CUST-05047,37,Two Year,69.81,2326.43,Yes,No,Credit Card,No,2,0
CUST-05048,70,Month-to-Month,79.71,5174.94,No,No,Electronic Check,No,5,0
CUST-05049,7,Two Year,45.97,306.56,No,Fiber Optic,Credit Card,No,0,0
CUST-05050,67,Month-to-Month,40.72,2587.71,No,DSL,Electronic Check,No,1,0
CUST-05051,42,Month-to-Month,67.47,2811.6,No,Fiber Optic,Mailed Check,Yes,1,0
CUST-05052,8,One Year,53.01,414.08,No,Fiber Optic,Electronic Check,Yes,4,0
CUST-05053,37,Month-to-Month,105.64,3879.26,Yes,Fiber Optic,Electronic Check,Yes,2,1
CUST-05054,3,Two Year,79.38,226.51,No,DSL,Electronic Check,Yes,1,0
CUST-05055,6,Month-to-Month,52.09,295.25,No,DSL,Electronic Check,Yes,1,1
CUST-05056,39,Month-to-Month,63.21,2358.22,Yes,DSL,Credit Card,No,0,1
CUST-05057,59,Month-to-Month,73.33,4054.83,No,Fiber Optic,Mailed Check,Yes,1,1
CUST-05058,8,One Year,68.3,503.28,No,DSL,Electronic Check,Yes,1,0
CUST-05059,19,Month-to-Month,76.79,1435.18,No,Fiber Optic,Mailed Check,No,1,0
CUST-05060,29,Month-to-Month,71.72,2013.43,Yes,Fiber Optic,Electronic Check,Yes,3,0
CUST-05061,39,Month-to-Month,35.23,1281.32,No,Fiber Optic,Bank Transfer,Yes,1,0
CUST-05062,1,Month-to-Month,16.23,15.33,No,Fiber Optic,Mailed Check,No,2,0
CUST-05063,47,Month-to-Month,60.66,2630.19,Yes,Fiber Optic,Mailed Check,Yes,0,0
CUST-05064,36,Two Year,84.01,2892.15,No,DSL,Bank Transfer,Yes,0,0
CUST-05065,70,Month-to-Month,60.94,3992.09,Yes,DSL,Mailed Check,Yes,1,0
CUST-05066,22,One Year,100.91,2192.4,Yes,Fiber Optic,Credit Card,Yes,1,1
CUST-05067,36,Month-to-Month,68.83,2361.01,No,Fiber Optic,Bank Transfer,Yes,3,0
CUST-05068,6,Month-to-Month,103.93,586.9,No,Fiber Optic,Electronic Check,Yes,2,1
CUST-05069,67,Month-to-Month,98.8,6453.86,Yes,Fiber Optic,Electronic Check,No,1,0
CUST-05070,61,Month-to-Month,96.28,5817.35,Yes,DSL,Electronic Check,Yes,1,0
CUST-05071,26,Month-to-Month,39.91,1018.71,No,DSL,Credit Card,Yes,4,1
CUST-05072,34,Month-to-Month,70.43,2273.67,Yes,Fiber Optic,Credit Card,Yes,1,0
CUST-05073,62,Month-to-Month,100.57,5834.06,No,Fiber Optic,Credit Card,No,0,0
CUST-05074,22,Two Year,76.81,1632.73,No,Fiber Optic,Bank Transfer,Yes,3,0
CUST-05075,17,Month-to-Month,83.86,1399.51,Yes,DSL,Credit Card,No,0,0
CUST-05076,18,Month-to-Month,35.3,634.04,No,No,Mailed Check,No,1,0
CUST-05077,51,Month-to-Month,117.97,5689.93,Yes,Fiber Optic,Bank Transfer,Yes,1,0
CUST-05078,16,Month-to-Month,50.22,776.86,Yes,Fiber Optic,Mailed Check,No,1,0
CUST-05079,7,One Year,20.14,131.01,No,Fiber Optic,Credit Card,Yes,0,1
CUST-05080,12,Month-to-Month,61.22,667.6,Yes,Fiber Optic,Credit Card,No,2,0
CUST-05081,71,One Year,15.0,985.45,Yes,Fiber Optic,Bank Transfer,No,2,0
CUST-05082,63,Month-to-Month,42.87,2434.64,No,DSL,Credit Card,Yes,2,0
CUST-05083,69,Month-to-Month,133.96,8789.79,Yes,DSL,Credit Card,Yes,0,0
CUST-05084,20,Two Year,60.5,1134.15,No,DSL,Electronic Check,Yes,0,0
CUST-05085,32,Month-to-Month,34.31,1062.6,No,No,Mailed Check,Yes,1,0
CUST-05086,36,One Year,70.63,2444.87,Yes,No,Bank Transfer,Yes,3,0
CUST-05087,38,Month-to-Month,47.55,1656.54,Yes,Fiber Optic,Bank Transfer,No,0,0
CUST-05088,2,Two Year,91.61,177.24,Yes,Fiber Optic,Mailed Check,Yes,0,0
CUST-05089,44,Month-to-Month,47.76,1930.68,No,DSL,Mailed Check,Yes,1,0
CUST-05090,3,Month-to-Month,76.77,207.42,Yes,No,Electronic Check,Yes,1,1
CUST-05091,20,One Year,41.32,823.94,No,DSL,Credit Card,No,1,0
CUST-05092,22,Month-to-Month,134.98,2680.62,Yes,DSL,Bank Transfer,Yes,1,0
CUST-05093,49,Month-to-Month,82.59,3780.52,No,No,Bank Transfer,Yes,7,0
CUST-05094,65,Two Year,66.36,4157.04,No,DSL,Electronic Check,No,1,0
CUST-05095,51,One Year,62.68,2995.41,No,No,Electronic Check,Yes,2,0
CUST-05096,32,One Year,56.16,1685.92,No,Fiber Optic,Mailed Check,Yes,1,0
CUST-05097,38,One Year,50.98,1883.53,Yes,No,Electronic Check,No,3,0
CUST-05098,37,Two Year,50.29,1786.7,Yes,Fiber Optic,Electronic Check,No,0,0
CUST-05099,11,Two Year,111.96,1172.25,Yes,Fiber Optic,Electronic Check,Yes,2,0
CUST-05100,69,One Year,56.18,3832.35,Yes,Fiber Optic,Electronic Check,Yes,1,1
CUST-05101,67,Month-to-Month,16.76,1022.77,No,No,Electronic Check,Yes,0,0
CUST-05102,18,Month-to-Month,40.85,696.31,No,Fiber Optic,Bank Transfer,No,1,1
CUST-05103,9,One Year,93.19,774.89,No,No,Bank Transfer,Yes,2,1
CUST-05104,12,Two Year,63.69,690.67,No,No,Mailed Check,No,0,0
CUST-05105,46,Month-to-Month,66.65,3059.47,No,Fiber Optic,Credit Card,Yes,1,0
CUST-05106,3,Month-to-Month,99.25,289.83,Yes,No,Mailed Check,Yes,1,0
CUST-05107,8,Month-to-Month,50.57,372.85,Yes,DSL,Credit Card,Yes,0,1
CUST-05108,47,Month-to-Month,85.81,3792.07,No,No,Electronic Check,Yes,0,0
CUST-05109,11,Two Year,53.3,540.92,Yes,No,Electronic Check,No,0,0
CUST-05110,5,Month-to-Month,84.4,408.7,Yes,DSL,Electronic Check,Yes,0,0
CUST-05111,2,One Year,60.22,112.62,No,Fiber Optic,Credit Card,No,3,0
CUST-05112,51,One Year,63.96,3235.82,No,Fiber Optic,Credit Card,Yes,0,0
CUST-05113,27,Two Year,90.5,2249.87,Yes,No,Mailed Check,Yes,1,0
CUST-05114,21,Month-to-Month,88.7,1741.59,Yes,DSL,Credit Card,Yes,3,0
CUST-05115,47,Two Year,65.86,3074.31,Yes,Fiber Optic,Electronic Check,Yes,0,0
CUST-05116,13,One Year,58.21,748.0,Yes,Fiber Optic,Bank Transfer,No,0,0
CUST-05117,38,One Year,109.98,3883.84,Yes,Fiber Optic,Electronic Check,Yes,1,0
CUST-05118,35,Month-to-Month,84.73,2812.25,No,No,Bank Transfer,Yes,1,1
CUST-05119,49,Month-to-Month,60.22,2916.46,No,Fiber Optic,Electronic Check,Yes,0,0
CUST-05120,45,One Year,53.67,2335.6,Yes,Fiber Optic,Bank Transfer,Yes,4,0
CUST-05121,49,Month-to-Month,95.62,4515.43,No,No,Mailed Check,Yes,2,0
CUST-05122,16,Month-to-Month,72.89,1126.65,No,DSL,Bank Transfer,No,2,1
CUST-05123,11,One Year,65.91,719.28,Yes,DSL,Electronic Check,No,3,1
CUST-05124,39,One Year,72.87,2704.71,No,DSL,Mailed Check,No,2,0
CUST-05125,5,Month-to-Month,78.44,360.11,No,No,Electronic Check,Yes,1,0
CUST-05126,33,Month-to-Month,68.58,2143.81,No,No,Electronic Check,Yes,0,1
CUST-05127,46,Month-to-Month,100.09,4479.32,Yes,Fiber Optic,Mailed Check,No,1,0
CUST-05128,60,Two Year,101.48,5779.57,No,DSL,Electronic Check,Yes,2,0
CUST-05129,48,Two Year,83.3,3723.81,Yes,Fiber Optic,Mailed Check,No,0,0
CUST-05130,72,Month-to-Month,104.37,7263.9,Yes,Fiber Optic,Electronic Check,No,1,0
CUST-05131,41,Month-to-Month,70.21,2720.35,No,Fiber Optic,Mailed Check,No,3,1
CUST-05132,33,Month-to-Month,87.26,2868.87,No,DSL,Mailed Check,Yes,2,0
CUST-05133,18,Month-to-Month,95.11,1601.07,No,DSL,Electronic Check,No,4,0
CUST-05134,49,Two Year,95.48,4546.35,Yes,No,Electronic Check,Yes,3,0
CUST-05135,59,Month-to-Month,92.9,5237.23,Yes,Fiber Optic,Bank Transfer,Yes,4,0
CUST-05136,24,Month-to-Month,85.78,1868.82,No,DSL,Credit Card,No,1,0
CUST-05137,6,Month-to-Month,118.93,675.74,No,No,Electronic Check,Yes,1,1
CUST-05138,1,Month-to-Month,56.51,51.02,No,Fiber Optic,Electronic Check,Yes,0,1
CUST-05139,46,Two Year,66.12,2977.6,Yes,Fiber Optic,Credit Card,Yes,1,0
CUST-05140,48,One Year,64.64,3020.35,No,DSL,Electronic Check,Yes,0,0
CUST-05141,9,One Year,60.8,495.24,Yes,No,Electronic Check,Yes,0,0
CUST-05142,2,Month-to-Month,20.28,38.53,Yes,DSL,Electronic Check,Yes,0,1
CUST-05143,48,Two Year,104.37,4990.49,No,No,Credit Card,Yes,1,0
CUST-05144,29,Month-to-Month,44.35,1194.14,Yes,Fiber Optic,Mailed Check,Yes,0,0
CUST-05145,31,Two Year,74.25,2279.72,No,DSL,Electronic Check,Yes,1,0
CUST-05146,19,Two Year,34.45,598.98,No,DSL,Mailed Check,No,0,0
CUST-05147,52,Month-to-Month,85.52,4005.27,No,No,Electronic Check,Yes,0,0
CUST-05148,54,Two Year,50.37,2592.28,Yes,DSL,Electronic Check,Yes,0,0
CUST-05149,4,Month-to-Month,41.6,153.74,Yes,DSL,Credit Card,No,2,0
CUST-05150,7,One Year,74.86,517.69,No,Fiber Optic,Mailed Check,No,1,0
CUST-05151,40,Month-to-Month,52.48,2030.75,No,DSL,Bank Transfer,Yes,2,0
CUST-05152,44,Month-to-Month,55.65,2371.93,No,Fiber Optic,Credit Card,Yes,1,0
CUST-05153,11,Month-to-Month,74.29,790.49,Yes,Fiber Optic,Electronic Check,Yes,0,1
CUST-05154,12,Month-to-Month,90.0,1045.33,No,DSL,Electronic Check,Yes,1,1
CUST-05155,50,Month-to-Month,49.54,2414.36,Yes,Fiber Optic,Electronic Check,Yes,3,0
CUST-05156,33,Month-to-Month,45.22,1443.0,Yes,DSL,Bank Transfer,Yes,0,0
CUST-05157,9,One Year,70.59,624.78,Yes,No,Mailed Check,No,3,0
CUST-05158,44,Month-to-Month,83.48,3510.81,Yes,DSL,Mailed Check,Yes,0,0
CUST-05159,6,Month-to-Month,106.57,597.9,Yes,Fiber Optic,Electronic Check,Yes,1,0
CUST-05160,17,Two Year,43.22,695.57,Yes,Fiber Optic,Electronic Check,Yes,1,0
CUST-05161,52,Two Year,62.05,3045.99,Yes,Fiber Optic,Mailed Check,Yes,0,0
CUST-05162,17,Month-to-Month,99.39,1576.85,No,DSL,Electronic Check,Yes,1,1
CUST-05163,5,Month-to-Month,119.33,561.77,Yes,DSL,Credit Card,Yes,0,1
CUST-05164,70,One Year,45.17,2967.44,No,Fiber Optic,Credit Card,Yes,0,0
CUST-05165,17,One Year,51.53,798.14,No,Fiber Optic,Credit Card,No,1,1
CUST-05166,38,Month-to-Month,79.53,2970.93,No,Fiber Optic,Mailed Check,No,2,1
CUST-05167,60,One Year,55.56,3252.42,No,DSL,Electronic Check,No,0,0
CUST-05168,72,Month-to-Month,51.02,3430.09,Yes,Fiber Optic,Mailed Check,Yes,1,0
CUST-05169,59,Month-to-Month,76.11,4465.85,Yes,DSL,Electronic Check,Yes,3,0
CUST-05170,25,One Year,108.74,2704.73,No,Fiber Optic,Credit Card,No,0,0
CUST-05171,62,One Year,37.26,2277.02,No,Fiber Optic,Bank Transfer,Yes,0,0
CUST-05172,1,Two Year,107.46,97.03,No,DSL,Electronic Check,No,1,0
CUST-05173,24,Month-to-Month,55.63,1251.17,No,No,Bank Transfer,Yes,2,1
CUST-05174,15,Month-to-Month,78.64,1115.59,No,Fiber Optic,Electronic Check,Yes,3,1
CUST-05175,39,Month-to-Month,109.77,4160.61,Yes,DSL,Bank Transfer,Yes,1,0
CUST-05176,65,Month-to-Month,78.13,4892.99,Yes,DSL,Mailed Check,Yes,2,0
CUST-05177,56,Month-to-Month,62.56,3390.68,No,Fiber Optic,Credit Card,No,3,0
CUST-05178,72,Month-to-Month,87.95,6184.99,No,No,Credit Card,No,1,0
CUST-05179,10,Month-to-Month,65.67,653.31,No,DSL,Electronic Check,No,1,1
CUST-05180,55,One Year,83.03,4361.84,No,DSL,Bank Transfer,No,0,0
CUST-05181,53,Month-to-Month,64.88,3405.64,No,Fiber Optic,Electronic Check,No,1,1
CUST-05182,33,Month-to-Month,91.53,2964.56,Yes,Fiber Optic,Credit Card,No,1,1
CUST-05183,8,One Year,35.14,262.51,No,DSL,Mailed Check,No,1,0
CUST-05184,8,Month-to-Month,44.66,350.62,No,Fiber Optic,Credit Card,No,2,1
CUST-05185,66,Two Year,34.78,2092.87,No,Fiber Optic,Credit Card,Yes,0,0
CUST-05186,22,Month-to-Month,68.59,1382.04,No,DSL,Electronic Check,No,3,1
CUST-05187,46,Month-to-Month,31.76,1459.85,No,Fiber Optic,Electronic Check,Yes,3,0
CUST-05188,69,Two Year,52.7,3428.55,Yes,DSL,Bank Transfer,Yes,4,0
CUST-05189,36,One Year,42.31,1441.0,No,DSL,Electronic Check,Yes,0,1
CUST-05190,16,One Year,106.99,1703.46,Yes,No,Electronic Check,No,0,1
CUST-05191,35,One Year,45.23,1482.03,Yes,DSL,Mailed Check,No,1,0
CUST-05192,17,Month-to-Month,37.84,594.2,Yes,DSL,Mailed Check,Yes,2,0
CUST-05193,14,One Year,76.21,968.55,Yes,No,Mailed Check,Yes,2,0
CUST-05194,59,Two Year,112.17,6302.1,No,No,Electronic Check,No,0,1
CUST-05195,25,Two Year,67.1,1543.25,Yes,No,Electronic Check,No,2,0
CUST-05196,50,Month-to-Month,69.03,3128.72,Yes,DSL,Electronic Check,Yes,1,0
CUST-05197,53,Month-to-Month,102.27,5318.99,No,Fiber Optic,Bank Transfer,No,2,1
CUST-05198,40,One Year,91.96,3431.43,No,Fiber Optic,Mailed Check,No,0,0
CUST-05199,39,Month-to-Month,80.64,3012.68,No,Fiber Optic,Mailed Check,Yes,1,1
CUST-05200,13,Month-to-Month,55.44,656.19,No,DSL,Credit Card,Yes,1,1
CUST-05201,39,Month-to-Month,81.4,3017.64,No,Fiber Optic,Credit Card,Yes,2,1
CUST-05202,55,Month-to-Month,35.98,1906.04,No,DSL,Electronic Check,No,5,0
CUST-05203,15,Month-to-Month,54.41,771.25,Yes,Fiber Optic,Credit Card,No,1,0
CUST-05204,17,Month-to-Month,105.79,1679.28,Yes,DSL,Electronic Check,No,0,1
CUST-05205,50,Month-to-Month,102.55,4774.19,No,Fiber Optic,Bank Transfer,No,1,0
CUST-05206,71,Month-to-Month,80.94,5234.93,No,Fiber Optic,Electronic Check,Yes,1,0
CUST-05207,29,Two Year,21.77,575.5,No,No,Electronic Check,Yes,0,0
CUST-05208,60,Month-to-Month,39.79,2267.0,No,No,Credit Card,Yes,0,0
CUST-05209,14,Month-to-Month,53.01,678.23,No,Fiber Optic,Bank Transfer,Yes,5,1
CUST-05210,42,Month-to-Month,65.71,2545.51,No,DSL,Electronic Check,No,2,0
CUST-05211,68,Month-to-Month,38.74,2414.31,Yes,No,Credit Card,No,0,0
CUST-05212,32,Two Year,63.84,2002.53,Yes,DSL,Electronic Check,Yes,0,0
CUST-05213,37,Two Year,114.18,3992.18,No,DSL,Electronic Check,Yes,1,0
CUST-05214,12,Month-to-Month,80.02,917.28,Yes,Fiber Optic,Mailed Check,Yes,0,0
CUST-05215,39,Month-to-Month,75.47,2820.58,No,Fiber Optic,Bank Transfer,Yes,1,0
CUST-05216,43,Month-to-Month,44.56,1800.42,Yes,DSL,Bank Transfer,Yes,1,0
CUST-05217,71,Month-to-Month,29.03,1916.53,Yes,DSL,Mailed Check,Yes,1,0
CUST-05218,15,Month-to-Month,39.3,553.1,No,DSL,Mailed Check,Yes,1,0
CUST-05219,27,Month-to-Month,28.02,721.35,Yes,Fiber Optic,Mailed Check,Yes,3,0
CUST-05220,47,Month-to-Month,71.88,3161.66,No,Fiber Optic,Mailed Check,No,2,0
CUST-05221,68,One Year,79.6,4945.47,Yes,Fiber Optic,Electronic Check,Yes,0,0
CUST-05222,18,Month-to-Month,45.87,818.53,Yes,Fiber Optic,Electronic Check,Yes,2,0
CUST-05223,51,Month-to-Month,73.7,3658.12,No,No,Bank Transfer,No,0,0
CUST-05224,64,Month-to-Month,106.72,6192.33,Yes,Fiber Optic,Credit Card,Yes,2,1
CUST-05225,46,Month-to-Month,118.94,5419.65,No,Fiber Optic,Mailed Check,Yes,3,0
CUST-05226,31,Month-to-Month,89.26,2537.52,Yes,Fiber Optic,Electronic Check,No,2,1
CUST-05227,17,Month-to-Month,65.63,1015.04,No,Fiber Optic,Bank Transfer,No,0,1
CUST-05228,21,Month-to-Month,88.45,1703.88,Yes,Fiber Optic,Electronic Check,Yes,0,0
CUST-05229,4,Month-to-Month,103.8,412.42,Yes,DSL,Bank Transfer,No,0,1
CUST-05230,11,Two Year,19.82,201.04,No,No,Mailed Check,Yes,1,0
CUST-05231,32,Two Year,107.05,3352.63,No,Fiber Optic,Mailed Check,No,2,0
CUST-05232,11,Month-to-Month,56.39,598.15,No,No,Electronic Check,Yes,1,1
CUST-05233,1,Month-to-Month,56.63,53.9,No,Fiber Optic,Credit Card,No,1,1
CUST-05234,50,One Year,61.13,2862.59,No,Fiber Optic,Electronic Check,Yes,2,0
CUST-05235,6,One Year,78.0,425.55,Yes,DSL,Electronic Check,Yes,0,0
CUST-05236,11,Month-to-Month,42.22,450.98,No,Fiber Optic,Mailed Check,Yes,2,0
CUST-05237,43,Month-to-Month,62.88,2540.2,No,Fiber Optic,Credit Card,Yes,4,0
CUST-05238,67,Month-to-Month,83.13,5310.71,No,No,Bank Transfer,Yes,2,0
CUST-05239,53,One Year,75.46,3620.14,No,No,Mailed Check,Yes,2,0
CUST-05240,3,Month-to-Month,79.52,233.21,Yes,Fiber Optic,Mailed Check,Yes,0,1
CUST-05241,13,Month-to-Month,61.9,779.94,No,No,Mailed Check,Yes,2,1
CUST-05242,54,Month-to-Month,87.34,4494.36,No,No,Electronic Check,Yes,1,0
CUST-05243,53,Month-to-Month,96.41,4852.36,Yes,No,Electronic Check,No,0,0
CUST-05244,29,Month-to-Month,94.91,2569.92,No,Fiber Optic,Mailed Check,No,1,1
CUST-05245,69,One Year,80.69,5201.49,No,DSL,Bank Transfer,Yes,0,0
CUST-05246,64,Month-to-Month,93.47,5424.83,No,No,Bank Transfer,No,2,1
CUST-05247,54,Month-to-Month,91.78,4800.85,No,Fiber Optic,Credit Card,No,0,1
CUST-05248,54,Month-to-Month,136.91,6687.08,Yes,Fiber Optic,Mailed Check,Yes,0,0
CUST-05249,57,Two Year,100.45,5153.9,Yes,Fiber Optic,Bank Transfer,Yes,1,0
CUST-05250,11,Month-to-Month,67.78,673.33,Yes,DSL,Credit Card,Yes,0,1
CUST-05251,51,Month-to-Month,47.21,2215.92,No,DSL,Electronic Check,Yes,2,1
CUST-05252,68,Month-to-Month,63.47,4130.46,Yes,DSL,Mailed Check,Yes,2,0
CUST-05253,17,Two Year,61.71,1015.62,No,Fiber Optic,Bank Transfer,Yes,0,0
CUST-05254,2,One Year,82.79,155.99,No,Fiber Optic,Bank Transfer,No,0,0
CUST-05255,26,Two Year,52.49,1284.03,No,Fiber Optic,Credit Card,Yes,3,0
CUST-05256,20,One Year,99.8,1911.53,Yes,DSL,Bank Transfer,Yes,1,1
CUST-05257,69,Month-to-Month,35.26,2334.85,Yes,DSL,Credit Card,Yes,1,0
CUST-05258,33,Month-to-Month,29.19,948.34,No,Fiber Optic,Electronic Check,Yes,1,0
CUST-05259,48,Month-to-Month,66.62,3139.91,No,DSL,Credit Card,Yes,2,1
CUST-05260,71,One Year,48.94,3413.42,Yes,No,Electronic Check,Yes,1,0
CUST-05261,57,One Year,38.54,2162.55,Yes,Fiber Optic,Electronic Check,Yes,2,0
CUST-05262,54,Month-to-Month,54.07,2884.69,No,Fiber Optic,Electronic Check,Yes,1,0
CUST-05263,70,Two Year,50.96,3408.57,No,Fiber Optic,Bank Transfer,Yes,1,1
CUST-05264,50,Month-to-Month,70.25,3370.3,No,Fiber Optic,Electronic Check,Yes,2,1
CUST-05265,17,Month-to-Month,54.49,901.06,Yes,DSL,Electronic Check,No,1,1
CUST-05266,53,Month-to-Month,56.52,2755.62,No,Fiber Optic,Bank Transfer,No,1,1
CUST-05267,24,Two Year,69.88,1569.86,Yes,DSL,Mailed Check,Yes,0,0
CUST-05268,24,Two Year,95.36,2268.65,No,Fiber Optic,Mailed Check,No,0,0
CUST-05269,47,Month-to-Month,106.77,4778.7,Yes,Fiber Optic,Mailed Check,No,0,0
CUST-05270,23,Two Year,73.69,1534.16,Yes,Fiber Optic,Credit Card,Yes,4,1
CUST-05271,2,Two Year,75.64,142.29,Yes,Fiber Optic,Bank Transfer,No,2,0
CUST-05272,72,Two Year,65.42,4314.95,Yes,No,Mailed Check,No,2,0
CUST-05273,42,Two Year,82.03,3223.48,Yes,Fiber Optic,Credit Card,Yes,1,0
CUST-05274,49,Month-to-Month,79.76,3730.41,No,DSL,Credit Card,Yes,1,0
CUST-05275,59,One Year,103.15,5784.68,No,Fiber Optic,Mailed Check,No,1,0
CUST-05276,46,One Year,22.78,994.49,No,Fiber Optic,Electronic Check,Yes,1,0
CUST-05277,44,One Year,64.14,2545.12,Yes,Fiber Optic,Electronic Check,Yes,0,0
CUST-05278,58,Month-to-Month,78.48,4299.26,Yes,Fiber Optic,Bank Transfer,Yes,2,1
CUST-05279,22,One Year,69.34,1377.35,No,Fiber Optic,Credit Card,Yes,1,0
CUST-05280,60,Two Year,46.52,2625.08,No,Fiber Optic,Electronic Check,Yes,1,0
CUST-05281,53,Month-to-Month,37.52,1918.36,Yes,Fiber Optic,Mailed Check,Yes,1,0
CUST-05282,14,Two Year,90.16,1151.91,No,No,Electronic Check,No,0,0
CUST-05283,11,Month-to-Month,51.08,557.2,Yes,Fiber Optic,Mailed Check,Yes,0,0
CUST-05284,64,Month-to-Month,26.13,1610.53,Yes,Fiber Optic,Credit Card,No,1,0
CUST-05285,65,Month-to-Month,91.41,5476.77,Yes,DSL,Credit Card,No,1,1
CUST-05286,72,One Year,81.47,5510.42,No,DSL,Credit Card,Yes,0,0
CUST-05287,8,One Year,67.1,488.32,Yes,DSL,Mailed Check,No,2,0
CUST-05288,65,Month-to-Month,47.14,2764.45,Yes,DSL,Bank Transfer,Yes,0,0
CUST-05289,63,One Year,67.16,4195.48,No,DSL,Credit Card,Yes,2,0
CUST-05290,56,Month-to-Month,100.39,5439.23,Yes,Fiber Optic,Bank Transfer,Yes,1,0
CUST-05291,36,Month-to-Month,29.63,1043.18,Yes,DSL,Credit Card,Yes,2,1
CUST-05292,37,Two Year,30.9,1100.1,No,DSL,Electronic Check,No,1,1
CUST-05293,31,One Year,54.31,1667.91,No,Fiber Optic,Electronic Check,Yes,3,1
CUST-05294,3,One Year,69.33,205.83,Yes,Fiber Optic,Electronic Check,Yes,1,0
CUST-05295,37,One Year,57.59,1930.14,Yes,DSL,Credit Card,No,0,0
CUST-05296,18,Two Year,86.07,1423.69,Yes,No,Electronic Check,No,1,0
CUST-05297,15,Month-to-Month,97.22,1370.19,No,No,Credit Card,No,1,1
CUST-05298,5,Month-to-Month,76.97,359.49,No,No,Mailed Check,Yes,0,1
CUST-05299,33,Month-to-Month,84.01,2640.8,Yes,Fiber Optic,Bank Transfer,Yes,0,0
CUST-05300,4,One Year,76.8,284.67,No,No,Bank Transfer,Yes,2,0
CUST-05301,62,One Year,70.24,4266.68,No,Fiber Optic,Mailed Check,Yes,3,0
CUST-05302,65,One Year,37.66,2204.94,Yes,Fiber Optic,Electronic Check,No,0,0
CUST-05303,58,Month-to-Month,44.3,2515.83,No,DSL,Bank Transfer,No,1,0
CUST-05304,22,Month-to-Month,36.23,748.71,No,DSL,Credit Card,No,0,1
CUST-05305,12,One Year,66.29,716.34,No,No,Electronic Check,Yes,0,0
CUST-05306,37,Two Year,75.81,2762.07,No,Fiber Optic,Electronic Check,Yes,0,0
CUST-05307,49,Month-to-Month,33.77,1563.18,No,DSL,Credit Card,Yes,1,0
CUST-05308,2,Month-to-Month,71.81,139.67,Yes,DSL,Electronic Check,Yes,0,0
CUST-05309,62,Month-to-Month,48.12,2947.18,Yes,Fiber Optic,Electronic Check,No,2,0
CUST-05310,32,Month-to-Month,43.27,1250.93,Yes,No,Credit Card,No,1,1
CUST-05311,60,Month-to-Month,54.37,3021.5,No,No,Bank Transfer,No,1,0
CUST-05312,6,Month-to-Month,41.99,229.74,Yes,DSL,Electronic Check,No,1,0
CUST-05313,31,One Year,85.17,2402.12,Yes,DSL,Credit Card,Yes,0,0
CUST-05314,33,Month-to-Month,65.8,2159.6,Yes,DSL,Bank Transfer,Yes,2,1
CUST-05315,4,Month-to-Month,90.38,354.49,Yes,Fiber Optic,Electronic Check,No,0,1
CUST-05316,51,Month-to-Month,58.91,2813.55,No,Fiber Optic,Mailed Check,Yes,3,0
CUST-05317,68,Two Year,59.86,3943.19,Yes,Fiber Optic,Credit Card,Yes,3,0
CUST-05318,39,Month-to-Month,116.83,4519.67,No,Fiber Optic,Bank Transfer,Yes,0,0
CUST-05319,29,Month-to-Month,29.42,786.7,No,DSL,Bank Transfer,No,1,1
CUST-05320,46,Month-to-Month,102.11,4234.0,No,DSL,Mailed Check,No,1,0
CUST-05321,26,One Year,111.36,2844.43,No,DSL,Electronic Check,Yes,0,0
CUST-05322,26,Two Year,89.15,2253.62,Yes,Fiber Optic,Bank Transfer,No,1,0
CUST-05323,55,Month-to-Month,61.74,3110.55,No,Fiber Optic,Electronic Check,Yes,3,0
CUST-05324,43,Month-to-Month,105.67,4311.91,No,No,Credit Card,Yes,1,1
CUST-05325,20,Month-to-Month,61.96,1135.16,Yes,DSL,Electronic Check,Yes,2,0
CUST-05326,30,One Year,52.36,1508.38,Yes,No,Electronic Check,Yes,3,0
CUST-05327,61,Two Year,60.29,3548.08,No,DSL,Electronic Check,No,4,0
CUST-05328,39,Month-to-Month,55.75,2016.98,No,DSL,Credit Card,Yes,3,0
CUST-05329,6,Month-to-Month,46.33,271.89,No,DSL,Mailed Check,Yes,1,1
CUST-05330,62,One Year,97.75,5741.47,Yes,DSL,Mailed Check,No,0,0
CUST-05331,54,One Year,50.66,2655.31,Yes,DSL,Mailed Check,Yes,1,0
CUST-05332,20,Month-to-Month,69.26,1335.31,No,DSL,Bank Transfer,Yes,1,1
CUST-05333,70,Month-to-Month,33.91,2243.33,Yes,Fiber Optic,Credit Card,Yes,3,0
CUST-05334,69,Month-to-Month,70.77,4537.75,No,Fiber Optic,Electronic Check,Yes,0,0
CUST-05335,72,One Year,41.1,2723.74,No,Fiber Optic,Electronic Check,Yes,0,0
CUST-05336,28,One Year,40.49,1104.92,No,No,Credit Card,No,2,0
CUST-05337,67,One Year,67.27,4345.71,Yes,Fiber Optic,Mailed Check,Yes,3,0
CUST-05338,59,Two Year,96.42,5279.72,No,No,Bank Transfer,Yes,2,0
CUST-05339,63,Month-to-Month,81.01,5086.84,No,DSL,Electronic Check,Yes,0,0
CUST-05340,40,Month-to-Month,82.73,3246.44,No,No,Credit Card,No,2,0
CUST-05341,21,Month-to-Month,66.75,1279.35,No,Fiber Optic,Credit Card,No,1,0
CUST-05342,17,Two Year,61.61,959.66,No,Fiber Optic,Mailed Check,No,0,0
CUST-05343,70,One Year,89.78,5998.05,Yes,Fiber Optic,Electronic Check,No,2,0
CUST-05344,37,Month-to-Month,55.92,1883.32,No,DSL,Electronic Check,Yes,2,0
CUST-05345,67,Month-to-Month,90.86,6065.91,Yes,DSL,Electronic Check,Yes,1,0
CUST-05346,40,One Year,100.9,3889.91,No,Fiber Optic,Mailed Check,Yes,2,0
CUST-05347,39,One Year,48.97,1731.49,Yes,Fiber Optic,Mailed Check,Yes,0,0
CUST-05348,6,One Year,52.64,298.26,No,No,Bank Transfer,Yes,3,0
CUST-05349,29,Month-to-Month,56.36,1507.28,No,DSL,Electronic Check,No,0,1
CUST-05350,41,Two Year,33.33,1296.9,No,DSL,Electronic Check,Yes,0,0
CUST-05351,8,One Year,58.26,430.99,Yes,Fiber Optic,Credit Card,No,0,0
CUST-05352,12,One Year,102.54,1209.78,Yes,Fiber Optic,Electronic Check,Yes,1,1
CUST-05353,43,One Year,43.86,1833.38,Yes,DSL,Credit Card,No,1,0
CUST-05354,18,Two Year,103.13,1839.0,No,Fiber Optic,Bank Transfer,Yes,0,0
CUST-05355,51,Two Year,59.16,2775.17,Yes,Fiber Optic,Electronic Check,No,1,0
CUST-05356,34,One Year,122.85,3920.18,No,DSL,Bank Transfer,No,0,1
CUST-05357,30,Month-to-Month,52.95,1557.6,Yes,DSL,Credit Card,Yes,1,0
CUST-05358,9,Month-to-Month,66.4,560.18,No,DSL,Credit Card,Yes,1,1
CUST-05359,30,Two Year,47.25,1329.49,No,Fiber Optic,Electronic Check,No,2,0
CUST-05360,40,One Year,52.81,2109.45,No,DSL,Electronic Check,No,1,0
CUST-05361,42,Month-to-Month,103.45,4245.34,No,Fiber Optic,Mailed Check,No,0,1
CUST-05362,20,Month-to-Month,81.86,1614.41,No,No,Electronic Check,Yes,1,0
CUST-05363,3,Two Year,95.72,270.13,No,DSL,Electronic Check,No,1,0
CUST-05364,68,Two Year,37.11,2418.99,Yes,DSL,Credit Card,No,1,0
CUST-05365,69,Two Year,86.37,5632.09,No,DSL,Bank Transfer,Yes,1,0
CUST-05366,66,Month-to-Month,45.71,2851.02,No,No,Credit Card,No,2,0
CUST-05367,21,One Year,36.57,700.98,Yes,Fiber Optic,Mailed Check,Yes,1,0
CUST-05368,44,Two Year,75.97,3289.91,Yes,No,Electronic Check,Yes,3,0
CUST-05369,11,Month-to-Month,75.71,782.05,No,No,Electronic Check,Yes,3,1
CUST-05370,66,Month-to-Month,71.33,4510.91,No,No,Bank Transfer,No,1,0
CUST-05371,1,Two Year,87.94,86.68,No,No,Mailed Check,Yes,0,0
CUST-05372,34,Month-to-Month,91.84,3051.83,Yes,DSL,Mailed Check,Yes,3,0
CUST-05373,62,One Year,106.74,6087.28,No,Fiber Optic,Electronic Check,No,5,0
CUST-05374,53,One Year,40.24,2051.36,Yes,No,Mailed Check,Yes,0,0
CUST-05375,63,One Year,107.55,6433.98,Yes,Fiber Optic,Electronic Check,Yes,0,1
CUST-05376,36,Month-to-Month,117.06,3902.38,No,Fiber Optic,Electronic Check,No,1,1
CUST-05377,7,One Year,60.84,385.03,Yes,No,Credit Card,Yes,3,0
CUST-05378,1,Month-to-Month,28.29,27.24,Yes,Fiber Optic,Bank Transfer,Yes,0,1
CUST-05379,11,Two Year,35.41,380.94,Yes,Fiber Optic,Credit Card,Yes,4,0
CUST-05380,5,Month-to-Month,58.45,290.55,Yes,Fiber Optic,Credit Card,Yes,1,1
CUST-05381,33,One Year,120.35,3715.38,Yes,DSL,Bank Transfer,No,0,0
CUST-05382,4,One Year,70.43,264.79,Yes,DSL,Electronic Check,Yes,2,0
CUST-05383,14,Month-to-Month,54.57,700.04,No,Fiber Optic,Mailed Check,Yes,0,0
CUST-05384,31,Month-to-Month,52.86,1636.14,No,No,Electronic Check,No,1,1
CUST-05385,53,One Year,36.93,1927.85,Yes,No,Credit Card,No,2,0
CUST-05386,49,Month-to-Month,91.86,4482.06,No,DSL,Credit Card,No,1,0
CUST-05387,5,Month-to-Month,67.7,321.42,No,No,Mailed Check,No,2,1
CUST-05388,66,Month-to-Month,122.5,7446.11,Yes,DSL,Mailed Check,No,1,0
CUST-05389,40,Two Year,85.71,3282.07,Yes,Fiber Optic,Electronic Check,Yes,3,0
CUST-05390,26,One Year,90.75,2211.35,Yes,No,Electronic Check,Yes,1,0
CUST-05391,28,Month-to-Month,63.95,1673.83,No,No,Electronic Check,Yes,1,0
CUST-05392,62,Two Year,42.72,2405.59,No,Fiber Optic,Credit Card,Yes,1,0
CUST-05393,34,Month-to-Month,48.16,1485.67,Yes,Fiber Optic,Electronic Check,No,1,0
CUST-05394,18,Month-to-Month,35.77,603.86,Yes,Fiber Optic,Credit Card,No,1,0
CUST-05395,31,Month-to-Month,92.76,2854.34,Yes,Fiber Optic,Mailed Check,Yes,1,1
CUST-05396,5,Month-to-Month,60.38,293.54,No,DSL,Mailed Check,Yes,2,1
CUST-05397,12,Month-to-Month,93.81,1098.77,Yes,DSL,Electronic Check,No,0,1
CUST-05398,23,One Year,73.4,1558.93,No,No,Electronic Check,Yes,3,0
CUST-05399,16,Month-to-Month,62.68,976.26,No,DSL,Mailed Check,No,2,0
CUST-05400,26,One Year,40.76,996.84,No,Fiber Optic,Bank Transfer,No,0,0
CUST-05401,5,Month-to-Month,77.54,351.23,Yes,Fiber Optic,Mailed Check,No,3,0
CUST-05402,44,Month-to-Month,64.53,2667.49,No,DSL,Electronic Check,Yes,1,0
CUST-05403,9,Month-to-Month,92.55,760.59,No,DSL,Electronic Check,No,1,1
CUST-05404,16,One Year,52.11,821.56,No,DSL,Electronic Check,Yes,2,0
CUST-05405,71,One Year,85.4,5966.56,No,DSL,Bank Transfer,No,3,0
CUST-05406,1,Month-to-Month,111.02,103.11,Yes,Fiber Optic,Bank Transfer,Yes,0,0
CUST-05407,21,Month-to-Month,76.81,1550.41,Yes,Fiber Optic,Electronic Check,No,0,1
CUST-05408,37,Month-to-Month,89.63,3105.31,No,Fiber Optic,Credit Card,Yes,1,0
CUST-05409,23,Two Year,84.3,1774.91,No,No,Electronic Check,Yes,2,0
CUST-05410,24,Month-to-Month,117.45,2719.97,No,Fiber Optic,Credit Card,Yes,0,1
CUST-05411,10,One Year,79.29,773.88,No,Fiber Optic,Mailed Check,Yes,1,0
CUST-05412,31,Month-to-Month,87.5,2651.39,No,Fiber Optic,Bank Transfer,No,0,1
CUST-05413,55,Month-to-Month,69.09,3476.66,No,Fiber Optic,Electronic Check,Yes,1,1
CUST-05414,43,One Year,50.64,2071.38,Yes,DSL,Bank Transfer,Yes,0,0
CUST-05415,67,Month-to-Month,39.8,2406.31,Yes,DSL,Bank Transfer,Yes,1,0
CUST-05416,51,Month-to-Month,101.67,4713.41,No,DSL,Electronic Check,Yes,2,1
CUST-05417,57,Two Year,44.79,2318.42,No,Fiber Optic,Electronic Check,No,2,0
CUST-05418,32,Month-to-Month,88.65,2569.34,No,Fiber Optic,Bank Transfer,Yes,3,1
CUST-05419,45,Month-to-Month,80.4,3376.96,No,No,Mailed Check,Yes,1,0
CUST-05420,42,Month-to-Month,92.94,3652.75,No,DSL,Bank Transfer,Yes,0,0
CUST-05421,59,Month-to-Month,57.13,3268.83,Yes,Fiber Optic,Electronic Check,Yes,3,0
CUST-05422,37,One Year,50.23,1733.97,No,DSL,Electronic Check,Yes,0,1
CUST-05423,30,Month-to-Month,79.46,2178.89,No,No,Bank Transfer,No,0,1
CUST-05424,6,Two Year,62.69,374.14,Yes,Fiber Optic,Electronic Check,Yes,1,0
CUST-05425,62,One Year,39.22,2401.36,Yes,Fiber Optic,Electronic Check,Yes,2,0
CUST-05426,32,Two Year,118.46,3458.74,Yes,Fiber Optic,Electronic Check,Yes,2,0
CUST-05427,58,Two Year,50.21,2726.61,Yes,DSL,Credit Card,Yes,0,0
CUST-05428,49,Two Year,45.16,2028.75,No,Fiber Optic,Electronic Check,Yes,0,0
CUST-05429,1,One Year,63.95,63.69,No,No,Mailed Check,No,3,0
CUST-05430,47,Month-to-Month,101.32,4455.35,No,Fiber Optic,Bank Transfer,Yes,2,0
CUST-05431,36,Month-to-Month,15.83,518.48,No,DSL,Mailed Check,Yes,0,1
CUST-05432,18,One Year,99.25,1737.7,No,Fiber Optic,Electronic Check,No,4,0
CUST-05433,20,Month-to-Month,47.21,916.98,No,Fiber Optic,Electronic Check,No,1,1
CUST-05434,46,One Year,76.61,3256.6,Yes,No,Electronic Check,Yes,1,0
CUST-05435,7,Month-to-Month,53.1,346.48,Yes,DSL,Credit Card,No,2,1
CUST-05436,44,Two Year,119.8,4962.84,No,No,Bank Transfer,No,1,0
CUST-05437,61,Month-to-Month,73.12,4133.69,No,No,Credit Card,No,1,0
CUST-05438,7,Two Year,52.3,340.07,No,DSL,Credit Card,Yes,0,0
CUST-05439,1,Month-to-Month,62.47,61.23,No,Fiber Optic,Electronic Check,Yes,4,1
CUST-05440,5,Month-to-Month,72.24,352.24,Yes,DSL,Bank Transfer,No,2,1
CUST-05441,53,Two Year,74.44,3824.05,Yes,DSL,Mailed Check,No,1,0
CUST-05442,62,Two Year,80.97,4862.9,No,Fiber Optic,Credit Card,No,3,0
CUST-05443,72,One Year,69.96,4796.29,No,DSL,Credit Card,Yes,1,0
CUST-05444,3,Two Year,35.57,99.78,Yes,DSL,Mailed Check,No,0,0
CUST-05445,35,Month-to-Month,61.49,2092.01,No,Fiber Optic,Bank Transfer,Yes,3,1
CUST-05446,4,Two Year,85.17,310.58,Yes,No,Electronic Check,Yes,4,0
CUST-05447,27,Month-to-Month,53.25,1314.26,No,DSL,Credit Card,Yes,1,0
CUST-05448,23,Month-to-Month,86.82,1822.39,No,DSL,Electronic Check,No,1,1
CUST-05449,44,Month-to-Month,70.79,3031.51,No,DSL,Mailed Check,Yes,1,1
CUST-05450,66,Month-to-Month,64.56,4086.92,No,DSL,Credit Card,No,2,0
CUST-05451,58,One Year,99.85,5472.87,No,No,Electronic Check,Yes,2,1
CUST-05452,5,One Year,26.55,125.8,No,Fiber Optic,Mailed Check,Yes,0,1
CUST-05453,18,Month-to-Month,53.12,939.67,No,Fiber Optic,Bank Transfer,No,1,1
CUST-05454,20,Two Year,100.81,1839.11,No,Fiber Optic,Bank Transfer,Yes,0,0
CUST-05455,19,Month-to-Month,115.75,2063.61,No,No,Electronic Check,Yes,2,1
CUST-05456,26,Month-to-Month,127.15,3226.61,No,Fiber Optic,Electronic Check,No,0,0
CUST-05457,44,One Year,71.26,3028.16,No,No,Mailed Check,No,3,0
CUST-05458,54,Month-to-Month,81.45,4149.86,No,Fiber Optic,Mailed Check,No,0,0
CUST-05459,68,Month-to-Month,90.44,5672.9,Yes,No,Credit Card,Yes,3,0
CUST-05460,51,One Year,101.88,5168.05,Yes,Fiber Optic,Bank Transfer,No,1,0
CUST-05461,22,Month-to-Month,77.83,1610.88,Yes,No,Bank Transfer,Yes,0,0
CUST-05462,14,Month-to-Month,93.15,1288.17,No,DSL,Electronic Check,Yes,0,0
CUST-05463,28,One Year,81.49,2231.03,Yes,Fiber Optic,Credit Card,Yes,2,0
CUST-05464,58,Month-to-Month,83.06,4750.77,No,Fiber Optic,Electronic Check,Yes,2,1
CUST-05465,72,Two Year,47.04,3053.92,Yes,Fiber Optic,Credit Card,Yes,1,0
CUST-05466,29,One Year,61.77,1697.71,Yes,Fiber Optic,Credit Card,Yes,0,0
CUST-05467,13,Month-to-Month,56.93,685.28,No,DSL,Credit Card,Yes,1,1
CUST-05468,1,Month-to-Month,40.28,37.36,No,No,Electronic Check,No,2,1
CUST-05469,6,Month-to-Month,28.71,159.68,Yes,Fiber Optic,Electronic Check,No,2,1
CUST-05470,46,One Year,59.41,2565.97,No,DSL,Bank Transfer,Yes,1,0
CUST-05471,43,Month-to-Month,63.4,2565.55,Yes,Fiber Optic,Mailed Check,No,1,0
CUST-05472,47,Two Year,72.63,3288.69,No,Fiber Optic,Mailed Check,No,1,0
CUST-05473,2,Month-to-Month,83.89,156.04,Yes,DSL,Bank Transfer,No,1,1
CUST-05474,32,One Year,74.7,2216.56,Yes,DSL,Bank Transfer,No,1,0
CUST-05475,13,Month-to-Month,63.58,773.69,Yes,Fiber Optic,Electronic Check,Yes,0,0
CUST-05476,25,Month-to-Month,47.12,1141.07,Yes,No,Electronic Check,No,0,0
CUST-05477,45,Month-to-Month,91.93,3723.24,No,DSL,Bank Transfer,Yes,1,0
CUST-05478,20,One Year,67.45,1314.86,No,DSL,Electronic Check,No,3,0
CUST-05479,48,Two Year,59.16,2651.97,Yes,Fiber Optic,Bank Transfer,Yes,3,0
CUST-05480,21,Month-to-Month,65.34,1313.99,No,DSL,Credit Card,No,0,0
CUST-05481,37,Month-to-Month,51.68,1866.56,No,No,Credit Card,Yes,1,0
CUST-05482,34,Month-to-Month,56.73,1834.47,Yes,Fiber Optic,Bank Transfer,Yes,0,0
CUST-05483,28,Month-to-Month,55.94,1511.05,Yes,No,Mailed Check,Yes,0,1
CUST-05484,10,Two Year,62.82,623.17,Yes,Fiber Optic,Credit Card,Yes,1,0
CUST-05485,42,Two Year,86.39,3276.38,No,DSL,Mailed Check,Yes,1,0
CUST-05486,72,Two Year,80.18,5397.45,No,Fiber Optic,Credit Card,Yes,0,0
CUST-05487,47,Month-to-Month,108.67,5070.13,Yes,DSL,Electronic Check,No,4,0
CUST-05488,54,Month-to-Month,100.29,5327.62,Yes,DSL,Bank Transfer,No,0,0
CUST-05489,58,One Year,118.91,6632.51,Yes,Fiber Optic,Electronic Check,Yes,2,0
CUST-05490,3,Month-to-Month,83.98,232.52,Yes,Fiber Optic,Electronic Check,No,1,1
CUST-05491,58,One Year,83.58,4523.11,No,DSL,Mailed Check,Yes,0,1
CUST-05492,18,Month-to-Month,57.81,1025.8,No,DSL,Electronic Check,No,1,1
CUST-05493,48,Month-to-Month,90.65,4219.91,Yes,DSL,Electronic Check,No,0,0
CUST-05494,71,Two Year,53.6,3533.75,Yes,Fiber Optic,Credit Card,No,1,0
CUST-05495,65,Month-to-Month,33.24,1973.11,Yes,DSL,Bank Transfer,Yes,1,0
CUST-05496,30,Two Year,108.16,3173.66,Yes,Fiber Optic,Bank Transfer,No,2,0
CUST-05497,61,Month-to-Month,38.77,2264.75,No,Fiber Optic,Credit Card,No,2,0
CUST-05498,45,Month-to-Month,80.97,3630.33,No,Fiber Optic,Mailed Check,Yes,1,1
CUST-05499,10,Month-to-Month,47.99,451.42,No,No,Credit Card,Yes,4,1
CUST-05500,18,Month-to-Month,98.17,1652.03,Yes,No,Electronic Check,No,1,1
CUST-05501,69,Month-to-Month,101.57,6511.27,No,DSL,Electronic Check,No,0,1
CUST-05502,66,Month-to-Month,83.23,5208.57,No,DSL,Electronic Check,No,1,0
CUST-05503,65,One Year,101.16,6130.07,Yes,Fiber Optic,Bank Transfer,Yes,0,0
CUST-05504,28,Two Year,70.18,1782.92,No,Fiber Optic,Electronic Check,Yes,3,1
CUST-05505,24,Month-to-Month,125.85,2812.64,No,DSL,Mailed Check,Yes,2,1
CUST-05506,59,Month-to-Month,88.65,4821.8,No,No,Bank Transfer,No,1,0
CUST-05507,2,Month-to-Month,47.49,93.23,No,No,Credit Card,Yes,2,1
CUST-05508,65,One Year,71.74,4306.65,Yes,No,Credit Card,Yes,3,0
CUST-05509,44,One Year,66.19,2754.76,No,DSL,Electronic Check,Yes,4,0
CUST-05510,46,Month-to-Month,63.74,2836.09,No,Fiber Optic,Electronic Check,No,1,1
CUST-05511,32,Month-to-Month,28.57,836.46,No,Fiber Optic,Bank Transfer,No,3,0
CUST-05512,71,Month-to-Month,79.67,5391.44,Yes,Fiber Optic,Credit Card,Yes,1,0
CUST-05513,54,Month-to-Month,35.36,1880.26,Yes,DSL,Electronic Check,Yes,4,0
CUST-05514,4,Month-to-Month,15.0,57.5,No,DSL,Bank Transfer,Yes,0,1
CUST-05515,38,Two Year,61.4,2212.43,No,No,Electronic Check,No,2,0
CUST-05516,62,Month-to-Month,51.1,3117.15,Yes,Fiber Optic,Electronic Check,Yes,0,0
CUST-05517,6,Month-to-Month,48.46,289.23,No,Fiber Optic,Electronic Check,No,3,1
CUST-05518,54,Month-to-Month,15.0,795.5,No,DSL,Credit Card,Yes,3,0
CUST-05519,18,One Year,48.73,825.25,No,No,Bank Transfer,Yes,2,0
CUST-05520,37,Month-to-Month,65.66,2335.08,Yes,No,Mailed Check,Yes,5,1
CUST-05521,64,Month-to-Month,54.15,3301.55,No,Fiber Optic,Bank Transfer,No,2,0
CUST-05522,36,Month-to-Month,79.68,2668.64,No,DSL,Mailed Check,No,1,0
CUST-05523,3,One Year,104.82,296.7,No,DSL,Electronic Check,Yes,0,1
CUST-05524,2,Month-to-Month,82.91,162.99,No,Fiber Optic,Credit Card,Yes,2,1
CUST-05525,54,Two Year,95.66,4804.29,No,No,Electronic Check,Yes,2,0
CUST-05526,68,Month-to-Month,97.73,6572.24,Yes,No,Credit Card,Yes,2,1
CUST-05527,22,Month-to-Month,44.53,978.82,Yes,DSL,Credit Card,No,1,0
CUST-05528,68,Two Year,80.98,5124.9,Yes,DSL,Bank Transfer,Yes,1,0
CUST-05529,33,Two Year,94.88,2856.37,No,Fiber Optic,Bank Transfer,Yes,1,0
CUST-05530,5,Month-to-Month,59.1,294.23,No,Fiber Optic,Credit Card,No,0,0
CUST-05531,39,Two Year,50.23,1796.58,No,Fiber Optic,Electronic Check,Yes,0,0
CUST-05532,71,Month-to-Month,83.26,5776.36,No,Fiber Optic,Bank Transfer,Yes,0,0
CUST-05533,19,Month-to-Month,32.96,566.07,No,No,Electronic Check,Yes,2,0
CUST-05534,70,Two Year,42.8,2766.98,No,DSL,Bank Transfer,Yes,1,0
CUST-05535,47,One Year,53.33,2321.07,Yes,Fiber Optic,Bank Transfer,No,1,0
CUST-05536,29,Month-to-Month,81.26,2190.93,No,Fiber Optic,Electronic Check,No,2,1
CUST-05537,50,One Year,75.47,3743.05,Yes,No,Electronic Check,Yes,0,0
CUST-05538,29,Month-to-Month,95.81,2549.35,No,No,Bank Transfer,Yes,1,0
CUST-05539,7,Month-to-Month,46.95,301.49,No,No,Credit Card,Yes,2,1
CUST-05540,63,Two Year,45.61,2784.83,No,Fiber Optic,Bank Transfer,Yes,1,0
CUST-05541,27,Month-to-Month,83.1,2233.0,Yes,DSL,Mailed Check,No,3,1
CUST-05542,41,One Year,50.03,1925.96,No,Fiber Optic,Credit Card,Yes,1,0
CUST-05543,54,One Year,54.91,2897.87,No,No,Credit Card,No,2,1
CUST-05544,6,One Year,23.58,127.77,Yes,DSL,Bank Transfer,Yes,2,0
CUST-05545,52,Month-to-Month,77.27,3947.35,No,DSL,Mailed Check,No,3,0
CUST-05546,27,Two Year,108.53,2849.26,No,DSL,Mailed Check,No,1,0
CUST-05547,40,One Year,44.27,1752.49,No,Fiber Optic,Electronic Check,Yes,0,0
CUST-05548,33,One Year,95.54,3038.52,Yes,Fiber Optic,Credit Card,No,1,0
CUST-05549,56,Month-to-Month,68.52,3814.61,Yes,DSL,Electronic Check,No,1,0
CUST-05550,14,Month-to-Month,25.86,339.95,Yes,DSL,Bank Transfer,No,1,1
CUST-05551,8,Month-to-Month,47.63,370.85,Yes,Fiber Optic,Credit Card,Yes,2,0
CUST-05552,30,Month-to-Month,46.09,1344.75,No,Fiber Optic,Bank Transfer,No,1,0
CUST-05553,9,Month-to-Month,62.09,517.94,No,DSL,Electronic Check,Yes,3,0
CUST-05554,18,One Year,80.49,1437.31,Yes,Fiber Optic,Electronic Check,No,0,0
CUST-05555,48,Two Year,116.22,5455.37,No,DSL,Bank Transfer,No,0,0
CUST-05556,59,Month-to-Month,34.22,1992.0,No,DSL,Electronic Check,No,2,1
CUST-05557,50,Month-to-Month,57.88,2709.53,Yes,DSL,Electronic Check,No,3,0
CUST-05558,23,One Year,47.6,1077.42,No,DSL,Electronic Check,No,0,1
CUST-05559,59,Month-to-Month,38.3,2104.91,No,DSL,Bank Transfer,Yes,1,0
CUST-05560,30,Two Year,72.39,2163.97,Yes,DSL,Bank Transfer,No,2,0
CUST-05561,14,Month-to-Month,70.04,884.85,Yes,DSL,Electronic Check,No,2,0
CUST-05562,55,Month-to-Month,24.65,1304.12,No,Fiber Optic,Bank Transfer,Yes,4,0
CUST-05563,38,Month-to-Month,70.45,2439.44,Yes,No,Mailed Check,Yes,2,1
CUST-05564,27,Two Year,39.87,1046.21,No,DSL,Mailed Check,Yes,1,0
CUST-05565,48,Month-to-Month,70.3,3159.68,No,Fiber Optic,Credit Card,No,2,1
CUST-05566,53,One Year,101.74,5322.47,Yes,DSL,Electronic Check,No,1,0
CUST-05567,17,Month-to-Month,81.58,1369.21,No,No,Mailed Check,No,0,1
CUST-05568,9,Month-to-Month,74.44,627.62,No,DSL,Electronic Check,Yes,0,0
CUST-05569,38,Two Year,56.78,2116.64,No,DSL,Electronic Check,No,0,0
CUST-05570,4,Month-to-Month,71.67,277.54,No,Fiber Optic,Bank Transfer,Yes,2,1
CUST-05571,46,Month-to-Month,84.08,3645.89,No,DSL,Bank Transfer,No,0,1
CUST-05572,32,Month-to-Month,81.6,2439.71,Yes,DSL,Bank Transfer,No,1,1
CUST-05573,16,Two Year,67.52,995.01,No,DSL,Credit Card,Yes,1,1
CUST-05574,44,Month-to-Month,75.43,3008.01,Yes,Fiber Optic,Credit Card,Yes,1,1
CUST-05575,28,Month-to-Month,37.09,988.4,Yes,DSL,Electronic Check,No,0,0
CUST-05576,28,Two Year,51.64,1379.41,No,DSL,Bank Transfer,No,0,0
CUST-05577,16,One Year,87.69,1325.03,No,No,Bank Transfer,No,3,0
CUST-05578,49,Two Year,91.05,4439.41,No,DSL,Bank Transfer,Yes,2,0
CUST-05579,66,One Year,72.34,4303.53,Yes,DSL,Mailed Check,Yes,2,0
CUST-05580,45,One Year,106.97,4741.59,No,Fiber Optic,Credit Card,Yes,0,0
CUST-05581,18,Month-to-Month,82.7,1458.95,Yes,DSL,Mailed Check,Yes,0,0
CUST-05582,61,Month-to-Month,64.17,3819.94,No,No,Credit Card,No,4,0
CUST-05583,9,One Year,39.51,338.7,Yes,DSL,Mailed Check,Yes,2,0
CUST-05584,21,One Year,105.97,2045.19,No,DSL,Credit Card,No,2,0
CUST-05585,3,Two Year,89.26,264.11,No,No,Mailed Check,No,1,0
CUST-05586,62,One Year,114.96,6945.48,Yes,No,Electronic Check,Yes,0,0
CUST-05587,4,Month-to-Month,124.17,488.38,No,Fiber Optic,Mailed Check,Yes,2,1
CUST-05588,40,Month-to-Month,37.83,1397.56,Yes,DSL,Mailed Check,No,2,0
CUST-05589,14,One Year,37.89,506.82,No,Fiber Optic,Electronic Check,Yes,0,0
CUST-05590,16,Month-to-Month,15.0,225.98,No,No,Bank Transfer,Yes,1,1
CUST-05591,44,One Year,92.96,3942.86,No,Fiber Optic,Credit Card,No,1,0
CUST-05592,58,One Year,86.41,4887.79,Yes,No,Credit Card,Yes,2,0
CUST-05593,2,Month-to-Month,72.44,132.91,Yes,Fiber Optic,Mailed Check,No,0,0
CUST-05594,12,One Year,39.35,433.2,Yes,No,Mailed Check,No,0,0
CUST-05595,21,One Year,67.77,1287.06,Yes,DSL,Credit Card,Yes,1,0
CUST-05596,68,Two Year,74.62,4646.5,No,No,Credit Card,Yes,2,0
CUST-05597,5,Month-to-Month,89.57,413.82,Yes,No,Electronic Check,Yes,0,1
CUST-05598,13,One Year,76.82,906.04,Yes,Fiber Optic,Electronic Check,No,0,0
CUST-05599,30,Month-to-Month,86.6,2430.61,Yes,No,Electronic Check,Yes,3,0
CUST-05600,24,Month-to-Month,66.9,1553.44,No,Fiber Optic,Mailed Check,Yes,2,0
CUST-05601,4,Month-to-Month,99.54,389.92,No,Fiber Optic,Credit Card,No,1,1
CUST-05602,39,Two Year,85.79,3126.93,Yes,Fiber Optic,Electronic Check,Yes,0,0
CUST-05603,44,Two Year,40.33,1611.94,No,No,Bank Transfer,No,0,0
CUST-05604,13,Month-to-Month,104.73,1328.73,Yes,Fiber Optic,Electronic Check,No,2,1
CUST-05605,50,One Year,100.64,4725.64,No,Fiber Optic,Electronic Check,Yes,0,0
CUST-05606,5,Month-to-Month,81.64,377.64,Yes,Fiber Optic,Bank Transfer,No,0,0
CUST-05607,53,One Year,77.02,3865.99,No,No,Bank Transfer,Yes,0,0
CUST-05608,19,Month-to-Month,111.47,2111.55,Yes,DSL,Electronic Check,Yes,3,1
CUST-05609,17,One Year,29.17,464.78,No,Fiber Optic,Electronic Check,Yes,0,1
CUST-05610,15,Month-to-Month,101.03,1509.31,No,Fiber Optic,Mailed Check,No,0,1
CUST-05611,63,One Year,58.09,3386.35,No,No,Credit Card,No,1,0
CUST-05612,37,Month-to-Month,97.38,3280.78,No,DSL,Credit Card,No,0,1
CUST-05613,50,One Year,73.01,3342.83,Yes,Fiber Optic,Mailed Check,Yes,1,0
CUST-05614,15,One Year,38.93,570.74,Yes,DSL,Credit Card,No,0,0
CUST-05615,5,Month-to-Month,57.59,274.64,No,Fiber Optic,Bank Transfer,Yes,4,1
CUST-05616,3,Month-to-Month,95.54,274.64,No,Fiber Optic,Electronic Check,No,0,1
CUST-05617,32,Two Year,64.74,2064.99,Yes,Fiber Optic,Mailed Check,Yes,1,0
CUST-05618,24,One Year,54.46,1242.32,Yes,Fiber Optic,Credit Card,Yes,4,1
CUST-05619,56,Month-to-Month,54.3,2772.3,Yes,DSL,Bank Transfer,Yes,2,0
CUST-05620,57,Month-to-Month,86.06,4767.34,No,Fiber Optic,Credit Card,Yes,0,0
CUST-05621,23,Month-to-Month,113.77,2409.43,No,No,Mailed Check,Yes,0,0
CUST-05622,32,One Year,16.48,505.29,No,Fiber Optic,Credit Card,Yes,0,0
CUST-05623,28,One Year,140.02,3863.47,Yes,DSL,Bank Transfer,No,1,0
CUST-05624,49,Month-to-Month,75.09,3487.01,No,Fiber Optic,Credit Card,No,1,1
CUST-05625,46,One Year,84.51,3620.89,Yes,Fiber Optic,Credit Card,No,1,0
CUST-05626,47,One Year,59.09,2659.35,Yes,Fiber Optic,Electronic Check,Yes,1,0
CUST-05627,4,One Year,69.91,255.23,No,Fiber Optic,Bank Transfer,Yes,1,0
CUST-05628,25,Month-to-Month,74.81,1740.75,No,No,Electronic Check,Yes,2,1
CUST-05629,70,Month-to-Month,43.77,2911.97,No,No,Credit Card,No,5,0
CUST-05630,25,Month-to-Month,49.86,1153.53,No,DSL,Bank Transfer,No,4,1
CUST-05631,13,Month-to-Month,99.61,1170.52,Yes,Fiber Optic,Electronic Check,Yes,1,1
CUST-05632,15,Month-to-Month,31.19,448.44,Yes,Fiber Optic,Mailed Check,Yes,2,0
CUST-05633,2,Month-to-Month,81.03,152.36,Yes,No,Electronic Check,Yes,3,0
CUST-05634,57,Month-to-Month,60.74,3251.2,Yes,DSL,Mailed Check,No,1,1
CUST-05635,1,One Year,45.98,45.97,No,DSL,Electronic Check,No,1,0
CUST-05636,43,Month-to-Month,119.3,4674.25,No,Fiber Optic,Credit Card,No,4,1
CUST-05637,29,One Year,46.14,1224.88,Yes,Fiber Optic,Bank Transfer,No,5,0
CUST-05638,7,Month-to-Month,41.75,288.63,No,DSL,Credit Card,Yes,2,0
CUST-05639,64,One Year,65.33,3817.47,Yes,No,Electronic Check,Yes,1,0
CUST-05640,54,Month-to-Month,50.79,2720.07,Yes,DSL,Mailed Check,Yes,1,0
CUST-05641,60,One Year,70.16,4071.51,Yes,DSL,Credit Card,No,0,0
CUST-05642,68,One Year,73.88,4786.8,No,DSL,Bank Transfer,No,4,0
CUST-05643,66,Month-to-Month,75.87,4646.08,No,DSL,Electronic Check,Yes,1,0
CUST-05644,51,One Year,66.9,3193.36,No,DSL,Credit Card,Yes,0,0
CUST-05645,39,Month-to-Month,52.45,2009.95,No,Fiber Optic,Electronic Check,Yes,1,1
CUST-05646,51,One Year,86.09,3976.78,No,DSL,Electronic Check,Yes,0,0
CUST-05647,33,Month-to-Month,67.21,2166.6,No,Fiber Optic,Bank Transfer,Yes,1,1
CUST-05648,14,Month-to-Month,57.61,792.65,No,Fiber Optic,Bank Transfer,No,1,0
CUST-05649,28,Month-to-Month,107.0,2907.91,No,Fiber Optic,Bank Transfer,Yes,1,1
CUST-05650,34,Two Year,66.97,2061.69,No,No,Electronic Check,No,1,0
CUST-05651,4,Month-to-Month,97.3,379.18,Yes,No,Electronic Check,Yes,3,1
CUST-05652,62,One Year,100.67,6068.75,Yes,Fiber Optic,Electronic Check,Yes,2,0
CUST-05653,66,Month-to-Month,102.19,6078.92,No,Fiber Optic,Mailed Check,No,0,0
CUST-05654,31,Month-to-Month,87.28,2676.54,Yes,Fiber Optic,Electronic Check,Yes,2,0
CUST-05655,36,Month-to-Month,69.98,2300.66,No,Fiber Optic,Bank Transfer,No,0,0
CUST-05656,61,Two Year,68.4,4156.04,No,Fiber Optic,Credit Card,No,1,0
CUST-05657,33,One Year,63.9,1912.75,Yes,Fiber Optic,Credit Card,Yes,1,0
CUST-05658,50,Month-to-Month,15.83,731.19,Yes,DSL,Credit Card,No,1,0
CUST-05659,38,One Year,87.97,3239.31,Yes,Fiber Optic,Electronic Check,Yes,2,0
CUST-05660,20,Month-to-Month,76.11,1390.87,No,No,Mailed Check,Yes,3,1
CUST-05661,58,Month-to-Month,90.64,4828.65,No,Fiber Optic,Credit Card,No,2,0
CUST-05662,14,Month-to-Month,67.07,846.13,Yes,Fiber Optic,Electronic Check,Yes,1,0
CUST-05663,17,Month-to-Month,86.62,1446.99,No,Fiber Optic,Electronic Check,No,1,0
CUST-05664,50,Month-to-Month,35.56,1606.89,No,Fiber Optic,Electronic Check,Yes,2,0
CUST-05665,52,One Year,40.77,2042.14,Yes,DSL,Bank Transfer,No,0,0
CUST-05666,69,Month-to-Month,15.0,991.77,Yes,Fiber Optic,Credit Card,Yes,2,0
CUST-05667,52,Two Year,66.64,3295.91,Yes,DSL,Mailed Check,Yes,1,0
CUST-05668,2,One Year,50.69,95.05,No,Fiber Optic,Bank Transfer,No,1,0
CUST-05669,62,Two Year,47.42,2734.11,Yes,DSL,Bank Transfer,No,1,0
CUST-05670,30,One Year,78.37,2340.98,Yes,No,Credit Card,No,3,1
CUST-05671,1,Two Year,59.36,58.09,Yes,Fiber Optic,Electronic Check,Yes,0,0
CUST-05672,42,Month-to-Month,34.17,1424.05,No,DSL,Bank Transfer,No,3,0
CUST-05673,13,Month-to-Month,133.62,1690.84,No,Fiber Optic,Credit Card,Yes,2,1
CUST-05674,30,Month-to-Month,69.07,2036.67,Yes,Fiber Optic,Credit Card,Yes,2,1
CUST-05675,34,Two Year,42.92,1454.05,No,Fiber Optic,Mailed Check,Yes,3,0
CUST-05676,6,Month-to-Month,53.25,302.04,No,DSL,Electronic Check,Yes,1,1
CUST-05677,62,One Year,65.67,4033.63,No,Fiber Optic,Credit Card,Yes,3,0
CUST-05678,37,One Year,65.62,2195.6,No,Fiber Optic,Credit Card,No,1,0
CUST-05679,70,Month-to-Month,102.55,6538.09,No,Fiber Optic,Electronic Check,Yes,2,0
CUST-05680,34,Two Year,68.01,2194.5,Yes,Fiber Optic,Electronic Check,Yes,1,0
CUST-05681,43,Month-to-Month,116.38,4731.09,Yes,DSL,Electronic Check,No,1,0
CUST-05682,59,Month-to-Month,59.19,3296.02,No,No,Bank Transfer,Yes,0,0
CUST-05683,16,One Year,80.66,1230.83,Yes,No,Electronic Check,Yes,0,0
CUST-05684,66,Month-to-Month,95.55,6015.18,Yes,DSL,Electronic Check,Yes,3,1
CUST-05685,14,Month-to-Month,99.88,1380.22,No,DSL,Credit Card,Yes,1,0
CUST-05686,72,Month-to-Month,102.8,6917.47,No,DSL,Electronic Check,No,1,0
CUST-05687,47,Month-to-Month,63.2,2767.3,Yes,No,Credit Card,Yes,0,0
CUST-05688,38,One Year,69.86,2575.54,No,DSL,Mailed Check,Yes,3,1
CUST-05689,16,Two Year,15.0,231.56,Yes,Fiber Optic,Mailed Check,Yes,1,0
CUST-05690,41,Month-to-Month,65.1,2623.68,No,No,Credit Card,Yes,1,0
CUST-05691,40,Month-to-Month,97.28,3622.43,No,DSL,Electronic Check,Yes,0,0
CUST-05692,71,Month-to-Month,92.42,5909.83,No,Fiber Optic,Electronic Check,Yes,2,1
CUST-05693,61,Two Year,67.84,4115.09,No,Fiber Optic,Mailed Check,Yes,3,0
CUST-05694,35,One Year,112.48,3560.53,No,DSL,Bank Transfer,No,1,0
CUST-05695,29,Month-to-Month,60.4,1695.55,No,No,Mailed Check,Yes,1,0
CUST-05696,28,Month-to-Month,52.1,1359.87,No,Fiber Optic,Credit Card,Yes,0,0
CUST-05697,28,Two Year,58.3,1538.3,No,DSL,Credit Card,No,1,0
CUST-05698,1,Two Year,41.94,41.26,Yes,Fiber Optic,Electronic Check,Yes,0,0
CUST-05699,3,Month-to-Month,85.56,241.78,Yes,Fiber Optic,Electronic Check,Yes,0,1
CUST-05700,55,Two Year,77.21,3883.2,No,Fiber Optic,Bank Transfer,No,4,0
CUST-05701,19,Month-to-Month,85.25,1579.97,Yes,Fiber Optic,Credit Card,Yes,1,0
CUST-05702,30,Month-to-Month,59.64,1613.9,No,Fiber Optic,Electronic Check,No,2,1
CUST-05703,51,One Year,68.55,3242.49,Yes,DSL,Mailed Check,No,1,0
CUST-05704,44,Month-to-Month,15.54,652.18,Yes,Fiber Optic,Electronic Check,Yes,2,1
CUST-05705,26,Month-to-Month,79.41,1948.58,Yes,DSL,Credit Card,Yes,3,1
CUST-05706,55,Two Year,72.47,3834.48,Yes,Fiber Optic,Electronic Check,Yes,2,0
CUST-05707,12,Two Year,42.49,478.34,Yes,No,Bank Transfer,Yes,0,0
CUST-05708,35,Month-to-Month,67.38,2214.58,No,DSL,Electronic Check,Yes,2,1
CUST-05709,8,One Year,63.55,475.29,Yes,DSL,Bank Transfer,No,3,1
CUST-05710,39,One Year,114.11,4400.12,No,Fiber Optic,Mailed Check,Yes,2,0
CUST-05711,7,One Year,43.47,274.39,Yes,DSL,Bank Transfer,No,0,0
CUST-05712,68,Two Year,78.29,5291.59,No,DSL,Electronic Check,Yes,1,0
CUST-05713,48,One Year,42.73,1919.41,No,Fiber Optic,Electronic Check,No,2,0
CUST-05714,18,Month-to-Month,56.05,944.82,Yes,Fiber Optic,Electronic Check,Yes,3,0
CUST-05715,45,Month-to-Month,76.92,3366.52,Yes,DSL,Credit Card,Yes,2,0
CUST-05716,26,Two Year,64.72,1579.78,No,Fiber Optic,Bank Transfer,Yes,3,1
CUST-05717,38,Two Year,69.85,2552.55,No,DSL,Electronic Check,Yes,1,0
CUST-05718,13,Month-to-Month,78.32,1008.35,Yes,No,Electronic Check,No,1,1
CUST-05719,37,Month-to-Month,57.66,2100.61,No,Fiber Optic,Mailed Check,No,1,1
CUST-05720,8,One Year,92.1,701.09,Yes,DSL,Electronic Check,Yes,2,0
CUST-05721,12,Month-to-Month,62.36,727.12,Yes,Fiber Optic,Credit Card,Yes,0,0
CUST-05722,43,Month-to-Month,67.56,2728.58,Yes,Fiber Optic,Mailed Check,No,1,0
CUST-05723,37,Two Year,79.03,2858.62,No,No,Bank Transfer,Yes,1,0
CUST-05724,22,Two Year,75.68,1526.8,Yes,Fiber Optic,Bank Transfer,No,1,0
CUST-05725,5,Two Year,86.11,389.46,No,Fiber Optic,Credit Card,Yes,0,1
CUST-05726,31,One Year,77.92,2304.58,Yes,Fiber Optic,Bank Transfer,Yes,2,0
CUST-05727,67,Month-to-Month,81.73,5046.24,Yes,Fiber Optic,Electronic Check,Yes,1,0
CUST-05728,51,Two Year,61.87,3069.77,Yes,Fiber Optic,Electronic Check,Yes,0,0
CUST-05729,5,Month-to-Month,43.28,196.95,No,Fiber Optic,Mailed Check,No,4,1
CUST-05730,68,Month-to-Month,34.31,2101.75,No,No,Electronic Check,Yes,0,0
CUST-05731,31,Two Year,28.23,846.75,No,DSL,Mailed Check,No,2,0
CUST-05732,42,One Year,114.07,4551.78,Yes,No,Credit Card,Yes,1,0
CUST-05733,1,Two Year,15.0,14.93,Yes,DSL,Electronic Check,No,2,0
CUST-05734,23,Month-to-Month,99.84,2123.52,Yes,DSL,Bank Transfer,No,1,1
CUST-05735,57,Two Year,49.48,2573.09,No,DSL,Electronic Check,Yes,2,0
CUST-05736,24,One Year,99.66,2158.18,No,No,Electronic Check,No,2,1
CUST-05737,12,One Year,15.0,170.0,No,Fiber Optic,Electronic Check,Yes,1,0
CUST-05738,7,Two Year,64.12,408.48,Yes,Fiber Optic,Electronic Check,Yes,0,0
CUST-05739,67,Month-to-Month,106.35,6965.59,No,No,Electronic Check,Yes,1,0
CUST-05740,59,One Year,87.83,4701.08,No,DSL,Credit Card,Yes,2,0
CUST-05741,4,One Year,61.57,244.33,No,DSL,Bank Transfer,Yes,0,0
CUST-05742,67,One Year,21.43,1369.89,No,DSL,Electronic Check,Yes,2,0
CUST-05743,60,Two Year,36.94,2149.1,Yes,Fiber Optic,Electronic Check,No,2,0
CUST-05744,26,One Year,104.73,2486.33,Yes,Fiber Optic,Credit Card,No,1,0
CUST-05745,48,Month-to-Month,61.29,2674.06,No,DSL,Electronic Check,No,1,1
CUST-05746,19,Month-to-Month,68.2,1212.05,Yes,DSL,Electronic Check,No,0,0
CUST-05747,18,Two Year,77.09,1321.07,No,Fiber Optic,Credit Card,No,1,0
CUST-05748,52,Two Year,37.43,1863.74,No,DSL,Bank Transfer,No,2,0
CUST-05749,15,Two Year,80.18,1122.09,No,Fiber Optic,Electronic Check,Yes,1,0
CUST-05750,26,Month-to-Month,59.51,1434.72,No,Fiber Optic,Bank Transfer,No,1,1
CUST-05751,26,Month-to-Month,77.34,2007.1,Yes,DSL,Mailed Check,Yes,1,0
CUST-05752,11,One Year,55.55,566.61,No,DSL,Bank Transfer,Yes,1,1
CUST-05753,60,One Year,30.67,1681.56,No,Fiber Optic,Electronic Check,Yes,1,1
CUST-05754,49,Month-to-Month,59.32,2720.5,No,Fiber Optic,Credit Card,Yes,0,1
CUST-05755,63,One Year,86.02,5042.01,Yes,Fiber Optic,Bank Transfer,Yes,0,0
CUST-05756,38,Month-to-Month,79.85,2858.84,No,Fiber Optic,Electronic Check,No,2,0
CUST-05757,13,Month-to-Month,70.77,885.39,Yes,No,Bank Transfer,Yes,1,1
CUST-05758,21,Month-to-Month,92.45,1864.4,No,Fiber Optic,Mailed Check,Yes,1,1
CUST-05759,26,Month-to-Month,64.91,1636.74,Yes,DSL,Credit Card,No,1,0
CUST-05760,68,Month-to-Month,71.41,4446.38,Yes,No,Electronic Check,No,1,0
CUST-05761,18,Two Year,58.01,944.56,No,Fiber Optic,Electronic Check,No,1,0
CUST-05762,50,One Year,93.92,4597.76,No,Fiber Optic,Bank Transfer,Yes,0,0
CUST-05763,9,Two Year,77.29,641.15,No,Fiber Optic,Electronic Check,Yes,3,0
CUST-05764,69,Month-to-Month,56.08,3604.72,Yes,Fiber Optic,Electronic Check,No,0,1
CUST-05765,47,Month-to-Month,32.77,1456.35,No,No,Credit Card,Yes,2,0
CUST-05766,32,Month-to-Month,97.62,3035.22,No,DSL,Bank Transfer,Yes,2,0
CUST-05767,25,One Year,51.4,1177.52,Yes,Fiber Optic,Mailed Check,Yes,0,0
CUST-05768,26,Month-to-Month,71.8,1848.58,Yes,DSL,Mailed Check,No,0,0
CUST-05769,17,One Year,128.81,2041.2,No,Fiber Optic,Bank Transfer,Yes,0,0
CUST-05770,44,Two Year,90.04,3954.89,No,DSL,Credit Card,No,3,0
CUST-05771,63,Two Year,110.28,6451.17,Yes,Fiber Optic,Bank Transfer,No,0,0
CUST-05772,18,Month-to-Month,56.55,989.97,Yes,No,Bank Transfer,No,0,0
CUST-05773,54,Month-to-Month,96.77,4899.85,No,DSL,Credit Card,Yes,1,0
CUST-05774,41,Month-to-Month,70.67,2850.12,No,DSL,Electronic Check,Yes,3,1
CUST-05775,56,Month-to-Month,79.15,4194.12,No,Fiber Optic,Mailed Check,No,1,1
CUST-05776,56,One Year,120.52,6661.74,No,Fiber Optic,Bank Transfer,No,1,0
CUST-05777,3,Month-to-Month,63.03,184.44,Yes,DSL,Mailed Check,Yes,0,1
CUST-05778,2,One Year,70.48,135.12,Yes,DSL,Mailed Check,Yes,3,1
CUST-05779,66,Month-to-Month,47.42,2894.99,Yes,DSL,Electronic Check,No,1,0
CUST-05780,12,Two Year,92.21,1024.62,No,DSL,Bank Transfer,No,1,0
CUST-05781,42,Two Year,55.98,2349.14,No,Fiber Optic,Bank Transfer,Yes,1,0
CUST-05782,55,Month-to-Month,95.57,5217.13,Yes,DSL,Credit Card,Yes,0,0
CUST-05783,37,Two Year,28.75,972.1,No,Fiber Optic,Electronic Check,Yes,0,0
CUST-05784,1,Month-to-Month,83.72,77.06,No,DSL,Credit Card,Yes,0,1
CUST-05785,1,One Year,53.91,49.09,Yes,No,Electronic Check,Yes,1,0
CUST-05786,49,Two Year,88.26,3979.34,Yes,Fiber Optic,Bank Transfer,No,1,0
CUST-05787,65,Two Year,69.66,4206.53,No,Fiber Optic,Bank Transfer,Yes,3,0
CUST-05788,25,Two Year,56.62,1392.52,No,Fiber Optic,Mailed Check,Yes,1,1
CUST-05789,40,Month-to-Month,60.34,2195.21,Yes,DSL,Credit Card,Yes,2,0
CUST-05790,68,Two Year,48.74,3275.25,Yes,DSL,Mailed Check,Yes,2,0
CUST-05791,60,One Year,90.94,5441.08,Yes,Fiber Optic,Electronic Check,No,3,0
CUST-05792,39,Month-to-Month,43.78,1584.78,No,Fiber Optic,Mailed Check,Yes,3,0
CUST-05793,48,Month-to-Month,63.32,2874.09,Yes,DSL,Mailed Check,Yes,2,0
CUST-05794,70,One Year,78.63,5245.04,Yes,Fiber Optic,Bank Transfer,Yes,0,0
CUST-05795,58,One Year,110.34,5891.38,Yes,Fiber Optic,Mailed Check,Yes,1,0
CUST-05796,30,Month-to-Month,69.77,2036.92,No,No,Electronic Check,No,0,1
CUST-05797,50,Two Year,63.94,3062.73,No,No,Electronic Check,Yes,0,0
CUST-05798,24,One Year,76.84,1680.43,Yes,Fiber Optic,Bank Transfer,Yes,0,0
CUST-05799,67,Month-to-Month,18.16,1204.06,No,Fiber Optic,Mailed Check,No,0,0
CUST-05800,7,Month-to-Month,40.03,260.66,No,Fiber Optic,Credit Card,Yes,1,0
CUST-05801,17,One Year,60.62,943.59,No,Fiber Optic,Electronic Check,Yes,2,0
CUST-05802,25,One Year,52.18,1302.13,No,Fiber Optic,Bank Transfer,Yes,3,0
CUST-05803,15,One Year,29.98,409.36,No,DSL,Credit Card,Yes,4,1
CUST-05804,43,Month-to-Month,91.44,3562.2,No,No,Electronic Check,No,1,0
CUST-05805,52,One Year,76.49,3674.22,Yes,DSL,Mailed Check,No,0,1
CUST-05806,65,One Year,73.51,4452.88,No,DSL,Credit Card,Yes,3,0
CUST-05807,37,Two Year,52.65,1837.75,No,DSL,Electronic Check,Yes,2,0
CUST-05808,45,Month-to-Month,71.98,3137.12,Yes,No,Bank Transfer,Yes,0,1
CUST-05809,44,One Year,82.86,3414.59,No,DSL,Mailed Check,No,0,0
CUST-05810,1,Month-to-Month,63.38,60.59,Yes,Fiber Optic,Electronic Check,Yes,1,1
CUST-05811,52,Month-to-Month,81.11,3798.4,No,DSL,Bank Transfer,Yes,1,1
CUST-05812,2,One Year,50.1,94.04,Yes,Fiber Optic,Electronic Check,No,1,0
CUST-05813,40,One Year,72.44,2881.65,Yes,Fiber Optic,Credit Card,No,5,0
CUST-05814,72,Month-to-Month,98.56,6936.54,Yes,No,Mailed Check,No,0,0
CUST-05815,57,One Year,100.8,5596.67,Yes,DSL,Electronic Check,No,2,0
CUST-05816,37,Month-to-Month,103.19,3552.49,Yes,DSL,Electronic Check,Yes,0,0
CUST-05817,23,Month-to-Month,77.14,1683.41,No,DSL,Credit Card,Yes,1,0
CUST-05818,61,Month-to-Month,70.79,4251.05,No,Fiber Optic,Mailed Check,Yes,2,0
CUST-05819,62,Month-to-Month,58.78,3600.68,No,No,Electronic Check,Yes,0,0
CUST-05820,27,One Year,24.81,650.48,Yes,DSL,Electronic Check,Yes,2,0
CUST-05821,8,Two Year,36.38,275.22,No,No,Bank Transfer,No,0,0
CUST-05822,42,One Year,65.8,2507.46,No,DSL,Electronic Check,No,1,0
CUST-05823,46,Month-to-Month,67.29,2822.75,No,No,Credit Card,Yes,0,0
CUST-05824,68,Month-to-Month,105.31,6445.18,No,Fiber Optic,Electronic Check,No,1,1
CUST-05825,65,Month-to-Month,102.87,6258.08,No,No,Electronic Check,Yes,3,0
CUST-05826,17,One Year,52.84,810.55,No,Fiber Optic,Mailed Check,Yes,0,0
CUST-05827,19,Month-to-Month,90.46,1621.63,Yes,Fiber Optic,Electronic Check,Yes,0,1
CUST-05828,72,Month-to-Month,58.07,4012.77,No,DSL,Credit Card,No,1,1
CUST-05829,24,One Year,87.07,2005.23,Yes,Fiber Optic,Credit Card,No,2,0
CUST-05830,34,One Year,90.15,2928.79,No,Fiber Optic,Bank Transfer,No,2,0
CUST-05831,22,Month-to-Month,101.05,2051.07,No,DSL,Credit Card,No,0,1
CUST-05832,29,Month-to-Month,57.68,1592.29,No,Fiber Optic,Credit Card,Yes,0,0
CUST-05833,41,One Year,95.36,3901.88,Yes,DSL,Electronic Check,Yes,1,0
CUST-05834,22,Month-to-Month,23.18,481.64,No,Fiber Optic,Electronic Check,Yes,2,0
CUST-05835,30,Month-to-Month,102.41,3033.74,No,Fiber Optic,Bank Transfer,No,0,0
CUST-05836,26,Two Year,69.37,1692.05,No,DSL,Credit Card,Yes,1,0
CUST-05837,8,Month-to-Month,69.91,538.2,No,Fiber Optic,Credit Card,Yes,3,0
CUST-05838,57,Month-to-Month,19.06,1030.13,Yes,No,Bank Transfer,No,1,1
CUST-05839,65,Month-to-Month,60.28,3796.2,No,DSL,Electronic Check,Yes,3,1
CUST-05840,36,Month-to-Month,103.89,3701.66,No,DSL,Credit Card,Yes,2,1
CUST-05841,15,Month-to-Month,59.33,840.19,No,DSL,Bank Transfer,Yes,2,0
CUST-05842,47,Month-to-Month,87.84,4028.32,No,Fiber Optic,Credit Card,Yes,1,0
CUST-05843,39,One Year,70.86,2731.08,No,Fiber Optic,Bank Transfer,No,2,0
CUST-05844,40,Month-to-Month,96.57,3781.51,Yes,No,Electronic Check,No,1,0
CUST-05845,43,Two Year,74.79,2902.27,Yes,Fiber Optic,Bank Transfer,Yes,3,0
CUST-05846,52,Two Year,46.7,2185.61,Yes,DSL,Mailed Check,No,1,0
CUST-05847,3,Month-to-Month,71.41,211.72,No,DSL,Mailed Check,Yes,0,1
CUST-05848,8,Month-to-Month,110.03,856.41,No,DSL,Bank Transfer,No,1,0
CUST-05849,7,One Year,82.44,574.66,No,Fiber Optic,Credit Card,Yes,4,0
CUST-05850,12,Two Year,67.09,748.12,No,No,Bank Transfer,Yes,2,0
CUST-05851,70,Two Year,126.39,8659.71,No,DSL,Electronic Check,Yes,2,0
CUST-05852,53,Month-to-Month,98.98,5141.82,No,Fiber Optic,Electronic Check,No,0,0
CUST-05853,48,Month-to-Month,90.42,4278.24,No,Fiber Optic,Mailed Check,Yes,1,1
CUST-05854,51,Month-to-Month,77.93,3852.03,No,No,Bank Transfer,Yes,3,0
CUST-05855,3,Two Year,88.26,241.96,No,No,Bank Transfer,Yes,1,0
CUST-05856,16,One Year,89.07,1379.65,No,No,Mailed Check,No,2,0
CUST-05857,58,Month-to-Month,15.43,859.54,No,Fiber Optic,Mailed Check,Yes,3,0
CUST-05858,34,One Year,79.87,2534.63,No,DSL,Credit Card,No,2,0
CUST-05859,37,Month-to-Month,65.98,2248.06,Yes,DSL,Electronic Check,Yes,2,1
CUST-05860,55,One Year,57.51,3126.71,No,DSL,Bank Transfer,Yes,2,0
CUST-05861,6,Month-to-Month,65.11,357.14,No,Fiber Optic,Credit Card,Yes,1,0
CUST-05862,58,One Year,31.1,1699.58,Yes,No,Electronic Check,Yes,2,1
CUST-05863,50,One Year,24.88,1197.08,No,Fiber Optic,Electronic Check,Yes,2,0
CUST-05864,30,One Year,101.16,3026.24,No,Fiber Optic,Bank Transfer,Yes,1,0
CUST-05865,36,Month-to-Month,81.55,2839.21,Yes,DSL,Electronic Check,Yes,1,0
CUST-05866,6,Two Year,15.0,83.74,No,Fiber Optic,Mailed Check,Yes,2,0
CUST-05867,15,One Year,55.59,755.52,Yes,DSL,Credit Card,No,0,0
CUST-05868,18,Month-to-Month,92.01,1543.18,Yes,DSL,Electronic Check,Yes,1,1
CUST-05869,64,Month-to-Month,63.0,3746.85,Yes,DSL,Credit Card,Yes,2,0
CUST-05870,9,One Year,101.13,893.7,No,No,Electronic Check,No,0,0
CUST-05871,21,Month-to-Month,96.24,1895.05,No,Fiber Optic,Mailed Check,No,1,1
CUST-05872,10,Month-to-Month,36.08,328.27,No,No,Electronic Check,No,3,1
CUST-05873,21,Month-to-Month,66.42,1376.68,No,Fiber Optic,Bank Transfer,Yes,1,1
CUST-05874,1,Month-to-Month,58.8,53.03,Yes,Fiber Optic,Credit Card,No,2,1
CUST-05875,20,Month-to-Month,35.27,635.07,No,No,Electronic Check,Yes,4,0
CUST-05876,53,One Year,33.64,1689.27,No,No,Credit Card,Yes,2,0
CUST-05877,56,Month-to-Month,49.85,2531.76,No,DSL,Bank Transfer,Yes,3,0
CUST-05878,28,One Year,53.98,1387.06,Yes,DSL,Credit Card,No,1,0
CUST-05879,51,Month-to-Month,77.08,3925.3,No,DSL,Bank Transfer,Yes,2,0
CUST-05880,45,Month-to-Month,96.11,4257.64,No,Fiber Optic,Bank Transfer,Yes,1,1
CUST-05881,66,Month-to-Month,82.84,5338.43,Yes,DSL,Credit Card,Yes,0,0
CUST-05882,58,One Year,88.76,4978.6,Yes,Fiber Optic,Bank Transfer,Yes,2,0
CUST-05883,17,Two Year,63.33,974.1,Yes,Fiber Optic,Credit Card,Yes,2,0
CUST-05884,43,Month-to-Month,85.08,3598.41,No,No,Electronic Check,Yes,4,1
CUST-05885,57,Month-to-Month,66.29,3578.72,No,No,Electronic Check,No,1,1
CUST-05886,23,Month-to-Month,58.96,1233.8,Yes,Fiber Optic,Bank Transfer,Yes,0,0
CUST-05887,42,Month-to-Month,117.43,4587.19,Yes,Fiber Optic,Electronic Check,Yes,3,0
CUST-05888,29,Two Year,15.0,413.34,No,DSL,Mailed Check,Yes,2,0
CUST-05889,23,Month-to-Month,23.17,480.35,No,DSL,Credit Card,Yes,0,0
CUST-05890,15,Two Year,79.57,1104.32,No,Fiber Optic,Bank Transfer,Yes,2,0
CUST-05891,3,One Year,63.38,177.51,Yes,No,Credit Card,Yes,2,1
CUST-05892,54,Month-to-Month,34.08,1741.64,No,DSL,Mailed Check,Yes,1,0
CUST-05893,59,Two Year,43.63,2317.26,No,Fiber Optic,Electronic Check,Yes,2,0
CUST-05894,47,Month-to-Month,46.89,2108.06,Yes,Fiber Optic,Electronic Check,Yes,1,1
CUST-05895,18,One Year,92.31,1528.26,No,DSL,Credit Card,No,0,0
CUST-05896,2,Month-to-Month,100.31,192.54,Yes,No,Mailed Check,No,3,1
CUST-05897,46,Two Year,110.99,4717.09,Yes,No,Credit Card,Yes,2,0
CUST-05898,15,Month-to-Month,30.27,426.93,No,DSL,Electronic Check,Yes,1,1
CUST-05899,40,Month-to-Month,35.82,1378.87,No,Fiber Optic,Electronic Check,Yes,1,0
CUST-05900,70,Two Year,34.11,2305.7,Yes,DSL,Credit Card,No,0,0
CUST-05901,1,Month-to-Month,102.22,92.31,Yes,Fiber Optic,Bank Transfer,Yes,1,1
CUST-05902,42,Month-to-Month,80.43,3221.01,Yes,No,Mailed Check,Yes,1,0
CUST-05903,72,One Year,72.0,5088.95,No,DSL,Mailed Check,Yes,2,0
CUST-05904,25,Month-to-Month,75.74,1743.24,Yes,No,Mailed Check,No,1,1
CUST-05905,59,Two Year,68.58,3856.85,No,No,Credit Card,Yes,3,0
CUST-05906,60,One Year,41.97,2379.1,Yes,Fiber Optic,Electronic Check,No,0,0
CUST-05907,36,One Year,82.83,2937.13,No,Fiber Optic,Electronic Check,Yes,2,1
CUST-05908,23,Month-to-Month,65.35,1418.69,No,DSL,Electronic Check,Yes,2,0
CUST-05909,49,Month-to-Month,39.99,1948.51,Yes,Fiber Optic,Mailed Check,No,1,0
CUST-05910,45,Two Year,84.36,3664.25,No,DSL,Credit Card,No,2,0
CUST-05911,35,Month-to-Month,59.36,1986.47,No,DSL,Bank Transfer,Yes,1,1
CUST-05912,14,Month-to-Month,75.69,984.63,Yes,DSL,Credit Card,Yes,2,0
CUST-05913,54,Month-to-Month,66.88,3465.8,No,Fiber Optic,Bank Transfer,Yes,1,0
CUST-05914,16,Month-to-Month,92.28,1348.21,No,DSL,Mailed Check,No,2,1
CUST-05915,10,One Year,75.5,710.93,No,DSL,Bank Transfer,Yes,1,0
CUST-05916,5,One Year,47.91,222.41,No,Fiber Optic,Credit Card,No,0,0
CUST-05917,33,One Year,78.05,2490.72,Yes,DSL,Electronic Check,No,0,0
CUST-05918,9,Two Year,78.87,693.08,Yes,DSL,Mailed Check,Yes,3,0
CUST-05919,25,Month-to-Month,82.78,2054.73,Yes,DSL,Mailed Check,No,0,1
CUST-05920,18,Month-to-Month,95.9,1591.92,No,DSL,Credit Card,Yes,1,1
CUST-05921,34,Month-to-Month,54.6,1835.01,No,DSL,Electronic Check,Yes,1,1
CUST-05922,56,One Year,86.7,4780.41,Yes,DSL,Electronic Check,Yes,0,0
CUST-05923,33,Month-to-Month,26.88,874.84,Yes,Fiber Optic,Bank Transfer,No,0,0
CUST-05924,41,One Year,67.0,2675.71,Yes,DSL,Bank Transfer,No,1,1
CUST-05925,11,Month-to-Month,63.13,643.58,No,DSL,Electronic Check,Yes,1,1
CUST-05926,9,Two Year,106.2,944.13,Yes,Fiber Optic,Mailed Check,Yes,2,1
CUST-05927,71,Two Year,66.09,4504.48,No,Fiber Optic,Bank Transfer,Yes,1,0
CUST-05928,45,Two Year,85.2,3734.55,Yes,Fiber Optic,Mailed Check,Yes,1,0
CUST-05929,2,Month-to-Month,25.96,47.79,Yes,No,Mailed Check,No,1,0
CUST-05930,41,Two Year,61.21,2298.15,Yes,Fiber Optic,Electronic Check,Yes,1,0
CUST-05931,1,Month-to-Month,48.84,45.31,No,Fiber Optic,Credit Card,No,0,1
CUST-05932,6,Month-to-Month,131.89,752.67,Yes,Fiber Optic,Mailed Check,Yes,1,0
CUST-05933,27,Month-to-Month,53.33,1355.91,No,DSL,Bank Transfer,Yes,2,1
CUST-05934,48,Month-to-Month,71.83,3409.09,No,Fiber Optic,Mailed Check,Yes,2,0
CUST-05935,45,One Year,73.16,2967.27,Yes,Fiber Optic,Electronic Check,No,2,0
CUST-05936,57,Month-to-Month,30.26,1566.14,No,No,Bank Transfer,No,2,0
CUST-05937,13,Month-to-Month,56.85,689.19,Yes,No,Mailed Check,Yes,2,0
CUST-05938,14,One Year,80.12,1028.33,No,DSL,Electronic Check,Yes,2,0
CUST-05939,39,Two Year,72.14,2646.55,No,No,Credit Card,Yes,1,0
CUST-05940,63,One Year,15.0,918.31,No,Fiber Optic,Credit Card,No,2,0
CUST-05941,53,One Year,55.83,2957.04,No,Fiber Optic,Bank Transfer,No,0,1
CUST-05942,49,Month-to-Month,95.52,4307.01,Yes,No,Bank Transfer,No,2,0
CUST-05943,7,Two Year,84.71,549.44,Yes,DSL,Bank Transfer,Yes,1,0
CUST-05944,64,Month-to-Month,100.45,6280.13,Yes,Fiber Optic,Mailed Check,Yes,1,1
CUST-05945,71,Month-to-Month,45.36,2986.12,No,No,Electronic Check,Yes,1,0
CUST-05946,42,Month-to-Month,102.02,4157.9,Yes,DSL,Bank Transfer,Yes,3,0
CUST-05947,25,One Year,68.89,1650.52,Yes,Fiber Optic,Bank Transfer,Yes,1,0
CUST-05948,48,Month-to-Month,109.81,5194.4,No,No,Mailed Check,Yes,1,0
CUST-05949,47,One Year,70.08,2975.36,No,No,Credit Card,Yes,3,0
CUST-05950,67,Month-to-Month,18.81,1257.72,Yes,DSL,Mailed Check,Yes,0,0
CUST-05951,8,Month-to-Month,91.23,727.23,No,Fiber Optic,Mailed Check,Yes,1,1
CUST-05952,38,Month-to-Month,58.91,2019.73,No,DSL,Mailed Check,No,0,1
CUST-05953,52,Month-to-Month,60.59,2992.99,Yes,No,Bank Transfer,No,0,1
CUST-05954,26,Month-to-Month,33.67,823.02,No,Fiber Optic,Electronic Check,Yes,1,1
CUST-05955,61,One Year,110.55,6240.59,No,Fiber Optic,Mailed Check,No,0,0
CUST-05956,5,Month-to-Month,56.97,284.22,No,No,Bank Transfer,No,0,0
CUST-05957,8,Month-to-Month,109.38,802.81,No,Fiber Optic,Bank Transfer,Yes,0,1
CUST-05958,57,One Year,59.22,3126.95,Yes,Fiber Optic,Electronic Check,No,0,0
CUST-05959,10,Month-to-Month,46.81,421.67,No,Fiber Optic,Bank Transfer,Yes,2,0
CUST-05960,31,Month-to-Month,102.99,3058.67,No,Fiber Optic,Credit Card,Yes,1,1
CUST-05961,21,Month-to-Month,68.17,1411.64,No,Fiber Optic,Mailed Check,Yes,2,0
CUST-05962,50,Month-to-Month,68.41,3291.18,Yes,No,Bank Transfer,Yes,1,0
CUST-05963,1,Month-to-Month,37.96,36.64,No,DSL,Electronic Check,Yes,1,1
CUST-05964,26,One Year,58.56,1380.4,No,DSL,Mailed Check,No,1,0
CUST-05965,71,Month-to-Month,80.72,5567.67,No,Fiber Optic,Electronic Check,No,4,0
CUST-05966,27,One Year,37.52,953.17,Yes,DSL,Credit Card,Yes,0,0
CUST-05967,44,Month-to-Month,56.52,2356.0,Yes,Fiber Optic,Electronic Check,Yes,2,1
CUST-05968,72,One Year,59.49,4105.53,Yes,Fiber Optic,Credit Card,No,0,0
CUST-05969,44,One Year,71.66,3145.27,No,DSL,Mailed Check,No,1,0
CUST-05970,55,Month-to-Month,106.99,5736.27,Yes,Fiber Optic,Mailed Check,Yes,4,1
CUST-05971,70,Month-to-Month,62.5,4236.72,No,DSL,Mailed Check,No,2,1
CUST-05972,45,Month-to-Month,52.74,2238.47,No,Fiber Optic,Electronic Check,Yes,3,1
CUST-05973,60,Two Year,138.66,7516.3,Yes,DSL,Electronic Check,Yes,0,0
CUST-05974,37,Two Year,59.17,2088.29,No,DSL,Mailed Check,Yes,1,0
CUST-05975,59,Month-to-Month,65.23,3718.06,Yes,DSL,Bank Transfer,No,1,0
CUST-05976,47,One Year,61.05,2784.47,Yes,Fiber Optic,Bank Transfer,Yes,1,0
CUST-05977,25,Month-to-Month,63.08,1515.16,Yes,Fiber Optic,Credit Card,No,2,0
CUST-05978,41,Month-to-Month,71.94,2743.18,No,Fiber Optic,Electronic Check,No,1,1
CUST-05979,25,One Year,93.02,2144.35,No,DSL,Bank Transfer,Yes,3,0
CUST-05980,29,Month-to-Month,80.1,2111.54,Yes,Fiber Optic,Electronic Check,Yes,0,0
CUST-05981,22,Month-to-Month,96.93,2069.09,No,Fiber Optic,Mailed Check,Yes,2,1
CUST-05982,36,Two Year,96.1,3449.49,Yes,Fiber Optic,Electronic Check,Yes,0,0
CUST-05983,25,Month-to-Month,75.21,1790.94,Yes,DSL,Credit Card,Yes,2,0
CUST-05984,46,One Year,79.41,3533.48,No,Fiber Optic,Mailed Check,No,0,0
CUST-05985,27,Month-to-Month,97.72,2557.34,No,Fiber Optic,Mailed Check,No,0,0
CUST-05986,36,Month-to-Month,42.22,1392.47,No,Fiber Optic,Electronic Check,Yes,1,1
CUST-05987,11,Month-to-Month,132.46,1339.3,No,Fiber Optic,Mailed Check,No,1,1
CUST-05988,28,Two Year,57.19,1474.52,No,DSL,Electronic Check,No,1,0
CUST-05989,26,Month-to-Month,61.23,1581.29,Yes,DSL,Bank Transfer,No,0,0
CUST-05990,70,Month-to-Month,39.7,2505.43,Yes,No,Bank Transfer,Yes,1,0
CUST-05991,33,One Year,40.45,1273.6,No,Fiber Optic,Electronic Check,Yes,0,1
CUST-05992,2,Two Year,94.35,176.95,No,Fiber Optic,Electronic Check,No,0,0
CUST-05993,23,Two Year,126.75,2815.94,Yes,Fiber Optic,Electronic Check,Yes,1,0
CUST-05994,53,One Year,55.82,2727.85,Yes,DSL,Mailed Check,Yes,2,0
CUST-05995,12,Month-to-Month,78.68,940.49,Yes,DSL,Electronic Check,No,1,1
CUST-05996,12,One Year,75.5,845.41,No,Fiber Optic,Electronic Check,No,1,1
CUST-05997,27,Two Year,95.01,2546.27,Yes,DSL,Electronic Check,Yes,1,0
CUST-05998,26,Two Year,125.47,3128.21,No,No,Electronic Check,No,0,0
CUST-05999,35,Two Year,108.02,3559.33,No,DSL,Bank Transfer,Yes,0,0
CUST-06000,3,Month-to-Month,64.03,186.98,No,Fiber Optic,Bank Transfer,No,2,0
CUST-06001,52,Month-to-Month,83.22,4134.03,Yes,DSL,Electronic Check,Yes,0,0
CUST-06002,16,One Year,85.7,1253.08,Yes,No,Mailed Check,Yes,1,0
CUST-06003,52,Month-to-Month,69.5,3507.2,Yes,No,Bank Transfer,No,1,0
CUST-06004,41,Month-to-Month,42.6,1673.15,Yes,DSL,Mailed Check,Yes,1,0
CUST-06005,15,Month-to-Month,50.03,717.85,No,Fiber Optic,Credit Card,No,0,1
CUST-06006,34,One Year,98.7,3267.93,No,No,Bank Transfer,Yes,2,0
CUST-06007,3,Two Year,101.28,293.31,Yes,Fiber Optic,Bank Transfer,Yes,0,0
CUST-06008,51,One Year,64.81,3095.83,No,DSL,Mailed Check,Yes,2,0
CUST-06009,22,Two Year,76.53,1568.92,No,Fiber Optic,Mailed Check,No,0,0
CUST-06010,28,One Year,99.93,2588.42,No,Fiber Optic,Electronic Check,No,1,1
CUST-06011,12,One Year,27.39,314.72,Yes,DSL,Electronic Check,Yes,0,0
CUST-06012,27,Month-to-Month,58.84,1477.45,Yes,No,Credit Card,Yes,1,0
CUST-06013,29,One Year,120.45,3185.81,Yes,No,Credit Card,Yes,0,1
CUST-06014,17,Month-to-Month,77.48,1288.54,No,DSL,Credit Card,Yes,1,1
CUST-06015,71,Month-to-Month,41.77,2731.12,Yes,Fiber Optic,Mailed Check,Yes,1,0
CUST-06016,21,Month-to-Month,72.93,1403.63,No,DSL,Credit Card,No,0,1
CUST-06017,14,Two Year,95.54,1317.36,No,No,Bank Transfer,Yes,0,0
CUST-06018,40,One Year,15.0,582.13,Yes,No,Mailed Check,Yes,6,1
CUST-06019,23,Two Year,74.41,1671.41,Yes,No,Credit Card,No,1,0
CUST-06020,33,Two Year,60.69,1872.66,Yes,DSL,Credit Card,No,1,0
CUST-06021,53,Two Year,28.95,1475.65,No,DSL,Mailed Check,No,1,0
CUST-06022,6,Month-to-Month,72.05,429.37,No,Fiber Optic,Credit Card,Yes,2,1
CUST-06023,37,Two Year,66.59,2287.1,Yes,DSL,Credit Card,Yes,1,0
CUST-06024,2,Two Year,69.4,125.88,Yes,DSL,Bank Transfer,Yes,2,0
CUST-06025,4,Two Year,61.29,224.83,No,DSL,Mailed Check,Yes,1,0
CUST-06026,7,Month-to-Month,44.47,308.1,No,Fiber Optic,Electronic Check,No,1,0
CUST-06027,12,Month-to-Month,33.63,374.57,Yes,Fiber Optic,Credit Card,No,0,0
CUST-06028,26,Two Year,52.73,1301.23,No,Fiber Optic,Electronic Check,Yes,0,0
CUST-06029,68,Month-to-Month,91.48,5931.11,Yes,DSL,Electronic Check,No,1,0
CUST-06030,66,Month-to-Month,75.83,4984.77,Yes,Fiber Optic,Mailed Check,No,5,0
CUST-06031,8,Month-to-Month,68.27,508.01,Yes,Fiber Optic,Mailed Check,Yes,1,1
CUST-06032,72,Month-to-Month,44.01,3017.06,No,DSL,Electronic Check,Yes,0,0
CUST-06033,46,Month-to-Month,60.65,2778.22,No,Fiber Optic,Electronic Check,No,0,1
CUST-06034,40,Two Year,88.43,3254.7,No,Fiber Optic,Credit Card,Yes,2,0
CUST-06035,58,Two Year,82.62,4599.27,Yes,DSL,Mailed Check,Yes,4,0
CUST-06036,35,Two Year,58.07,1842.13,Yes,No,Credit Card,Yes,1,0
CUST-06037,20,Month-to-Month,15.0,277.89,Yes,Fiber Optic,Credit Card,No,0,0
CUST-06038,39,Month-to-Month,53.13,1879.2,Yes,Fiber Optic,Mailed Check,No,2,0
CUST-06039,53,Month-to-Month,57.93,2864.63,No,No,Mailed Check,Yes,0,0
CUST-06040,50,Month-to-Month,47.32,2178.24,No,Fiber Optic,Electronic Check,Yes,1,0
CUST-06041,13,Month-to-Month,59.67,760.07,Yes,Fiber Optic,Credit Card,No,3,1
CUST-06042,68,One Year,90.41,5817.98,Yes,DSL,Bank Transfer,No,1,0
CUST-06043,21,Two Year,69.07,1364.17,Yes,Fiber Optic,Credit Card,No,3,0
CUST-06044,60,Month-to-Month,94.74,5509.5,No,No,Credit Card,No,0,0
CUST-06045,23,Month-to-Month,32.29,738.75,Yes,No,Electronic Check,No,0,1
CUST-06046,5,Month-to-Month,62.37,290.07,No,Fiber Optic,Credit Card,Yes,1,1
CUST-06047,72,Month-to-Month,21.52,1404.84,Yes,Fiber Optic,Credit Card,Yes,0,0
CUST-06048,43,Month-to-Month,59.34,2324.47,Yes,Fiber Optic,Mailed Check,Yes,3,0
CUST-06049,16,Month-to-Month,43.86,691.74,Yes,Fiber Optic,Credit Card,Yes,1,1
CUST-06050,1,Month-to-Month,102.03,100.46,Yes,DSL,Bank Transfer,Yes,0,0
CUST-06051,10,Month-to-Month,80.24,760.3,No,Fiber Optic,Mailed Check,Yes,2,0
CUST-06052,13,Two Year,95.37,1134.13,Yes,Fiber Optic,Electronic Check,Yes,1,0
CUST-06053,67,Month-to-Month,59.27,3783.05,Yes,Fiber Optic,Bank Transfer,No,0,0
CUST-06054,13,Month-to-Month,44.51,559.44,Yes,Fiber Optic,Credit Card,Yes,0,0
CUST-06055,12,Month-to-Month,43.71,489.49,Yes,No,Electronic Check,No,0,0
CUST-06056,61,Month-to-Month,76.64,4246.11,No,No,Mailed Check,Yes,0,1
CUST-06057,64,One Year,115.25,6875.86,No,No,Electronic Check,Yes,1,0
CUST-06058,16,Two Year,80.31,1245.2,Yes,No,Bank Transfer,Yes,1,0
CUST-06059,47,Two Year,60.63,2843.45,Yes,Fiber Optic,Bank Transfer,Yes,0,0
CUST-06060,39,One Year,65.28,2339.72,No,Fiber Optic,Credit Card,Yes,2,0
CUST-06061,42,Month-to-Month,69.22,2882.4,No,DSL,Electronic Check,Yes,1,0
CUST-06062,23,Month-to-Month,120.67,2624.6,No,No,Electronic Check,No,2,1
CUST-06063,55,Month-to-Month,100.84,5359.41,Yes,DSL,Electronic Check,Yes,0,1
CUST-06064,64,Month-to-Month,76.5,4829.27,Yes,Fiber Optic,Credit Card,No,0,0
CUST-06065,53,Two Year,72.74,3684.61,Yes,DSL,Mailed Check,Yes,1,0
CUST-06066,66,Month-to-Month,77.48,4633.74,Yes,Fiber Optic,Electronic Check,Yes,1,0
CUST-06067,8,Month-to-Month,82.36,610.5,No,DSL,Electronic Check,No,1,1
CUST-06068,48,Month-to-Month,59.67,2807.71,No,Fiber Optic,Electronic Check,Yes,1,0
CUST-06069,72,Month-to-Month,48.9,3363.38,Yes,No,Bank Transfer,Yes,1,0
CUST-06070,39,Two Year,95.81,3485.89,No,DSL,Mailed Check,Yes,0,0
CUST-06071,68,Month-to-Month,70.55,4597.49,Yes,DSL,Bank Transfer,Yes,1,0
CUST-06072,26,Month-to-Month,93.72,2258.49,Yes,No,Electronic Check,Yes,2,1
CUST-06073,65,Month-to-Month,111.15,6676.4,No,DSL,Mailed Check,No,1,0
CUST-06074,68,Two Year,83.02,5548.48,Yes,Fiber Optic,Bank Transfer,Yes,1,0
CUST-06075,45,Month-to-Month,78.96,3340.03,No,No,Electronic Check,No,2,1
CUST-06076,51,One Year,150.0,7094.6,No,Fiber Optic,Electronic Check,No,2,0
CUST-06077,38,Month-to-Month,75.18,2688.05,Yes,DSL,Electronic Check,Yes,0,1
CUST-06078,23,Month-to-Month,42.74,975.22,Yes,Fiber Optic,Bank Transfer,No,2,0
CUST-06079,39,Two Year,62.97,2254.65,Yes,No,Bank Transfer,No,1,0
CUST-06080,70,Month-to-Month,108.79,6994.83,No,Fiber Optic,Mailed Check,Yes,1,1
CUST-06081,2,Month-to-Month,37.65,70.43,Yes,Fiber Optic,Bank Transfer,Yes,2,0
CUST-06082,15,One Year,51.19,695.71,No,DSL,Electronic Check,No,0,0
CUST-06083,36,Month-to-Month,97.66,3190.52,Yes,No,Credit Card,No,3,0
CUST-06084,25,Month-to-Month,63.21,1423.96,No,DSL,Bank Transfer,No,1,0
CUST-06085,45,Two Year,67.24,2767.45,Yes,DSL,Electronic Check,Yes,2,0
CUST-06086,26,Month-to-Month,96.83,2427.04,No,DSL,Credit Card,Yes,0,1
CUST-06087,48,Month-to-Month,52.08,2298.96,No,No,Mailed Check,No,2,1
CUST-06088,8,Month-to-Month,33.28,249.67,Yes,Fiber Optic,Mailed Check,Yes,0,1
CUST-06089,24,One Year,35.28,821.79,Yes,DSL,Mailed Check,No,0,0
CUST-06090,50,Month-to-Month,84.54,3817.75,No,DSL,Credit Card,Yes,1,1
CUST-06091,34,Month-to-Month,76.48,2394.65,No,No,Electronic Check,Yes,0,1
CUST-06092,52,One Year,52.69,2738.75,No,DSL,Electronic Check,No,1,0
CUST-06093,46,One Year,41.03,1811.31,Yes,Fiber Optic,Credit Card,No,2,0
CUST-06094,24,Two Year,63.24,1466.15,No,Fiber Optic,Credit Card,No,0,0
CUST-06095,31,Month-to-Month,97.91,2888.32,Yes,Fiber Optic,Credit Card,No,1,1
CUST-06096,70,Month-to-Month,49.1,3425.28,No,Fiber Optic,Electronic Check,Yes,3,0
CUST-06097,70,Month-to-Month,53.43,3420.06,No,No,Bank Transfer,No,0,0
CUST-06098,3,One Year,40.24,109.46,No,DSL,Mailed Check,Yes,0,0
CUST-06099,51,Month-to-Month,60.81,3044.3,No,Fiber Optic,Electronic Check,Yes,0,1
CUST-06100,36,One Year,78.45,2542.94,Yes,DSL,Electronic Check,No,1,0
CUST-06101,1,Month-to-Month,122.88,117.49,No,Fiber Optic,Credit Card,No,1,1
CUST-06102,46,Two Year,75.44,3123.71,Yes,Fiber Optic,Electronic Check,Yes,1,0
CUST-06103,2,Two Year,68.66,128.37,Yes,Fiber Optic,Electronic Check,No,4,0
CUST-06104,23,Month-to-Month,91.57,2032.58,No,No,Electronic Check,Yes,0,1
CUST-06105,50,Two Year,87.41,4172.66,No,No,Bank Transfer,No,1,0
CUST-06106,59,Two Year,55.56,3133.76,No,DSL,Bank Transfer,No,1,0
CUST-06107,30,Month-to-Month,127.55,3504.06,No,Fiber Optic,Electronic Check,No,0,1
CUST-06108,59,Month-to-Month,69.39,3805.27,No,Fiber Optic,Credit Card,No,0,0
CUST-06109,61,One Year,75.91,4496.24,No,No,Electronic Check,No,2,0
CUST-06110,33,Month-to-Month,83.78,2494.71,No,DSL,Mailed Check,Yes,1,0
CUST-06111,13,Month-to-Month,78.65,981.07,Yes,Fiber Optic,Electronic Check,No,3,1
CUST-06112,48,Month-to-Month,108.13,4939.59,No,Fiber Optic,Mailed Check,No,3,0
CUST-06113,1,Two Year,55.25,51.63,No,DSL,Credit Card,Yes,2,0
CUST-06114,65,Month-to-Month,89.58,5435.36,No,Fiber Optic,Bank Transfer,No,1,1
CUST-06115,28,One Year,74.11,2033.36,No,DSL,Electronic Check,Yes,2,0
CUST-06116,55,Month-to-Month,94.57,4879.9,No,DSL,Credit Card,Yes,4,0
CUST-06117,53,Month-to-Month,64.63,3110.21,No,Fiber Optic,Bank Transfer,No,1,0
CUST-06118,35,Two Year,61.24,2135.26,No,DSL,Mailed Check,Yes,1,0
CUST-06119,70,Month-to-Month,88.3,5643.48,No,DSL,Credit Card,No,3,1
CUST-06120,58,Month-to-Month,78.95,4486.35,No,Fiber Optic,Bank Transfer,No,0,0
CUST-06121,64,Month-to-Month,49.49,2855.04,No,Fiber Optic,Bank Transfer,No,0,0
CUST-06122,7,One Year,103.64,679.37,No,Fiber Optic,Electronic Check,No,0,1
CUST-06123,35,Month-to-Month,88.31,2941.0,No,No,Electronic Check,No,0,1
CUST-06124,69,Month-to-Month,68.14,4245.5,No,Fiber Optic,Credit Card,Yes,4,0
CUST-06125,59,Month-to-Month,58.29,3347.66,No,DSL,Bank Transfer,Yes,1,0
CUST-06126,33,Month-to-Month,79.1,2417.29,Yes,DSL,Credit Card,No,0,1
CUST-06127,6,Month-to-Month,86.51,495.24,No,Fiber Optic,Bank Transfer,No,0,0
CUST-06128,21,Month-to-Month,30.15,620.0,No,Fiber Optic,Credit Card,No,2,0
CUST-06129,42,Month-to-Month,79.39,3198.04,No,No,Mailed Check,Yes,0,1
CUST-06130,47,Month-to-Month,86.31,3835.74,No,Fiber Optic,Mailed Check,Yes,2,1
CUST-06131,67,One Year,15.0,938.28,No,Fiber Optic,Electronic Check,Yes,1,0
CUST-06132,7,One Year,74.9,474.23,No,No,Electronic Check,Yes,1,0
CUST-06133,29,Month-to-Month,87.37,2511.69,Yes,Fiber Optic,Mailed Check,No,1,0
CUST-06134,20,Month-to-Month,84.52,1621.42,No,Fiber Optic,Mailed Check,Yes,2,1
CUST-06135,70,Month-to-Month,90.06,6071.91,Yes,Fiber Optic,Electronic Check,Yes,1,0
CUST-06136,12,Two Year,61.81,700.22,No,DSL,Bank Transfer,Yes,0,0
CUST-06137,16,Month-to-Month,44.0,659.84,Yes,Fiber Optic,Mailed Check,Yes,2,0
CUST-06138,22,Month-to-Month,25.01,497.77,No,DSL,Mailed Check,Yes,0,1
CUST-06139,8,Month-to-Month,97.31,713.79,No,Fiber Optic,Mailed Check,No,2,0
CUST-06140,47,Month-to-Month,87.58,3879.8,Yes,No,Electronic Check,No,0,0
CUST-06141,38,Month-to-Month,99.21,3484.1,No,Fiber Optic,Bank Transfer,Yes,3,0
CUST-06142,41,Month-to-Month,51.87,1923.45,No,DSL,Mailed Check,Yes,2,1
CUST-06143,66,One Year,90.1,5676.63,No,DSL,Mailed Check,Yes,0,0
CUST-06144,32,One Year,32.43,982.15,No,No,Mailed Check,Yes,0,0
CUST-06145,23,One Year,48.26,1045.75,No,DSL,Electronic Check,No,0,0
CUST-06146,28,One Year,73.15,2004.01,Yes,Fiber Optic,Credit Card,Yes,5,0
CUST-06147,58,Month-to-Month,86.58,4820.54,No,Fiber Optic,Credit Card,Yes,1,0
CUST-06148,39,Two Year,111.98,3931.12,No,DSL,Electronic Check,No,1,0
CUST-06149,13,One Year,64.0,812.19,No,Fiber Optic,Electronic Check,No,1,0
CUST-06150,50,Two Year,48.36,2292.89,Yes,DSL,Credit Card,Yes,2,0
CUST-06151,54,One Year,47.07,2418.96,No,Fiber Optic,Bank Transfer,Yes,1,0
CUST-06152,18,Month-to-Month,52.8,939.9,Yes,DSL,Electronic Check,Yes,0,0
CUST-06153,41,Month-to-Month,125.53,4688.27,No,DSL,Bank Transfer,Yes,1,1
CUST-06154,41,Month-to-Month,88.92,3499.67,Yes,DSL,Credit Card,No,2,1
CUST-06155,13,Month-to-Month,97.81,1180.25,Yes,No,Electronic Check,Yes,2,0
CUST-06156,1,Month-to-Month,64.03,57.86,Yes,Fiber Optic,Bank Transfer,Yes,0,1
CUST-06157,52,Month-to-Month,69.96,3433.24,No,No,Credit Card,Yes,3,0
CUST-06158,45,Month-to-Month,87.48,3654.59,No,Fiber Optic,Electronic Check,Yes,1,0
CUST-06159,52,Two Year,57.36,2684.89,No,No,Credit Card,Yes,1,0
CUST-06160,28,One Year,62.72,1667.11,Yes,Fiber Optic,Credit Card,No,2,0
CUST-06161,38,One Year,53.13,1879.86,No,Fiber Optic,Bank Transfer,Yes,0,0
CUST-06162,71,Month-to-Month,58.81,3939.23,Yes,Fiber Optic,Mailed Check,Yes,2,1
CUST-06163,17,One Year,71.22,1091.09,Yes,DSL,Bank Transfer,Yes,3,0
CUST-06164,48,Two Year,49.46,2232.06,No,No,Bank Transfer,Yes,1,0
CUST-06165,10,One Year,77.15,730.64,No,No,Electronic Check,No,0,0
CUST-06166,5,One Year,77.11,364.96,No,DSL,Electronic Check,Yes,0,1
CUST-06167,69,Month-to-Month,65.52,4392.91,Yes,No,Electronic Check,Yes,1,0
CUST-06168,10,Month-to-Month,49.31,492.67,No,DSL,Mailed Check,No,0,0
CUST-06169,48,One Year,72.62,3146.9,Yes,Fiber Optic,Bank Transfer,No,2,0
CUST-06170,38,Two Year,57.38,2048.75,No,No,Credit Card,No,1,0
CUST-06171,59,Month-to-Month,71.16,4138.28,Yes,DSL,Mailed Check,Yes,2,0
CUST-06172,40,Month-to-Month,97.45,3752.1,No,DSL,Bank Transfer,No,2,0
CUST-06173,51,Month-to-Month,38.68,1969.45,Yes,Fiber Optic,Bank Transfer,Yes,0,1
CUST-06174,65,Month-to-Month,124.34,7850.48,Yes,Fiber Optic,Mailed Check,No,1,0
CUST-06175,60,Two Year,68.19,3978.58,Yes,Fiber Optic,Bank Transfer,No,1,0
CUST-06176,52,One Year,80.3,3789.81,No,Fiber Optic,Electronic Check,No,2,0
CUST-06177,12,Month-to-Month,51.18,569.65,Yes,DSL,Electronic Check,No,2,1
CUST-06178,13,Month-to-Month,98.56,1227.95,No,DSL,Electronic Check,No,1,0
CUST-06179,36,Month-to-Month,66.86,2292.0,Yes,No,Credit Card,Yes,0,1
CUST-06180,48,Month-to-Month,60.15,2818.66,Yes,Fiber Optic,Credit Card,Yes,0,0
CUST-06181,49,Month-to-Month,55.61,2723.16,No,Fiber Optic,Bank Transfer,No,2,1
CUST-06182,57,Two Year,63.29,3321.38,Yes,DSL,Bank Transfer,No,1,0
CUST-06183,8,One Year,80.46,606.89,No,No,Bank Transfer,No,2,0
CUST-06184,13,Month-to-Month,74.32,953.29,No,DSL,Mailed Check,Yes,0,1
CUST-06185,11,One Year,69.0,746.72,No,DSL,Electronic Check,Yes,1,0
CUST-06186,39,One Year,52.21,1998.97,No,DSL,Electronic Check,Yes,4,0
CUST-06187,46,Month-to-Month,50.77,2246.77,Yes,Fiber Optic,Electronic Check,Yes,0,0
CUST-06188,9,One Year,58.48,525.96,Yes,DSL,Credit Card,Yes,0,0
CUST-06189,63,One Year,81.51,4805.41,Yes,DSL,Bank Transfer,Yes,1,1
CUST-06190,22,Two Year,86.56,1736.03,No,Fiber Optic,Bank Transfer,Yes,4,0
CUST-06191,48,Month-to-Month,89.93,3942.2,Yes,Fiber Optic,Credit Card,Yes,2,0
CUST-06192,55,Month-to-Month,69.96,3630.67,Yes,DSL,Bank Transfer,Yes,0,0
CUST-06193,3,Month-to-Month,79.59,234.11,No,Fiber Optic,Bank Transfer,No,2,1
CUST-06194,63,Month-to-Month,65.79,3917.99,No,Fiber Optic,Credit Card,Yes,2,1
CUST-06195,70,Month-to-Month,26.44,1778.87,No,DSL,Electronic Check,Yes,3,0
CUST-06196,70,One Year,64.6,4231.7,Yes,DSL,Electronic Check,Yes,3,0
CUST-06197,11,Month-to-Month,60.62,647.8,No,No,Bank Transfer,Yes,1,0
CUST-06198,29,Month-to-Month,44.02,1168.47,No,Fiber Optic,Electronic Check,No,1,0
CUST-06199,17,Two Year,55.82,903.4,No,DSL,Bank Transfer,No,0,0
CUST-06200,33,Month-to-Month,73.38,2224.22,Yes,Fiber Optic,Credit Card,No,1,0
CUST-06201,71,Month-to-Month,41.67,2801.35,Yes,DSL,Credit Card,Yes,1,0
CUST-06202,55,One Year,52.23,2709.05,Yes,Fiber Optic,Electronic Check,Yes,1,0
CUST-06203,56,Month-to-Month,108.7,5846.49,No,Fiber Optic,Electronic Check,No,0,0
CUST-06204,31,Month-to-Month,29.93,882.32,Yes,DSL,Credit Card,Yes,1,0
CUST-06205,68,One Year,65.42,4437.77,Yes,No,Credit Card,Yes,1,0
CUST-06206,67,Month-to-Month,40.84,2709.0,Yes,Fiber Optic,Electronic Check,Yes,1,1
CUST-06207,59,Month-to-Month,51.21,2808.1,No,DSL,Credit Card,No,2,0
CUST-06208,59,Month-to-Month,65.06,3501.2,Yes,DSL,Credit Card,Yes,0,0
CUST-06209,47,Two Year,45.31,1930.4,Yes,DSL,Electronic Check,No,0,0
CUST-06210,7,Month-to-Month,84.35,543.1,No,No,Mailed Check,Yes,0,0
CUST-06211,21,One Year,103.78,2009.85,No,Fiber Optic,Credit Card,Yes,0,0
CUST-06212,56,Month-to-Month,91.04,5041.49,No,Fiber Optic,Bank Transfer,Yes,2,1
CUST-06213,24,One Year,95.62,2277.63,No,DSL,Bank Transfer,Yes,0,0
CUST-06214,13,Month-to-Month,35.51,426.11,Yes,DSL,Credit Card,Yes,0,1
CUST-06215,69,Month-to-Month,63.92,4304.07,Yes,Fiber Optic,Credit Card,Yes,1,1
CUST-06216,36,Month-to-Month,81.69,2892.54,Yes,Fiber Optic,Electronic Check,Yes,0,1
CUST-06217,62,One Year,91.78,5336.14,Yes,DSL,Mailed Check,Yes,1,0
CUST-06218,21,Month-to-Month,113.83,2359.74,Yes,DSL,Credit Card,Yes,0,1
CUST-06219,26,Month-to-Month,96.73,2512.13,No,No,Electronic Check,No,3,1
CUST-06220,25,Month-to-Month,92.41,2302.81,Yes,Fiber Optic,Electronic Check,Yes,2,0
CUST-06221,27,Month-to-Month,135.84,3573.02,No,DSL,Credit Card,No,0,1
CUST-06222,32,One Year,72.41,2171.53,Yes,Fiber Optic,Credit Card,No,3,0
CUST-06223,22,Month-to-Month,62.77,1274.19,No,Fiber Optic,Electronic Check,No,1,1
CUST-06224,59,Month-to-Month,74.43,4388.24,No,Fiber Optic,Electronic Check,No,1,0
CUST-06225,24,Month-to-Month,47.12,1049.02,Yes,No,Credit Card,Yes,3,1
CUST-06226,32,Month-to-Month,71.69,2165.24,Yes,DSL,Electronic Check,No,0,1
CUST-06227,62,Month-to-Month,26.83,1541.05,No,No,Electronic Check,No,0,1
CUST-06228,32,Month-to-Month,56.76,1724.8,No,DSL,Credit Card,No,1,1
CUST-06229,1,Month-to-Month,67.12,61.15,Yes,DSL,Credit Card,No,2,1
CUST-06230,1,Two Year,93.74,91.95,Yes,Fiber Optic,Mailed Check,Yes,1,0
CUST-06231,32,Month-to-Month,97.78,2974.11,No,Fiber Optic,Bank Transfer,No,3,1
CUST-06232,47,Two Year,45.91,2032.51,No,DSL,Mailed Check,No,1,0
CUST-06233,68,Month-to-Month,121.9,7761.3,No,DSL,Electronic Check,No,0,0
CUST-06234,10,Month-to-Month,73.71,706.13,Yes,DSL,Credit Card,No,1,1
CUST-06235,40,Month-to-Month,76.0,2973.09,No,DSL,Mailed Check,No,2,0
CUST-06236,21,Month-to-Month,29.56,614.71,No,DSL,Bank Transfer,No,0,0
CUST-06237,33,One Year,54.5,1770.0,No,DSL,Mailed Check,Yes,1,0
CUST-06238,32,Two Year,96.25,2909.22,No,No,Mailed Check,No,1,0
CUST-06239,23,One Year,74.24,1679.17,Yes,Fiber Optic,Electronic Check,Yes,1,0
CUST-06240,2,One Year,72.7,138.55,Yes,No,Mailed Check,No,2,0
CUST-06241,6,Month-to-Month,75.68,437.65,No,DSL,Bank Transfer,Yes,1,0
CUST-06242,38,Month-to-Month,33.92,1247.01,No,DSL,Credit Card,Yes,0,0
CUST-06243,17,One Year,67.58,1079.89,No,Fiber Optic,Credit Card,Yes,1,0
CUST-06244,24,Month-to-Month,105.21,2395.27,No,Fiber Optic,Electronic Check,No,3,1
CUST-06245,7,Month-to-Month,97.17,659.28,Yes,Fiber Optic,Mailed Check,Yes,2,0
CUST-06246,4,Two Year,66.87,248.97,Yes,DSL,Mailed Check,No,1,0
CUST-06247,10,Two Year,109.09,1063.29,No,No,Bank Transfer,Yes,3,1
CUST-06248,28,One Year,38.52,1008.9,Yes,Fiber Optic,Credit Card,No,2,0
CUST-06249,12,Month-to-Month,45.71,525.78,No,Fiber Optic,Credit Card,Yes,2,1
CUST-06250,17,Two Year,116.59,1949.85,Yes,Fiber Optic,Electronic Check,Yes,2,0
CUST-06251,22,Month-to-Month,84.45,1676.42,Yes,DSL,Bank Transfer,Yes,1,1
CUST-06252,21,Month-to-Month,62.78,1218.23,Yes,DSL,Electronic Check,Yes,2,1
CUST-06253,1,Month-to-Month,68.62,65.61,No,No,Electronic Check,No,0,1
CUST-06254,9,Two Year,49.83,408.38,Yes,Fiber Optic,Electronic Check,Yes,0,0
CUST-06255,69,Two Year,76.91,4885.22,No,DSL,Mailed Check,No,0,0
CUST-06256,49,One Year,74.93,3579.45,Yes,DSL,Mailed Check,No,0,0
CUST-06257,9,Month-to-Month,70.5,572.69,No,DSL,Mailed Check,Yes,1,1
CUST-06258,21,Month-to-Month,41.01,827.63,No,No,Bank Transfer,No,3,0
CUST-06259,28,Month-to-Month,76.62,1938.15,No,No,Electronic Check,No,0,0
CUST-06260,66,Two Year,56.76,3414.97,No,Fiber Optic,Mailed Check,Yes,3,0
CUST-06261,64,Month-to-Month,45.35,2725.45,No,No,Electronic Check,Yes,2,0
CUST-06262,56,Month-to-Month,101.67,5673.46,No,Fiber Optic,Mailed Check,Yes,1,0
CUST-06263,8,One Year,124.24,948.78,Yes,No,Mailed Check,Yes,0,0
CUST-06264,36,Month-to-Month,118.57,3974.94,Yes,Fiber Optic,Electronic Check,Yes,1,1
CUST-06265,35,Two Year,86.25,2841.04,No,No,Mailed Check,Yes,3,0
CUST-06266,46,Month-to-Month,63.36,2788.88,No,No,Bank Transfer,Yes,2,0
CUST-06267,61,Two Year,68.24,4004.22,No,Fiber Optic,Electronic Check,Yes,0,0
CUST-06268,24,Month-to-Month,80.14,1782.55,No,DSL,Bank Transfer,Yes,0,0
CUST-06269,41,Month-to-Month,59.49,2243.3,Yes,DSL,Electronic Check,No,3,0
CUST-06270,19,Month-to-Month,102.97,1857.69,Yes,DSL,Bank Transfer,Yes,2,1
CUST-06271,16,Month-to-Month,19.11,294.9,No,DSL,Electronic Check,Yes,1,0
CUST-06272,23,One Year,62.61,1413.62,No,Fiber Optic,Credit Card,Yes,0,0
CUST-06273,53,Month-to-Month,90.03,4577.29,No,Fiber Optic,Electronic Check,Yes,0,1
CUST-06274,32,Month-to-Month,48.87,1515.74,No,DSL,Credit Card,Yes,3,1
CUST-06275,50,One Year,64.0,3034.87,Yes,No,Electronic Check,No,0,0
CUST-06276,50,Month-to-Month,84.84,4058.2,Yes,DSL,Bank Transfer,Yes,0,0
CUST-06277,27,One Year,107.96,2808.66,Yes,DSL,Electronic Check,No,2,0
CUST-06278,69,One Year,37.65,2399.46,Yes,DSL,Electronic Check,Yes,1,0
CUST-06279,4,Month-to-Month,35.8,142.26,No,No,Electronic Check,Yes,0,1
CUST-06280,65,One Year,46.35,2815.52,No,Fiber Optic,Electronic Check,Yes,0,0
CUST-06281,1,Month-to-Month,31.56,30.31,No,DSL,Mailed Check,No,0,1
CUST-06282,28,Month-to-Month,33.34,892.53,No,DSL,Bank Transfer,No,3,0
CUST-06283,60,Month-to-Month,45.68,2700.6,Yes,Fiber Optic,Mailed Check,No,1,0
CUST-06284,50,Two Year,100.84,4595.08,No,No,Bank Transfer,Yes,0,0
CUST-06285,24,One Year,62.2,1475.52,Yes,Fiber Optic,Electronic Check,No,1,0
CUST-06286,64,Month-to-Month,70.78,4138.99,Yes,Fiber Optic,Bank Transfer,No,0,0
CUST-06287,10,Two Year,46.11,421.65,No,Fiber Optic,Credit Card,Yes,3,0
CUST-06288,49,Month-to-Month,85.84,4148.22,Yes,DSL,Electronic Check,No,1,0
CUST-06289,38,Two Year,116.89,4111.84,Yes,Fiber Optic,Credit Card,Yes,0,0
CUST-06290,15,One Year,47.81,689.31,No,Fiber Optic,Electronic Check,No,3,0
CUST-06291,67,Two Year,113.12,7172.51,No,Fiber Optic,Mailed Check,No,1,0
CUST-06292,56,Two Year,79.11,4401.04,Yes,DSL,Credit Card,Yes,1,0
CUST-06293,1,Two Year,70.42,68.89,No,DSL,Bank Transfer,Yes,0,0
CUST-06294,7,Month-to-Month,80.0,522.76,Yes,Fiber Optic,Mailed Check,No,1,1
CUST-06295,5,One Year,79.76,391.36,No,Fiber Optic,Mailed Check,Yes,2,0
CUST-06296,30,Two Year,116.43,3222.48,No,Fiber Optic,Bank Transfer,No,2,0
CUST-06297,31,One Year,83.01,2474.38,No,Fiber Optic,Mailed Check,Yes,0,0
CUST-06298,53,Month-to-Month,83.53,4317.11,No,No,Credit Card,Yes,2,1
CUST-06299,49,Two Year,59.46,2827.05,Yes,No,Credit Card,Yes,3,0
CUST-06300,2,Month-to-Month,90.98,175.71,Yes,Fiber Optic,Electronic Check,No,1,1
CUST-06301,35,Month-to-Month,46.08,1585.38,No,No,Mailed Check,No,2,1
CUST-06302,57,Month-to-Month,72.73,3961.63,Yes,Fiber Optic,Bank Transfer,No,3,1
CUST-06303,65,Month-to-Month,142.08,9169.03,Yes,Fiber Optic,Bank Transfer,No,1,0
CUST-06304,22,One Year,15.0,301.78,No,Fiber Optic,Electronic Check,No,0,0
CUST-06305,4,Month-to-Month,75.83,283.78,Yes,DSL,Credit Card,Yes,1,1
CUST-06306,12,One Year,76.79,901.48,No,Fiber Optic,Bank Transfer,Yes,2,1
CUST-06307,25,Two Year,64.3,1496.27,No,Fiber Optic,Electronic Check,Yes,1,0
CUST-06308,32,Month-to-Month,64.89,1960.81,No,No,Electronic Check,Yes,2,0
CUST-06309,26,One Year,72.29,1836.85,No,Fiber Optic,Bank Transfer,Yes,1,0
CUST-06310,7,Month-to-Month,63.7,425.32,No,No,Bank Transfer,No,1,1
CUST-06311,25,Two Year,75.55,1735.31,No,DSL,Electronic Check,Yes,0,0
CUST-06312,21,Two Year,57.81,1113.83,No,No,Electronic Check,Yes,0,0
CUST-06313,36,Month-to-Month,120.56,4036.88,No,Fiber Optic,Electronic Check,No,0,1
CUST-06314,6,One Year,63.7,355.56,No,Fiber Optic,Mailed Check,No,1,0
CUST-06315,57,Month-to-Month,84.24,4387.14,No,Fiber Optic,Bank Transfer,Yes,0,1
CUST-06316,31,Month-to-Month,53.27,1624.07,No,No,Electronic Check,No,0,1
CUST-06317,23,One Year,93.33,1992.6,No,DSL,Credit Card,No,1,0
CUST-06318,66,Month-to-Month,88.34,5715.14,No,Fiber Optic,Electronic Check,Yes,0,0
CUST-06319,54,One Year,80.48,4334.38,No,No,Credit Card,No,1,0
CUST-06320,10,Month-to-Month,44.32,413.59,Yes,DSL,Credit Card,Yes,3,0
CUST-06321,11,Month-to-Month,51.19,561.41,Yes,Fiber Optic,Electronic Check,Yes,1,0
CUST-06322,1,Two Year,112.15,103.08,Yes,Fiber Optic,Credit Card,No,1,0
CUST-06323,41,Month-to-Month,50.91,2013.72,No,No,Bank Transfer,No,1,0
CUST-06324,26,One Year,86.02,2234.55,Yes,No,Credit Card,No,1,1
CUST-06325,28,Month-to-Month,46.38,1273.75,Yes,DSL,Electronic Check,Yes,3,0
CUST-06326,37,Two Year,95.21,3251.41,Yes,Fiber Optic,Credit Card,Yes,0,0
CUST-06327,39,One Year,52.84,1907.71,No,Fiber Optic,Mailed Check,Yes,0,0
CUST-06328,1,Month-to-Month,45.92,42.53,Yes,Fiber Optic,Electronic Check,Yes,5,1
CUST-06329,8,Month-to-Month,52.19,415.14,No,DSL,Credit Card,Yes,1,1
CUST-06330,57,Month-to-Month,56.15,2959.04,No,DSL,Credit Card,No,3,0
CUST-06331,69,Two Year,80.12,5257.18,No,Fiber Optic,Electronic Check,Yes,1,0
CUST-06332,61,Month-to-Month,71.73,4091.07,No,DSL,Mailed Check,No,2,0
CUST-06333,66,Month-to-Month,42.62,2633.25,Yes,Fiber Optic,Credit Card,No,0,0
CUST-06334,34,One Year,69.3,2216.76,No,DSL,Mailed Check,No,1,0
CUST-06335,60,Month-to-Month,41.41,2321.87,No,No,Mailed Check,No,0,0
CUST-06336,64,Month-to-Month,86.09,5289.33,Yes,No,Electronic Check,No,1,0
CUST-06337,65,Month-to-Month,90.67,5554.95,Yes,Fiber Optic,Mailed Check,Yes,0,0
CUST-06338,11,Month-to-Month,69.4,720.73,No,No,Mailed Check,No,1,1
CUST-06339,11,One Year,76.79,802.96,No,No,Bank Transfer,No,0,0
CUST-06340,29,Two Year,113.8,3087.73,No,Fiber Optic,Mailed Check,Yes,1,0
CUST-06341,37,Two Year,66.06,2384.23,No,Fiber Optic,Bank Transfer,Yes,1,0
CUST-06342,69,Two Year,46.39,3041.98,No,Fiber Optic,Electronic Check,Yes,3,1
CUST-06343,23,Month-to-Month,84.48,1847.68,No,No,Bank Transfer,Yes,3,1
CUST-06344,60,Month-to-Month,41.68,2303.2,Yes,Fiber Optic,Electronic Check,No,3,0
CUST-06345,64,One Year,64.74,3741.8,Yes,Fiber Optic,Bank Transfer,No,1,1
CUST-06346,70,Two Year,55.03,3778.63,Yes,Fiber Optic,Credit Card,Yes,1,0
CUST-06347,14,One Year,52.45,723.69,Yes,DSL,Bank Transfer,Yes,1,0
CUST-06348,18,Month-to-Month,63.75,1060.43,Yes,Fiber Optic,Electronic Check,Yes,1,0
CUST-06349,16,One Year,92.5,1385.28,No,No,Credit Card,No,3,1
CUST-06350,53,One Year,97.64,4842.7,No,DSL,Electronic Check,Yes,0,1
CUST-06351,50,Two Year,93.16,4510.91,Yes,DSL,Electronic Check,No,0,0
CUST-06352,30,One Year,78.41,2161.11,No,No,Credit Card,No,0,0
CUST-06353,7,Month-to-Month,63.56,443.97,No,DSL,Electronic Check,Yes,1,0
CUST-06354,38,Month-to-Month,15.0,516.53,Yes,Fiber Optic,Mailed Check,Yes,1,0
CUST-06355,53,Month-to-Month,79.19,4186.06,Yes,Fiber Optic,Credit Card,No,0,0
CUST-06356,35,Month-to-Month,15.0,476.11,No,Fiber Optic,Electronic Check,Yes,3,1
CUST-06357,20,Two Year,21.92,408.48,No,DSL,Credit Card,Yes,0,0
CUST-06358,43,Month-to-Month,65.96,2623.76,No,DSL,Bank Transfer,Yes,0,0
CUST-06359,48,Month-to-Month,76.61,3405.03,Yes,Fiber Optic,Mailed Check,Yes,2,0
CUST-06360,43,Month-to-Month,58.72,2523.61,No,Fiber Optic,Mailed Check,Yes,1,1
CUST-06361,63,One Year,108.39,6458.7,No,Fiber Optic,Mailed Check,Yes,5,1
CUST-06362,23,Month-to-Month,81.55,1710.5,Yes,No,Credit Card,Yes,3,0
CUST-06363,44,Month-to-Month,63.76,2800.47,No,No,Credit Card,Yes,1,1
CUST-06364,62,Two Year,104.66,5997.49,No,Fiber Optic,Mailed Check,No,1,0
CUST-06365,16,Month-to-Month,109.13,1584.14,Yes,Fiber Optic,Bank Transfer,Yes,1,1
CUST-06366,21,Month-to-Month,82.81,1569.31,No,DSL,Mailed Check,Yes,5,1
CUST-06367,4,Month-to-Month,50.62,191.61,Yes,Fiber Optic,Bank Transfer,No,1,0
CUST-06368,27,One Year,56.24,1506.08,No,Fiber Optic,Electronic Check,Yes,0,0
CUST-06369,4,One Year,33.83,122.02,No,No,Electronic Check,No,1,0
CUST-06370,54,Two Year,68.94,3620.45,Yes,Fiber Optic,Electronic Check,No,2,0
CUST-06371,7,Month-to-Month,43.75,283.6,No,DSL,Bank Transfer,Yes,0,0
CUST-06372,50,Two Year,61.77,2847.31,Yes,Fiber Optic,Electronic Check,Yes,4,0
CUST-06373,42,One Year,76.52,3118.64,Yes,Fiber Optic,Mailed Check,No,1,0
CUST-06374,72,Month-to-Month,20.41,1432.47,Yes,No,Credit Card,Yes,3,0
CUST-06375,26,Month-to-Month,38.41,954.62,No,Fiber Optic,Electronic Check,Yes,1,0
CUST-06376,25,Month-to-Month,57.33,1318.91,No,Fiber Optic,Mailed Check,Yes,1,1
CUST-06377,18,Two Year,68.69,1113.56,Yes,DSL,Electronic Check,No,1,0
CUST-06378,39,Month-to-Month,57.65,2189.28,No,No,Bank Transfer,Yes,0,0
CUST-06379,16,Month-to-Month,63.24,971.33,No,Fiber Optic,Electronic Check,No,0,1
CUST-06380,9,One Year,52.35,443.94,No,Fiber Optic,Credit Card,Yes,1,1
CUST-06381,69,Two Year,33.77,2146.88,Yes,Fiber Optic,Electronic Check,Yes,0,0
CUST-06382,49,One Year,56.63,2708.81,Yes,No,Credit Card,Yes,1,0
CUST-06383,9,One Year,64.67,527.95,Yes,Fiber Optic,Electronic Check,Yes,1,0
CUST-06384,45,Month-to-Month,62.24,2700.73,Yes,DSL,Credit Card,Yes,2,0
CUST-06385,22,Two Year,72.79,1551.48,No,Fiber Optic,Electronic Check,No,4,0
CUST-06386,13,Month-to-Month,80.47,964.85,No,DSL,Electronic Check,No,0,1
CUST-06387,34,Month-to-Month,87.04,2806.46,No,No,Credit Card,Yes,2,0
CUST-06388,57,Two Year,54.16,2939.0,Yes,Fiber Optic,Electronic Check,Yes,2,0
CUST-06389,1,Month-to-Month,30.61,29.36,No,Fiber Optic,Bank Transfer,No,2,0
CUST-06390,26,Month-to-Month,101.79,2620.39,No,DSL,Bank Transfer,Yes,3,1
CUST-06391,67,One Year,79.64,5093.85,No,No,Mailed Check,No,3,0
CUST-06392,29,Month-to-Month,46.13,1213.0,Yes,No,Electronic Check,Yes,2,0
CUST-06393,8,Month-to-Month,76.94,575.2,Yes,Fiber Optic,Credit Card,No,2,0
CUST-06394,31,One Year,96.7,2886.28,Yes,Fiber Optic,Bank Transfer,Yes,2,0
CUST-06395,50,One Year,113.23,5283.96,Yes,DSL,Credit Card,Yes,1,0
CUST-06396,72,One Year,76.27,5364.01,No,DSL,Bank Transfer,Yes,0,0
CUST-06397,46,Month-to-Month,96.49,4078.98,No,No,Credit Card,Yes,0,0
CUST-06398,4,One Year,39.76,145.41,Yes,Fiber Optic,Bank Transfer,Yes,3,0
CUST-06399,59,Two Year,69.1,3763.4,No,DSL,Electronic Check,Yes,0,0
CUST-06400,57,Month-to-Month,61.62,3468.82,No,Fiber Optic,Credit Card,Yes,0,0
CUST-06401,47,Month-to-Month,78.56,3574.51,No,Fiber Optic,Credit Card,Yes,0,1
CUST-06402,65,Month-to-Month,110.28,6824.16,No,DSL,Bank Transfer,Yes,3,0
CUST-06403,56,Month-to-Month,76.25,3971.24,No,No,Credit Card,No,0,0
CUST-06404,17,Month-to-Month,46.56,785.08,No,DSL,Electronic Check,No,2,1
CUST-06405,31,One Year,38.41,1177.47,Yes,DSL,Electronic Check,Yes,2,0
CUST-06406,37,Two Year,111.14,3865.2,No,No,Electronic Check,Yes,2,0
CUST-06407,36,Month-to-Month,82.84,2908.5,Yes,DSL,Bank Transfer,Yes,2,0
CUST-06408,46,One Year,81.2,3702.91,No,Fiber Optic,Mailed Check,No,0,0
CUST-06409,51,Month-to-Month,61.41,2916.86,No,Fiber Optic,Electronic Check,No,1,0
CUST-06410,8,Month-to-Month,76.7,572.41,Yes,DSL,Bank Transfer,No,2,0
CUST-06411,41,One Year,45.33,1774.12,Yes,Fiber Optic,Electronic Check,No,0,0
CUST-06412,3,Month-to-Month,79.68,224.9,Yes,Fiber Optic,Mailed Check,No,2,1
CUST-06413,37,Two Year,40.63,1467.45,No,No,Electronic Check,Yes,2,1
CUST-06414,31,Month-to-Month,61.02,1804.02,Yes,No,Electronic Check,Yes,0,0
CUST-06415,15,Month-to-Month,53.93,745.19,No,DSL,Mailed Check,No,1,0
CUST-06416,72,Month-to-Month,15.0,1010.49,Yes,Fiber Optic,Electronic Check,Yes,0,0
CUST-06417,19,Month-to-Month,61.33,1126.96,Yes,Fiber Optic,Mailed Check,Yes,1,1
CUST-06418,5,Two Year,47.53,215.15,Yes,DSL,Mailed Check,No,3,0
CUST-06419,26,One Year,64.74,1572.51,No,DSL,Credit Card,No,1,0
CUST-06420,55,Month-to-Month,70.04,3473.18,Yes,Fiber Optic,Electronic Check,Yes,2,1
CUST-06421,1,Month-to-Month,114.2,112.15,No,Fiber Optic,Electronic Check,Yes,0,1
CUST-06422,36,One Year,77.62,2547.63,No,No,Credit Card,Yes,1,0
CUST-06423,31,One Year,78.35,2204.72,No,DSL,Electronic Check,Yes,2,0
CUST-06424,63,Month-to-Month,82.39,5079.8,Yes,DSL,Mailed Check,Yes,0,0
CUST-06425,1,Month-to-Month,91.8,83.44,No,No,Bank Transfer,No,3,1
CUST-06426,2,Month-to-Month,81.36,157.58,Yes,No,Electronic Check,Yes,0,0
CUST-06427,41,Month-to-Month,77.04,2962.76,No,Fiber Optic,Credit Card,No,2,0
CUST-06428,13,Month-to-Month,87.78,1120.79,No,Fiber Optic,Mailed Check,Yes,1,1
CUST-06429,51,Month-to-Month,15.0,702.49,Yes,No,Bank Transfer,Yes,4,0
CUST-06430,21,Month-to-Month,122.23,2331.82,No,DSL,Credit Card,Yes,3,1
CUST-06431,41,Month-to-Month,109.74,4152.17,Yes,Fiber Optic,Credit Card,No,0,0
CUST-06432,3,Month-to-Month,75.43,224.75,Yes,Fiber Optic,Electronic Check,No,2,1
CUST-06433,50,Two Year,34.67,1703.88,No,Fiber Optic,Bank Transfer,Yes,0,0
CUST-06434,38,One Year,100.26,3537.77,No,No,Mailed Check,Yes,0,0
CUST-06435,1,Month-to-Month,52.65,48.47,Yes,No,Mailed Check,Yes,2,1
CUST-06436,20,Month-to-Month,83.35,1526.45,No,Fiber Optic,Credit Card,Yes,0,1
CUST-06437,5,Month-to-Month,37.93,174.88,Yes,DSL,Mailed Check,Yes,1,0
CUST-06438,4,Two Year,125.66,462.68,No,No,Mailed Check,Yes,0,0
CUST-06439,51,One Year,33.94,1711.59,Yes,Fiber Optic,Bank Transfer,No,2,0
CUST-06440,31,Month-to-Month,71.72,2005.43,Yes,DSL,Electronic Check,No,2,0
CUST-06441,58,Two Year,16.95,971.31,No,Fiber Optic,Bank Transfer,No,0,0
CUST-06442,19,Two Year,68.97,1184.82,No,Fiber Optic,Electronic Check,No,2,1
CUST-06443,52,Two Year,59.37,3033.78,No,DSL,Bank Transfer,No,2,0
CUST-06444,45,Month-to-Month,98.43,4174.99,Yes,DSL,Electronic Check,Yes,1,1
CUST-06445,48,Month-to-Month,59.37,2586.79,Yes,No,Credit Card,Yes,0,0
CUST-06446,60,One Year,98.47,5789.45,No,No,Electronic Check,Yes,1,0
CUST-06447,51,Month-to-Month,44.4,2096.03,Yes,Fiber Optic,Bank Transfer,Yes,0,0
CUST-06448,54,One Year,62.95,3357.84,No,DSL,Bank Transfer,Yes,0,0
CUST-06449,54,One Year,63.45,3341.42,Yes,Fiber Optic,Mailed Check,Yes,2,1
CUST-06450,33,Month-to-Month,82.39,2713.91,Yes,Fiber Optic,Bank Transfer,No,0,1
CUST-06451,53,Month-to-Month,79.21,4127.55,Yes,DSL,Credit Card,Yes,1,0
CUST-06452,61,Month-to-Month,88.06,4963.93,Yes,Fiber Optic,Electronic Check,Yes,0,0
CUST-06453,54,Month-to-Month,76.67,3895.58,No,DSL,Bank Transfer,Yes,0,0
CUST-06454,44,One Year,86.53,3691.82,Yes,No,Mailed Check,Yes,0,0
CUST-06455,6,One Year,47.55,265.79,No,No,Bank Transfer,Yes,2,0
CUST-06456,32,Month-to-Month,79.72,2435.35,Yes,Fiber Optic,Credit Card,Yes,2,1
CUST-06457,5,One Year,110.21,509.04,Yes,DSL,Bank Transfer,No,0,1
CUST-06458,8,Month-to-Month,28.0,216.45,Yes,Fiber Optic,Electronic Check,No,0,1
CUST-06459,27,One Year,82.23,2074.15,Yes,Fiber Optic,Mailed Check,No,1,0
CUST-06460,34,Month-to-Month,86.92,2676.06,Yes,Fiber Optic,Mailed Check,Yes,1,0
CUST-06461,38,One Year,106.53,4035.09,Yes,Fiber Optic,Electronic Check,No,1,1
CUST-06462,65,One Year,88.15,5640.31,Yes,No,Bank Transfer,No,3,0
CUST-06463,55,Month-to-Month,72.51,3710.37,Yes,No,Bank Transfer,No,1,0
CUST-06464,31,One Year,80.75,2285.37,Yes,DSL,Bank Transfer,Yes,0,0
CUST-06465,25,Two Year,51.62,1256.33,Yes,Fiber Optic,Electronic Check,No,0,0
CUST-06466,52,Month-to-Month,60.3,2891.23,Yes,DSL,Bank Transfer,Yes,0,0
CUST-06467,20,One Year,36.61,703.31,Yes,Fiber Optic,Mailed Check,Yes,2,0
CUST-06468,64,Two Year,107.18,6707.98,Yes,Fiber Optic,Electronic Check,Yes,2,0
CUST-06469,57,Two Year,81.25,4294.29,No,Fiber Optic,Mailed Check,Yes,1,0
CUST-06470,50,Month-to-Month,47.1,2186.53,Yes,No,Bank Transfer,No,2,0
CUST-06471,18,One Year,76.78,1252.35,No,DSL,Mailed Check,No,1,0
CUST-06472,45,Two Year,98.98,4151.15,Yes,No,Credit Card,No,1,0
CUST-06473,60,One Year,94.82,5460.18,Yes,Fiber Optic,Electronic Check,Yes,1,0
CUST-06474,6,Month-to-Month,46.81,257.15,No,Fiber Optic,Mailed Check,Yes,0,0
CUST-06475,13,Month-to-Month,15.0,194.09,Yes,Fiber Optic,Electronic Check,Yes,1,0
CUST-06476,38,One Year,79.88,2951.18,Yes,DSL,Electronic Check,No,1,0
CUST-06477,26,Month-to-Month,47.83,1144.58,No,DSL,Electronic Check,Yes,2,1
CUST-06478,52,Month-to-Month,85.56,4240.29,No,DSL,Bank Transfer,No,0,1
CUST-06479,29,Month-to-Month,93.76,2553.57,No,Fiber Optic,Mailed Check,Yes,1,1
CUST-06480,72,One Year,97.84,6609.38,Yes,DSL,Mailed Check,Yes,2,0
CUST-06481,22,Month-to-Month,113.62,2389.65,Yes,Fiber Optic,Mailed Check,Yes,2,1
CUST-06482,26,Two Year,100.91,2389.67,Yes,No,Electronic Check,Yes,2,0
CUST-06483,1,One Year,113.74,104.81,No,Fiber Optic,Electronic Check,No,2,0
CUST-06484,18,Two Year,104.48,1720.73,Yes,DSL,Bank Transfer,Yes,1,0
CUST-06485,17,Two Year,106.66,1663.44,No,Fiber Optic,Credit Card,Yes,0,0
CUST-06486,55,Month-to-Month,68.98,3663.09,No,DSL,Credit Card,Yes,0,1
CUST-06487,25,One Year,37.77,943.89,No,Fiber Optic,Electronic Check,No,1,0
CUST-06488,15,Month-to-Month,132.06,1911.79,Yes,DSL,Mailed Check,Yes,1,1
CUST-06489,23,Two Year,71.57,1643.6,No,DSL,Bank Transfer,Yes,2,0
CUST-06490,41,Month-to-Month,100.72,3954.84,No,No,Credit Card,No,0,0
CUST-06491,57,One Year,56.24,2975.93,No,DSL,Electronic Check,Yes,0,0
CUST-06492,71,Two Year,94.1,6595.79,No,DSL,Electronic Check,No,1,0
CUST-06493,4,Month-to-Month,15.0,54.4,No,DSL,Credit Card,No,0,1
CUST-06494,61,Two Year,59.74,3317.05,No,Fiber Optic,Electronic Check,Yes,0,0
CUST-06495,29,Month-to-Month,67.54,1948.4,Yes,No,Credit Card,Yes,3,0
CUST-06496,59,Month-to-Month,81.57,4644.28,No,DSL,Bank Transfer,Yes,0,0
CUST-06497,3,Month-to-Month,96.8,288.34,No,DSL,Mailed Check,No,1,1
CUST-06498,46,Month-to-Month,42.65,1791.78,No,No,Electronic Check,Yes,1,0
CUST-06499,68,One Year,86.5,5745.69,No,DSL,Credit Card,No,1,1
CUST-06500,3,Two Year,100.67,278.9,Yes,DSL,Electronic Check,No,3,0
CUST-06501,57,Month-to-Month,128.65,6851.53,No,DSL,Mailed Check,Yes,1,0
CUST-06502,9,One Year,87.67,781.06,No,No,Electronic Check,Yes,1,0
CUST-06503,71,Two Year,58.51,3909.63,Yes,Fiber Optic,Electronic Check,Yes,2,0
CUST-06504,54,One Year,38.21,1995.36,No,Fiber Optic,Bank Transfer,Yes,2,0
CUST-06505,66,Month-to-Month,115.73,7552.08,No,Fiber Optic,Electronic Check,No,2,1
CUST-06506,65,Two Year,88.43,5673.73,Yes,Fiber Optic,Bank Transfer,No,0,0
CUST-06507,23,Month-to-Month,69.45,1439.04,Yes,Fiber Optic,Bank Transfer,No,2,0
CUST-06508,30,One Year,29.5,810.5,No,No,Mailed Check,Yes,0,1
CUST-06509,50,One Year,46.72,2316.99,No,Fiber Optic,Bank Transfer,Yes,0,0
CUST-06510,13,One Year,85.78,1066.34,Yes,No,Electronic Check,Yes,3,0
CUST-06511,23,Month-to-Month,78.85,1719.28,No,DSL,Credit Card,No,0,0
CUST-06512,8,Month-to-Month,21.34,154.76,No,Fiber Optic,Electronic Check,No,1,1
CUST-06513,64,One Year,85.82,4956.99,Yes,Fiber Optic,Bank Transfer,Yes,1,0
CUST-06514,18,Month-to-Month,30.79,551.64,Yes,DSL,Credit Card,No,4,1
CUST-06515,30,Month-to-Month,103.85,2951.58,Yes,DSL,Credit Card,Yes,0,0
CUST-06516,33,One Year,75.21,2428.92,Yes,DSL,Electronic Check,No,0,1
CUST-06517,28,One Year,58.41,1507.91,Yes,DSL,Mailed Check,No,1,0
CUST-06518,57,Month-to-Month,94.75,4988.71,Yes,No,Credit Card,No,1,1
CUST-06519,66,Month-to-Month,78.84,4974.62,No,DSL,Credit Card,No,1,0
CUST-06520,42,Two Year,103.12,4277.35,No,Fiber Optic,Bank Transfer,No,0,0
CUST-06521,61,Month-to-Month,72.01,4080.11,No,DSL,Electronic Check,Yes,0,0
CUST-06522,8,Month-to-Month,73.47,548.31,No,Fiber Optic,Mailed Check,No,0,1
CUST-06523,70,Month-to-Month,62.87,4203.14,No,DSL,Credit Card,No,1,0
CUST-06524,9,Month-to-Month,76.57,622.97,No,DSL,Electronic Check,Yes,2,1
CUST-06525,5,Two Year,112.45,527.32,Yes,Fiber Optic,Credit Card,No,1,0
CUST-06526,2,Month-to-Month,57.43,109.76,No,DSL,Mailed Check,No,0,0
CUST-06527,18,Month-to-Month,86.2,1397.19,No,Fiber Optic,Bank Transfer,Yes,4,1
CUST-06528,61,Month-to-Month,47.99,2821.42,No,Fiber Optic,Electronic Check,Yes,1,1
CUST-06529,22,Month-to-Month,18.33,364.99,Yes,No,Electronic Check,Yes,1,1
CUST-06530,57,Month-to-Month,75.19,4165.81,No,Fiber Optic,Electronic Check,Yes,3,0
CUST-06531,31,Two Year,79.26,2408.33,No,Fiber Optic,Credit Card,Yes,4,0
CUST-06532,8,One Year,67.25,529.33,Yes,Fiber Optic,Bank Transfer,No,1,0
CUST-06533,35,Month-to-Month,32.6,1103.73,Yes,Fiber Optic,Bank Transfer,Yes,0,0
CUST-06534,17,Month-to-Month,77.61,1261.52,No,Fiber Optic,Credit Card,Yes,2,0
CUST-06535,21,Month-to-Month,76.66,1498.39,Yes,Fiber Optic,Electronic Check,Yes,0,1
CUST-06536,38,Month-to-Month,47.78,1711.17,Yes,Fiber Optic,Credit Card,No,1,0
CUST-06537,57,One Year,36.16,1872.95,Yes,Fiber Optic,Electronic Check,No,2,0
CUST-06538,43,Month-to-Month,63.69,2658.45,No,Fiber Optic,Electronic Check,Yes,4,0
CUST-06539,17,One Year,86.32,1324.32,No,DSL,Mailed Check,Yes,2,0
CUST-06540,52,Two Year,80.42,3936.55,No,Fiber Optic,Credit Card,No,2,0
CUST-06541,51,Month-to-Month,47.98,2326.15,No,Fiber Optic,Bank Transfer,Yes,2,1
CUST-06542,18,Two Year,73.42,1275.32,No,Fiber Optic,Electronic Check,No,1,0
CUST-06543,62,Month-to-Month,92.18,5339.79,No,DSL,Credit Card,Yes,1,1
CUST-06544,61,Month-to-Month,40.68,2343.21,No,Fiber Optic,Bank Transfer,Yes,0,1
CUST-06545,44,Two Year,71.58,3019.56,No,No,Bank Transfer,No,1,0
CUST-06546,22,Month-to-Month,103.49,2259.29,Yes,DSL,Bank Transfer,Yes,0,0
CUST-06547,26,One Year,38.13,958.86,No,Fiber Optic,Mailed Check,No,4,0
CUST-06548,32,One Year,98.89,2928.55,Yes,DSL,Electronic Check,No,2,1
CUST-06549,14,Month-to-Month,110.48,1523.1,No,Fiber Optic,Bank Transfer,Yes,0,0
CUST-06550,23,Two Year,64.44,1342.07,Yes,DSL,Electronic Check,Yes,0,0
CUST-06551,10,Month-to-Month,61.42,569.5,Yes,Fiber Optic,Bank Transfer,No,0,0
CUST-06552,12,Two Year,95.83,1047.4,Yes,DSL,Mailed Check,No,0,0
CUST-06553,54,Month-to-Month,65.35,3333.77,Yes,DSL,Bank Transfer,Yes,2,0
CUST-06554,10,Month-to-Month,15.0,144.55,No,DSL,Credit Card,Yes,0,1
CUST-06555,34,Month-to-Month,67.53,2188.34,No,DSL,Mailed Check,Yes,1,1
CUST-06556,31,Two Year,81.76,2486.72,Yes,No,Mailed Check,Yes,1,0
CUST-06557,4,Month-to-Month,88.5,338.69,No,DSL,Electronic Check,No,2,1
CUST-06558,60,Two Year,47.98,2657.9,No,DSL,Electronic Check,No,2,0
CUST-06559,71,Month-to-Month,63.25,4282.57,Yes,No,Electronic Check,No,3,0
CUST-06560,46,Month-to-Month,94.42,4228.43,Yes,Fiber Optic,Electronic Check,No,2,0
CUST-06561,49,Month-to-Month,68.5,3189.67,Yes,Fiber Optic,Mailed Check,No,1,0
CUST-06562,17,Month-to-Month,31.78,510.11,No,DSL,Mailed Check,Yes,0,0
CUST-06563,61,Two Year,100.94,5867.39,No,No,Credit Card,Yes,1,0
CUST-06564,57,Month-to-Month,64.65,3518.51,Yes,Fiber Optic,Electronic Check,Yes,2,0
CUST-06565,32,One Year,97.28,2898.34,No,DSL,Electronic Check,Yes,1,0
CUST-06566,51,One Year,35.11,1764.51,No,Fiber Optic,Bank Transfer,No,4,0
CUST-06567,69,Month-to-Month,66.98,4255.44,Yes,Fiber Optic,Electronic Check,No,1,1
CUST-06568,44,One Year,82.74,3288.46,No,Fiber Optic,Bank Transfer,Yes,3,1
CUST-06569,15,Two Year,67.82,991.0,Yes,Fiber Optic,Bank Transfer,Yes,0,0
CUST-06570,24,One Year,40.42,954.78,Yes,Fiber Optic,Bank Transfer,Yes,0,0
CUST-06571,14,Month-to-Month,15.0,202.5,Yes,Fiber Optic,Electronic Check,Yes,0,0
CUST-06572,24,One Year,108.08,2456.17,Yes,DSL,Electronic Check,No,0,0
CUST-06573,65,One Year,76.2,4940.72,No,Fiber Optic,Credit Card,No,1,0
CUST-06574,14,Month-to-Month,99.17,1301.02,No,DSL,Credit Card,Yes,0,1
CUST-06575,65,One Year,93.22,5699.32,Yes,Fiber Optic,Bank Transfer,No,1,0
CUST-06576,21,Month-to-Month,84.92,1710.4,No,DSL,Electronic Check,No,0,1
CUST-06577,36,One Year,61.97,2103.85,Yes,Fiber Optic,Mailed Check,Yes,2,0
CUST-06578,39,Two Year,82.24,3064.73,Yes,Fiber Optic,Bank Transfer,Yes,0,0
CUST-06579,10,Two Year,105.81,1054.56,No,Fiber Optic,Electronic Check,Yes,2,0
CUST-06580,14,Two Year,72.08,932.17,No,Fiber Optic,Credit Card,No,1,1
CUST-06581,22,One Year,117.54,2365.71,No,Fiber Optic,Credit Card,No,2,1
CUST-06582,5,One Year,32.51,153.18,Yes,No,Electronic Check,No,3,0
CUST-06583,55,Month-to-Month,29.83,1559.27,Yes,No,Electronic Check,No,1,0
CUST-06584,40,Month-to-Month,94.7,3679.36,No,No,Mailed Check,Yes,2,0
CUST-06585,61,Month-to-Month,49.53,3007.79,No,DSL,Mailed Check,Yes,2,0
CUST-06586,63,Month-to-Month,121.08,7390.56,No,DSL,Mailed Check,Yes,3,0
CUST-06587,26,Two Year,103.43,2685.73,No,Fiber Optic,Bank Transfer,No,2,0
CUST-06588,59,Two Year,109.69,5983.96,Yes,DSL,Mailed Check,Yes,1,0
CUST-06589,5,Month-to-Month,92.11,424.12,No,Fiber Optic,Electronic Check,No,0,1
CUST-06590,31,Month-to-Month,46.96,1354.81,No,DSL,Electronic Check,Yes,1,0
CUST-06591,48,One Year,28.52,1339.82,No,Fiber Optic,Mailed Check,Yes,3,0
CUST-06592,34,Month-to-Month,107.38,3353.92,Yes,DSL,Mailed Check,No,2,1
CUST-06593,54,Two Year,32.51,1614.43,No,No,Credit Card,No,1,0
CUST-06594,62,Two Year,109.62,6396.63,No,Fiber Optic,Electronic Check,No,3,0
CUST-06595,31,Month-to-Month,86.74,2505.43,Yes,DSL,Credit Card,Yes,2,0
CUST-06596,20,Month-to-Month,68.09,1313.66,Yes,Fiber Optic,Electronic Check,Yes,1,1
CUST-06597,42,Month-to-Month,81.05,3366.71,No,Fiber Optic,Bank Transfer,Yes,1,1
CUST-06598,63,Month-to-Month,81.63,4699.73,No,No,Electronic Check,Yes,1,0
CUST-06599,72,Month-to-Month,64.94,4463.76,No,Fiber Optic,Mailed Check,Yes,1,0
CUST-06600,59,Month-to-Month,105.64,5664.58,No,Fiber Optic,Mailed Check,Yes,2,0
CUST-06601,18,Month-to-Month,104.79,1739.38,Yes,DSL,Bank Transfer,No,0,0
CUST-06602,15,Month-to-Month,73.89,1031.77,Yes,Fiber Optic,Electronic Check,Yes,1,0
CUST-06603,42,Month-to-Month,55.0,2212.77,No,DSL,Electronic Check,Yes,3,0
CUST-06604,29,One Year,102.65,2844.34,Yes,No,Mailed Check,No,2,0
CUST-06605,44,Month-to-Month,19.44,824.83,Yes,Fiber Optic,Bank Transfer,Yes,0,1
CUST-06606,67,Two Year,81.1,5335.3,No,No,Electronic Check,Yes,0,0
CUST-06607,40,Month-to-Month,88.49,3251.91,Yes,Fiber Optic,Electronic Check,Yes,2,0
CUST-06608,26,Month-to-Month,49.29,1248.65,Yes,DSL,Bank Transfer,Yes,2,0
CUST-06609,63,Month-to-Month,94.34,5745.52,Yes,DSL,Mailed Check,No,2,0
CUST-06610,32,One Year,69.34,2014.68,Yes,DSL,Electronic Check,Yes,1,0
CUST-06611,44,Month-to-Month,56.36,2317.33,Yes,DSL,Electronic Check,Yes,0,0
CUST-06612,10,Month-to-Month,94.08,849.33,Yes,DSL,Bank Transfer,Yes,2,1
CUST-06613,37,Month-to-Month,42.86,1441.54,No,No,Credit Card,Yes,0,1
CUST-06614,31,Two Year,91.73,2639.97,No,Fiber Optic,Bank Transfer,Yes,0,0
CUST-06615,9,Month-to-Month,20.44,170.04,No,Fiber Optic,Credit Card,Yes,2,0
CUST-06616,16,Month-to-Month,77.14,1221.92,Yes,Fiber Optic,Bank Transfer,Yes,3,1
CUST-06617,51,Two Year,71.1,3587.59,Yes,DSL,Mailed Check,No,0,0
CUST-06618,14,Month-to-Month,56.51,757.74,No,Fiber Optic,Credit Card,Yes,0,0
CUST-06619,10,Month-to-Month,79.74,776.27,No,DSL,Electronic Check,Yes,1,1
CUST-06620,5,Two Year,68.01,340.04,No,No,Credit Card,Yes,1,0
CUST-06621,2,Month-to-Month,96.37,181.37,Yes,Fiber Optic,Electronic Check,Yes,1,1
CUST-06622,32,Month-to-Month,84.0,2559.63,No,DSL,Bank Transfer,Yes,3,1
CUST-06623,36,Month-to-Month,81.32,2825.39,No,Fiber Optic,Credit Card,Yes,3,1
CUST-06624,45,Month-to-Month,77.3,3450.87,Yes,Fiber Optic,Credit Card,Yes,0,0
CUST-06625,42,Two Year,58.2,2394.78,No,DSL,Credit Card,Yes,0,0
CUST-06626,39,One Year,62.45,2207.69,Yes,DSL,Credit Card,Yes,3,0
CUST-06627,72,One Year,76.21,5329.61,No,DSL,Mailed Check,Yes,0,0
CUST-06628,18,Month-to-Month,65.67,1093.63,Yes,No,Mailed Check,Yes,2,0
CUST-06629,52,One Year,97.79,4706.19,No,No,Mailed Check,Yes,0,0
CUST-06630,6,One Year,72.34,414.39,No,Fiber Optic,Electronic Check,No,2,0
CUST-06631,62,Month-to-Month,79.4,4773.29,Yes,DSL,Mailed Check,No,0,0
CUST-06632,27,Two Year,34.93,863.82,No,DSL,Electronic Check,No,0,0
CUST-06633,25,One Year,93.58,2179.13,Yes,Fiber Optic,Credit Card,Yes,0,0
CUST-06634,10,One Year,55.47,538.95,No,DSL,Bank Transfer,Yes,1,0
CUST-06635,37,Month-to-Month,43.93,1487.58,No,Fiber Optic,Electronic Check,No,0,0
CUST-06636,29,Month-to-Month,111.15,3174.91,No,DSL,Bank Transfer,Yes,4,1
CUST-06637,71,One Year,87.44,5870.54,No,DSL,Bank Transfer,No,0,0
CUST-06638,13,One Year,94.43,1176.77,No,Fiber Optic,Credit Card,No,1,0
CUST-06639,31,Month-to-Month,81.36,2290.22,Yes,DSL,Electronic Check,Yes,3,0
CUST-06640,65,Month-to-Month,67.67,4378.54,No,Fiber Optic,Bank Transfer,Yes,2,0
CUST-06641,59,Two Year,63.01,3683.21,No,Fiber Optic,Electronic Check,Yes,1,0
CUST-06642,56,Month-to-Month,89.48,4605.04,No,Fiber Optic,Credit Card,Yes,1,1
CUST-06643,38,Month-to-Month,98.31,3609.92,No,No,Credit Card,No,0,1
CUST-06644,63,One Year,68.3,4213.88,No,Fiber Optic,Electronic Check,Yes,2,1
CUST-06645,17,Month-to-Month,121.81,1888.95,Yes,Fiber Optic,Electronic Check,Yes,1,1
CUST-06646,59,Month-to-Month,65.07,3676.91,Yes,Fiber Optic,Electronic Check,Yes,2,0
CUST-06647,42,Month-to-Month,35.15,1454.22,No,No,Mailed Check,No,0,0
CUST-06648,26,Two Year,26.96,666.38,No,Fiber Optic,Electronic Check,Yes,2,0
CUST-06649,16,Month-to-Month,27.81,441.57,No,Fiber Optic,Credit Card,Yes,1,1
CUST-06650,38,One Year,59.65,2050.87,No,DSL,Mailed Check,No,1,0
CUST-06651,1,Two Year,64.2,63.68,Yes,Fiber Optic,Mailed Check,No,1,0
CUST-06652,52,One Year,87.06,4516.81,Yes,Fiber Optic,Bank Transfer,No,3,0
CUST-06653,17,Month-to-Month,69.28,1078.35,Yes,No,Bank Transfer,No,4,1
CUST-06654,29,Month-to-Month,91.08,2491.02,Yes,Fiber Optic,Electronic Check,No,2,0
CUST-06655,14,Month-to-Month,71.12,957.92,No,DSL,Credit Card,No,0,0
CUST-06656,34,One Year,70.34,2366.03,No,Fiber Optic,Bank Transfer,No,1,0
CUST-06657,27,Two Year,55.56,1374.04,No,Fiber Optic,Electronic Check,Yes,2,0
CUST-06658,14,One Year,105.56,1379.42,Yes,No,Electronic Check,No,2,1
CUST-06659,64,Month-to-Month,31.71,1988.43,No,Fiber Optic,Bank Transfer,No,0,0
CUST-06660,55,Month-to-Month,77.53,4012.57,No,DSL,Electronic Check,Yes,1,1
CUST-06661,28,Two Year,65.46,1760.47,Yes,No,Electronic Check,No,3,0
CUST-06662,5,Month-to-Month,89.54,428.0,No,No,Mailed Check,No,0,1
CUST-06663,61,Two Year,69.48,4226.91,No,No,Credit Card,Yes,1,0
CUST-06664,51,Month-to-Month,70.22,3273.78,Yes,Fiber Optic,Bank Transfer,Yes,3,0
CUST-06665,41,One Year,63.33,2583.14,No,DSL,Credit Card,Yes,1,0
CUST-06666,44,Two Year,104.83,4411.48,Yes,No,Electronic Check,No,5,0
CUST-06667,1,Month-to-Month,70.06,69.39,Yes,DSL,Credit Card,No,1,1
CUST-06668,35,Month-to-Month,119.24,3805.28,Yes,DSL,Mailed Check,Yes,2,0
CUST-06669,14,Two Year,76.81,1036.79,Yes,Fiber Optic,Credit Card,No,0,0
CUST-06670,47,Month-to-Month,70.54,3262.37,No,Fiber Optic,Bank Transfer,No,2,1
CUST-06671,68,Month-to-Month,66.37,4416.98,Yes,Fiber Optic,Bank Transfer,No,2,0
CUST-06672,39,Month-to-Month,84.11,2955.52,No,Fiber Optic,Credit Card,Yes,0,0
CUST-06673,44,Month-to-Month,55.29,2299.49,No,DSL,Credit Card,Yes,0,0
CUST-06674,49,One Year,73.64,3289.15,No,Fiber Optic,Electronic Check,Yes,0,0
CUST-06675,67,Month-to-Month,70.2,4304.94,Yes,No,Electronic Check,Yes,1,0
CUST-06676,3,Month-to-Month,78.13,227.51,Yes,No,Bank Transfer,Yes,2,1
CUST-06677,23,Two Year,78.75,1803.39,Yes,DSL,Electronic Check,Yes,1,0
CUST-06678,20,Month-to-Month,80.05,1542.42,Yes,DSL,Electronic Check,No,1,0
CUST-06679,52,Month-to-Month,72.37,3425.44,Yes,DSL,Electronic Check,No,1,0
CUST-06680,33,One Year,109.22,3331.78,No,Fiber Optic,Mailed Check,Yes,0,1
CUST-06681,56,Two Year,80.56,4231.15,No,Fiber Optic,Bank Transfer,No,1,0
CUST-06682,35,One Year,135.15,4316.52,Yes,Fiber Optic,Electronic Check,Yes,1,0
CUST-06683,71,Two Year,71.25,4981.84,Yes,DSL,Mailed Check,Yes,0,0
CUST-06684,56,Month-to-Month,93.97,4838.44,No,Fiber Optic,Mailed Check,Yes,2,1
CUST-06685,2,Month-to-Month,51.85,94.67,No,Fiber Optic,Credit Card,Yes,0,1
CUST-06686,72,Two Year,105.02,7354.02,No,Fiber Optic,Electronic Check,No,0,0
CUST-06687,69,Two Year,52.39,3299.27,No,DSL,Credit Card,Yes,3,0
CUST-06688,4,One Year,81.4,306.4,No,Fiber Optic,Credit Card,Yes,2,1
CUST-06689,29,Month-to-Month,63.39,1749.25,Yes,No,Mailed Check,Yes,0,1
CUST-06690,70,Month-to-Month,81.3,5167.56,No,Fiber Optic,Bank Transfer,No,0,0
CUST-06691,61,Month-to-Month,64.13,3738.16,Yes,Fiber Optic,Electronic Check,Yes,0,0
CUST-06692,34,Two Year,50.27,1620.33,No,DSL,Mailed Check,No,2,0
CUST-06693,40,Two Year,63.21,2444.56,Yes,DSL,Electronic Check,Yes,1,0
CUST-06694,3,Month-to-Month,108.54,300.19,No,DSL,Bank Transfer,Yes,0,1
CUST-06695,41,Month-to-Month,81.68,3133.42,No,DSL,Credit Card,Yes,1,1
CUST-06696,48,Month-to-Month,37.78,1751.72,No,DSL,Electronic Check,No,1,0
CUST-06697,26,Month-to-Month,97.38,2287.7,Yes,Fiber Optic,Mailed Check,No,0,0
CUST-06698,23,One Year,47.71,1000.3,No,Fiber Optic,Bank Transfer,Yes,3,0
CUST-06699,60,One Year,88.58,4934.02,No,No,Mailed Check,Yes,0,0
CUST-06700,33,Month-to-Month,83.83,2519.17,No,Fiber Optic,Mailed Check,Yes,2,1
CUST-06701,20,One Year,85.41,1544.13,No,DSL,Mailed Check,No,3,0
CUST-06702,27,Two Year,116.33,3136.95,No,DSL,Bank Transfer,No,2,0
CUST-06703,36,Month-to-Month,49.28,1677.53,No,DSL,Electronic Check,Yes,0,1
CUST-06704,19,Month-to-Month,85.27,1544.58,Yes,Fiber Optic,Mailed Check,Yes,1,0
CUST-06705,41,Month-to-Month,101.49,3851.05,No,Fiber Optic,Mailed Check,Yes,1,0
CUST-06706,63,Month-to-Month,53.92,3059.88,Yes,Fiber Optic,Electronic Check,No,0,0
CUST-06707,54,Month-to-Month,51.36,2704.3,No,No,Mailed Check,Yes,1,0
CUST-06708,17,One Year,62.82,1038.44,Yes,DSL,Mailed Check,Yes,3,0
CUST-06709,34,Month-to-Month,78.12,2648.79,No,Fiber Optic,Bank Transfer,No,2,0
CUST-06710,40,Month-to-Month,34.74,1253.57,Yes,DSL,Bank Transfer,Yes,0,0
CUST-06711,49,Two Year,83.79,3751.4,No,DSL,Mailed Check,No,0,0
CUST-06712,55,Month-to-Month,34.79,1858.37,Yes,Fiber Optic,Credit Card,Yes,0,0
CUST-06713,35,One Year,102.33,3341.61,No,Fiber Optic,Mailed Check,No,0,0
CUST-06714,23,One Year,82.84,1726.94,Yes,No,Mailed Check,Yes,1,0
CUST-06715,48,Two Year,117.83,5260.47,No,DSL,Mailed Check,Yes,2,0
CUST-06716,10,One Year,86.72,788.09,Yes,Fiber Optic,Mailed Check,No,2,1
CUST-06717,49,Two Year,62.38,3006.98,No,No,Credit Card,No,0,0
CUST-06718,65,One Year,50.03,3211.93,Yes,Fiber Optic,Bank Transfer,Yes,2,0
CUST-06719,52,Month-to-Month,75.97,3807.0,No,Fiber Optic,Electronic Check,No,3,1
CUST-06720,32,Month-to-Month,69.24,2079.55,Yes,Fiber Optic,Mailed Check,Yes,2,1
CUST-06721,60,Month-to-Month,99.65,5840.76,Yes,DSL,Electronic Check,Yes,1,0
CUST-06722,39,Month-to-Month,46.78,1757.21,Yes,Fiber Optic,Bank Transfer,Yes,0,0
CUST-06723,39,Month-to-Month,120.52,4602.51,No,DSL,Credit Card,Yes,0,1
CUST-06724,62,Month-to-Month,101.87,6007.03,Yes,Fiber Optic,Bank Transfer,Yes,0,0
CUST-06725,14,Month-to-Month,64.91,904.95,No,DSL,Mailed Check,No,0,0
CUST-06726,57,Month-to-Month,114.95,6086.97,Yes,Fiber Optic,Electronic Check,No,1,1
CUST-06727,49,Month-to-Month,50.42,2372.79,No,Fiber Optic,Electronic Check,Yes,2,0
CUST-06728,39,One Year,75.14,2874.21,Yes,DSL,Mailed Check,No,1,0
CUST-06729,6,One Year,38.09,226.11,Yes,Fiber Optic,Credit Card,Yes,1,0
CUST-06730,56,Two Year,116.16,6470.32,No,DSL,Mailed Check,Yes,1,0
CUST-06731,16,Month-to-Month,28.82,433.22,No,Fiber Optic,Credit Card,Yes,1,0
CUST-06732,65,Two Year,33.99,2142.92,No,No,Mailed Check,Yes,1,0
CUST-06733,58,One Year,54.13,2916.69,No,DSL,Electronic Check,No,0,0
CUST-06734,27,Month-to-Month,103.06,2685.06,Yes,DSL,Bank Transfer,Yes,1,1
CUST-06735,32,Two Year,93.87,2758.79,No,No,Electronic Check,No,1,0
CUST-06736,2,Month-to-Month,73.05,137.65,No,No,Electronic Check,Yes,2,0
CUST-06737,36,One Year,95.47,3409.51,No,Fiber Optic,Electronic Check,Yes,2,0
CUST-06738,5,One Year,67.11,329.2,No,Fiber Optic,Mailed Check,Yes,1,1
CUST-06739,72,Month-to-Month,80.56,5508.28,Yes,DSL,Electronic Check,No,1,0
CUST-06740,47,One Year,111.29,4784.38,No,No,Credit Card,Yes,1,0
CUST-06741,17,Month-to-Month,63.83,1019.85,No,Fiber Optic,Credit Card,Yes,1,1
CUST-06742,58,Month-to-Month,50.84,2694.74,Yes,Fiber Optic,Bank Transfer,Yes,0,0
CUST-06743,2,Month-to-Month,81.76,148.29,Yes,Fiber Optic,Mailed Check,No,0,1
CUST-06744,40,Month-to-Month,88.51,3507.3,No,Fiber Optic,Electronic Check,Yes,1,0
CUST-06745,9,Month-to-Month,72.76,621.54,Yes,DSL,Bank Transfer,No,1,0
CUST-06746,4,One Year,95.08,345.69,Yes,No,Electronic Check,Yes,1,0
CUST-06747,18,Month-to-Month,64.97,1136.33,No,Fiber Optic,Mailed Check,Yes,1,0
CUST-06748,22,Month-to-Month,73.19,1461.11,No,DSL,Electronic Check,No,2,1
CUST-06749,53,One Year,79.36,3952.1,No,DSL,Bank Transfer,Yes,0,0
CUST-06750,65,Month-to-Month,77.18,4630.56,No,Fiber Optic,Bank Transfer,Yes,1,1
CUST-06751,56,Month-to-Month,110.33,5662.35,Yes,Fiber Optic,Mailed Check,No,1,0
CUST-06752,54,One Year,79.24,4079.37,Yes,DSL,Bank Transfer,Yes,1,0
CUST-06753,41,Two Year,62.4,2486.69,Yes,Fiber Optic,Electronic Check,Yes,0,0
CUST-06754,27,Month-to-Month,83.2,2131.2,Yes,Fiber Optic,Electronic Check,Yes,0,0
CUST-06755,19,Month-to-Month,95.22,1776.76,No,Fiber Optic,Mailed Check,No,3,0
CUST-06756,69,One Year,89.36,6114.9,Yes,No,Bank Transfer,Yes,2,0
CUST-06757,38,Two Year,87.97,3278.4,Yes,DSL,Electronic Check,No,1,0
CUST-06758,41,Month-to-Month,32.55,1328.74,No,No,Credit Card,No,4,0
CUST-06759,2,Month-to-Month,15.0,29.79,No,DSL,Electronic Check,No,0,0
CUST-06760,33,Month-to-Month,101.88,3305.73,No,DSL,Electronic Check,Yes,2,0
CUST-06761,50,One Year,80.97,3762.12,No,DSL,Bank Transfer,No,0,1
CUST-06762,36,Two Year,69.46,2294.1,No,No,Electronic Check,No,2,0
CUST-06763,45,One Year,87.36,3823.88,No,DSL,Mailed Check,Yes,1,0
CUST-06764,59,Month-to-Month,118.18,6864.91,No,DSL,Electronic Check,No,2,1
CUST-06765,2,One Year,105.34,206.95,No,DSL,Mailed Check,Yes,0,0
CUST-06766,66,Two Year,94.06,5986.72,No,Fiber Optic,Electronic Check,Yes,2,0
CUST-06767,59,Month-to-Month,47.83,2773.96,Yes,Fiber Optic,Electronic Check,No,1,1
CUST-06768,31,Two Year,51.08,1537.11,No,DSL,Mailed Check,Yes,1,0
CUST-06769,55,Month-to-Month,15.0,797.39,Yes,Fiber Optic,Credit Card,Yes,0,0
CUST-06770,5,Month-to-Month,85.84,388.28,Yes,No,Bank Transfer,Yes,1,0
CUST-06771,23,One Year,97.72,2126.3,No,No,Mailed Check,Yes,0,1
CUST-06772,8,Month-to-Month,99.75,720.9,Yes,No,Credit Card,No,0,0
CUST-06773,46,Two Year,86.89,3634.17,No,DSL,Electronic Check,No,1,0
CUST-06774,62,Month-to-Month,66.15,3913.05,No,DSL,Credit Card,No,2,0
CUST-06775,44,Month-to-Month,55.89,2224.92,Yes,DSL,Credit Card,No,1,0
CUST-06776,52,Month-to-Month,49.37,2544.96,No,No,Bank Transfer,Yes,0,1
CUST-06777,11,Month-to-Month,65.91,685.16,No,Fiber Optic,Electronic Check,Yes,2,1
CUST-06778,68,Month-to-Month,45.55,3004.47,No,Fiber Optic,Credit Card,No,0,0
CUST-06779,14,One Year,113.9,1458.71,Yes,Fiber Optic,Mailed Check,No,1,0
CUST-06780,38,Month-to-Month,37.44,1401.04,No,Fiber Optic,Electronic Check,No,1,1
CUST-06781,50,Month-to-Month,65.07,3083.69,Yes,Fiber Optic,Credit Card,No,2,0
CUST-06782,62,One Year,21.59,1279.52,No,Fiber Optic,Mailed Check,Yes,1,0
CUST-06783,68,Month-to-Month,77.41,5078.85,Yes,Fiber Optic,Mailed Check,No,0,1
CUST-06784,44,One Year,69.94,2935.77,Yes,DSL,Bank Transfer,Yes,1,0
CUST-06785,42,Month-to-Month,61.08,2453.3,Yes,DSL,Credit Card,Yes,0,0
CUST-06786,31,Month-to-Month,46.68,1410.11,No,DSL,Mailed Check,No,2,0
CUST-06787,41,One Year,70.06,2816.87,No,No,Credit Card,No,0,0
CUST-06788,49,One Year,56.39,2571.4,No,No,Electronic Check,Yes,0,0
CUST-06789,47,Two Year,66.58,3104.87,No,Fiber Optic,Bank Transfer,No,0,0
CUST-06790,43,Month-to-Month,118.94,4783.98,Yes,No,Mailed Check,No,1,1
CUST-06791,32,Month-to-Month,74.3,2204.59,No,DSL,Electronic Check,Yes,2,1
CUST-06792,15,One Year,83.32,1163.74,Yes,DSL,Electronic Check,Yes,1,0
CUST-06793,4,One Year,58.39,218.58,No,DSL,Electronic Check,Yes,1,0
CUST-06794,31,One Year,50.39,1455.39,No,DSL,Electronic Check,Yes,1,0
CUST-06795,29,One Year,69.43,1982.01,Yes,Fiber Optic,Bank Transfer,Yes,1,1
CUST-06796,44,One Year,132.6,5578.36,Yes,DSL,Electronic Check,Yes,1,0
CUST-06797,65,Month-to-Month,62.81,4069.44,No,No,Bank Transfer,Yes,0,0
CUST-06798,51,One Year,79.04,3661.78,No,Fiber Optic,Credit Card,Yes,2,0
CUST-06799,58,Month-to-Month,49.29,2748.46,No,DSL,Bank Transfer,Yes,0,0
CUST-06800,42,Month-to-Month,15.0,573.05,No,No,Credit Card,No,2,0
CUST-06801,67,One Year,50.25,3184.56,No,No,Bank Transfer,Yes,1,0
CUST-06802,68,Month-to-Month,129.52,8263.71,Yes,Fiber Optic,Credit Card,Yes,1,0
CUST-06803,12,Month-to-Month,84.88,986.05,No,DSL,Bank Transfer,Yes,0,1
CUST-06804,47,Two Year,111.02,5085.11,No,Fiber Optic,Electronic Check,No,2,0
CUST-06805,37,One Year,61.31,2095.63,Yes,Fiber Optic,Bank Transfer,Yes,2,0
CUST-06806,70,Month-to-Month,15.0,965.34,No,Fiber Optic,Bank Transfer,No,2,0
CUST-06807,43,Two Year,42.28,1712.5,Yes,DSL,Bank Transfer,Yes,1,0
CUST-06808,2,Month-to-Month,79.93,147.74,No,No,Electronic Check,Yes,0,1
CUST-06809,16,One Year,75.94,1175.75,No,DSL,Mailed Check,Yes,1,0
CUST-06810,10,Month-to-Month,69.74,663.76,No,No,Credit Card,No,0,1
CUST-06811,15,Month-to-Month,56.74,836.37,No,DSL,Credit Card,No,3,1
CUST-06812,7,Month-to-Month,93.49,653.2,No,No,Mailed Check,Yes,0,0
CUST-06813,57,Month-to-Month,57.47,3072.07,Yes,DSL,Mailed Check,No,1,0
CUST-06814,36,Month-to-Month,77.7,2772.58,No,Fiber Optic,Electronic Check,Yes,0,1
CUST-06815,49,Month-to-Month,74.88,3587.36,Yes,No,Bank Transfer,Yes,0,0
CUST-06816,72,One Year,60.79,4004.46,No,DSL,Electronic Check,No,2,1
CUST-06817,47,Month-to-Month,47.97,2217.6,No,DSL,Credit Card,Yes,3,1
CUST-06818,35,Month-to-Month,59.32,1968.55,No,No,Mailed Check,No,3,0
CUST-06819,20,Two Year,116.84,2268.84,Yes,No,Electronic Check,Yes,1,0
CUST-06820,55,One Year,97.81,5219.57,Yes,Fiber Optic,Electronic Check,Yes,1,0
CUST-06821,37,Two Year,95.51,3493.57,No,Fiber Optic,Bank Transfer,Yes,0,0
CUST-06822,55,Month-to-Month,50.34,2702.57,Yes,DSL,Bank Transfer,No,0,0
CUST-06823,2,Month-to-Month,34.06,66.93,Yes,Fiber Optic,Bank Transfer,No,1,0
CUST-06824,12,One Year,97.41,1089.54,Yes,Fiber Optic,Mailed Check,No,0,0
CUST-06825,10,One Year,92.62,923.71,Yes,DSL,Mailed Check,No,4,0
CUST-06826,50,Month-to-Month,73.43,3547.25,No,DSL,Electronic Check,No,1,1
CUST-06827,38,Two Year,60.74,2255.89,No,No,Electronic Check,Yes,1,0
CUST-06828,23,One Year,33.4,757.36,No,Fiber Optic,Electronic Check,No,1,0
CUST-06829,23,One Year,91.69,1924.09,No,Fiber Optic,Mailed Check,Yes,1,0
CUST-06830,44,Month-to-Month,99.65,4093.64,Yes,No,Credit Card,Yes,2,1
CUST-06831,70,One Year,53.02,3650.51,No,Fiber Optic,Electronic Check,No,3,0
CUST-06832,72,Month-to-Month,50.94,3639.07,No,DSL,Bank Transfer,Yes,1,1
CUST-06833,34,Two Year,101.03,3351.24,No,No,Electronic Check,Yes,1,0
CUST-06834,49,Month-to-Month,53.95,2506.7,No,No,Electronic Check,No,1,1
CUST-06835,7,Month-to-Month,114.48,741.35,Yes,DSL,Electronic Check,No,3,1
CUST-06836,69,Month-to-Month,67.27,4421.17,No,DSL,Mailed Check,Yes,0,0
CUST-06837,2,One Year,60.34,113.41,Yes,Fiber Optic,Electronic Check,Yes,1,0
CUST-06838,25,Two Year,71.13,1757.91,No,DSL,Credit Card,Yes,0,0
CUST-06839,53,Two Year,60.33,3059.12,No,DSL,Electronic Check,Yes,0,1
CUST-06840,70,One Year,98.16,6453.48,Yes,DSL,Mailed Check,Yes,0,0
CUST-06841,13,Two Year,92.15,1137.87,Yes,Fiber Optic,Credit Card,No,0,0
CUST-06842,48,One Year,97.2,4634.61,No,DSL,Electronic Check,Yes,1,0
CUST-06843,14,Month-to-Month,74.61,1004.14,Yes,No,Bank Transfer,Yes,0,0
CUST-06844,4,One Year,58.59,216.29,Yes,Fiber Optic,Bank Transfer,Yes,2,0
CUST-06845,31,Month-to-Month,69.77,2054.74,No,Fiber Optic,Electronic Check,No,1,1
CUST-06846,42,Month-to-Month,59.36,2359.9,Yes,No,Electronic Check,No,0,0
CUST-06847,20,Month-to-Month,106.66,1986.1,Yes,Fiber Optic,Credit Card,No,1,0
CUST-06848,71,Month-to-Month,95.06,6571.28,Yes,Fiber Optic,Electronic Check,No,0,0
CUST-06849,45,Two Year,67.71,2824.0,No,No,Electronic Check,Yes,3,1
CUST-06850,32,Two Year,46.84,1422.82,No,No,Mailed Check,Yes,1,0
CUST-06851,35,Month-to-Month,108.52,3585.9,No,Fiber Optic,Electronic Check,Yes,0,1
CUST-06852,34,One Year,73.42,2363.19,No,Fiber Optic,Credit Card,Yes,0,0
CUST-06853,9,Month-to-Month,66.75,574.72,Yes,Fiber Optic,Credit Card,Yes,1,0
CUST-06854,44,Month-to-Month,108.74,4633.03,Yes,Fiber Optic,Credit Card,No,1,1
CUST-06855,57,Month-to-Month,57.25,2983.59,Yes,Fiber Optic,Electronic Check,Yes,0,0
CUST-06856,31,Month-to-Month,62.03,1786.08,Yes,No,Credit Card,Yes,0,0
CUST-06857,31,Month-to-Month,64.23,1945.9,Yes,Fiber Optic,Bank Transfer,Yes,2,0
CUST-06858,66,Month-to-Month,37.09,2425.36,Yes,DSL,Bank Transfer,Yes,1,1
CUST-06859,44,Month-to-Month,77.89,3099.75,No,Fiber Optic,Bank Transfer,Yes,1,0
CUST-06860,22,Month-to-Month,50.94,1016.83,Yes,Fiber Optic,Bank Transfer,No,0,0
CUST-06861,1,Two Year,55.73,55.36,No,Fiber Optic,Mailed Check,Yes,0,0
CUST-06862,60,Month-to-Month,52.39,2875.56,No,Fiber Optic,Bank Transfer,No,2,0
CUST-06863,46,Month-to-Month,55.32,2539.45,No,No,Bank Transfer,No,2,1
CUST-06864,46,Month-to-Month,49.03,2216.64,No,DSL,Electronic Check,Yes,0,1
CUST-06865,21,Month-to-Month,76.18,1459.11,No,No,Electronic Check,Yes,0,1
CUST-06866,14,Month-to-Month,66.11,842.48,Yes,Fiber Optic,Mailed Check,Yes,2,1
CUST-06867,36,Month-to-Month,71.2,2557.38,No,DSL,Bank Transfer,No,0,1
CUST-06868,55,One Year,128.84,6558.15,Yes,DSL,Bank Transfer,No,1,0
CUST-06869,22,One Year,66.11,1387.32,No,No,Bank Transfer,Yes,0,0
CUST-06870,38,One Year,85.12,2987.52,No,No,Bank Transfer,Yes,0,0
CUST-06871,72,One Year,87.97,6080.91,No,DSL,Electronic Check,No,0,0
CUST-06872,16,Month-to-Month,68.43,1077.37,Yes,Fiber Optic,Bank Transfer,Yes,0,1
CUST-06873,17,Month-to-Month,76.84,1261.46,No,DSL,Electronic Check,Yes,3,1
CUST-06874,17,Month-to-Month,70.52,1084.54,No,Fiber Optic,Credit Card,No,2,0
CUST-06875,66,Month-to-Month,75.06,4753.42,Yes,DSL,Mailed Check,No,3,0
CUST-06876,39,Month-to-Month,55.34,2085.1,Yes,Fiber Optic,Credit Card,No,1,0
CUST-06877,67,Month-to-Month,57.64,3553.28,Yes,Fiber Optic,Electronic Check,No,0,0
CUST-06878,69,One Year,70.42,4743.39,No,Fiber Optic,Bank Transfer,No,0,0
CUST-06879,31,Month-to-Month,20.7,617.76,No,DSL,Mailed Check,Yes,0,0
CUST-06880,4,Month-to-Month,107.4,387.05,Yes,Fiber Optic,Electronic Check,Yes,3,1
CUST-06881,22,One Year,124.02,2714.95,No,No,Bank Transfer,Yes,1,0
CUST-06882,40,Month-to-Month,74.26,2805.71,No,Fiber Optic,Electronic Check,No,0,1
CUST-06883,28,Two Year,86.64,2239.7,Yes,No,Electronic Check,No,1,0
CUST-06884,1,Two Year,97.03,88.16,No,Fiber Optic,Mailed Check,No,3,0
CUST-06885,72,Two Year,36.88,2489.25,No,DSL,Mailed Check,Yes,3,0
CUST-06886,22,Month-to-Month,93.21,1908.67,Yes,DSL,Mailed Check,Yes,1,1
CUST-06887,45,Month-to-Month,59.34,2482.83,No,Fiber Optic,Mailed Check,Yes,1,0
CUST-06888,69,One Year,127.27,8600.03,Yes,Fiber Optic,Electronic Check,No,1,0
CUST-06889,40,One Year,65.29,2519.13,Yes,No,Mailed Check,No,1,0
CUST-06890,51,One Year,92.7,4317.83,Yes,DSL,Mailed Check,No,0,0
CUST-06891,3,Month-to-Month,65.54,190.88,Yes,DSL,Bank Transfer,Yes,0,0
CUST-06892,51,Month-to-Month,124.92,6194.75,No,No,Mailed Check,Yes,0,0
CUST-06893,62,Month-to-Month,57.19,3373.55,Yes,No,Electronic Check,Yes,0,0
CUST-06894,67,Month-to-Month,99.13,6638.9,Yes,Fiber Optic,Bank Transfer,Yes,0,0
CUST-06895,7,Month-to-Month,85.67,556.72,No,Fiber Optic,Electronic Check,Yes,0,1
CUST-06896,17,Two Year,80.11,1233.64,Yes,No,Electronic Check,No,1,0
CUST-06897,4,Month-to-Month,75.73,273.5,Yes,Fiber Optic,Bank Transfer,No,0,1
CUST-06898,67,One Year,53.32,3329.71,Yes,Fiber Optic,Bank Transfer,No,0,0
CUST-06899,20,Two Year,15.0,284.94,No,No,Electronic Check,Yes,0,0
CUST-06900,39,Month-to-Month,96.86,3429.34,Yes,DSL,Electronic Check,Yes,0,1
CUST-06901,35,Month-to-Month,57.78,1934.49,Yes,DSL,Mailed Check,Yes,0,0
CUST-06902,50,One Year,99.24,4912.81,No,No,Mailed Check,Yes,0,0
CUST-06903,65,Month-to-Month,78.79,5017.32,Yes,Fiber Optic,Bank Transfer,Yes,0,1
CUST-06904,24,Month-to-Month,100.01,2321.62,No,DSL,Bank Transfer,Yes,1,1
CUST-06905,57,Two Year,90.05,4959.22,No,Fiber Optic,Electronic Check,No,2,0
CUST-06906,21,One Year,15.0,306.5,No,Fiber Optic,Bank Transfer,No,0,0
CUST-06907,15,Two Year,85.37,1215.78,Yes,DSL,Credit Card,No,1,0
CUST-06908,8,Two Year,61.41,461.89,No,Fiber Optic,Credit Card,Yes,4,0
CUST-06909,27,Month-to-Month,99.13,2490.94,Yes,DSL,Electronic Check,Yes,1,0
CUST-06910,41,One Year,84.78,3163.01,Yes,DSL,Credit Card,Yes,1,0
CUST-06911,57,One Year,85.07,4636.68,No,DSL,Electronic Check,No,0,0
CUST-06912,62,One Year,63.19,3711.12,Yes,Fiber Optic,Electronic Check,Yes,1,0
CUST-06913,38,One Year,47.18,1634.87,Yes,No,Mailed Check,Yes,0,0
CUST-06914,30,One Year,59.18,1645.49,No,Fiber Optic,Electronic Check,Yes,2,0
CUST-06915,13,Two Year,25.0,318.08,Yes,No,Electronic Check,Yes,0,0
CUST-06916,66,Month-to-Month,55.24,3374.45,Yes,DSL,Electronic Check,Yes,0,0
CUST-06917,29,One Year,33.4,912.98,No,Fiber Optic,Bank Transfer,Yes,0,0
CUST-06918,56,Month-to-Month,34.06,1747.39,Yes,Fiber Optic,Bank Transfer,Yes,0,0
CUST-06919,46,One Year,72.91,3075.44,No,No,Bank Transfer,No,1,0
CUST-06920,68,One Year,83.35,5529.7,No,Fiber Optic,Mailed Check,Yes,1,0
CUST-06921,71,One Year,69.21,4455.28,Yes,Fiber Optic,Electronic Check,Yes,2,0
CUST-06922,51,Month-to-Month,57.53,2724.25,Yes,DSL,Bank Transfer,No,1,0
CUST-06923,48,Month-to-Month,46.31,2218.62,Yes,No,Bank Transfer,No,1,0
CUST-06924,10,Month-to-Month,62.07,588.17,Yes,No,Electronic Check,Yes,0,0
CUST-06925,2,Month-to-Month,49.44,94.99,Yes,No,Credit Card,No,0,0
CUST-06926,40,Month-to-Month,68.43,2638.88,No,DSL,Bank Transfer,Yes,1,0
CUST-06927,51,Two Year,31.96,1498.93,Yes,DSL,Bank Transfer,No,1,0
CUST-06928,54,Month-to-Month,87.53,4428.53,No,Fiber Optic,Bank Transfer,No,2,0
CUST-06929,19,Two Year,55.82,997.02,Yes,Fiber Optic,Bank Transfer,Yes,1,0
CUST-06930,37,Month-to-Month,79.41,2712.13,Yes,Fiber Optic,Bank Transfer,Yes,2,0
CUST-06931,63,One Year,92.18,5362.49,Yes,DSL,Credit Card,Yes,1,1
CUST-06932,7,One Year,78.2,525.93,Yes,Fiber Optic,Electronic Check,No,1,1
CUST-06933,28,One Year,89.98,2294.83,No,DSL,Electronic Check,No,0,0
CUST-06934,69,One Year,18.33,1154.63,No,Fiber Optic,Electronic Check,Yes,1,0
CUST-06935,15,One Year,57.68,828.28,No,DSL,Credit Card,Yes,0,0
CUST-06936,23,Two Year,97.58,2120.75,Yes,No,Mailed Check,No,0,0
CUST-06937,34,One Year,82.73,2703.66,Yes,DSL,Electronic Check,Yes,0,0
CUST-06938,50,Month-to-Month,116.21,5245.11,No,Fiber Optic,Electronic Check,Yes,3,1
CUST-06939,19,Month-to-Month,112.61,2076.45,No,DSL,Mailed Check,Yes,0,0
CUST-06940,58,One Year,77.49,4426.95,Yes,DSL,Credit Card,Yes,0,0
CUST-06941,17,Month-to-Month,63.7,1031.37,Yes,Fiber Optic,Bank Transfer,Yes,1,0
CUST-06942,27,Month-to-Month,46.04,1223.3,No,DSL,Electronic Check,No,2,1
CUST-06943,42,One Year,58.1,2293.71,Yes,Fiber Optic,Credit Card,Yes,2,0
CUST-06944,1,Month-to-Month,59.79,54.28,No,DSL,Credit Card,Yes,1,1
CUST-06945,56,One Year,55.17,2897.21,Yes,Fiber Optic,Bank Transfer,No,0,0
CUST-06946,49,One Year,47.04,2177.35,No,No,Bank Transfer,Yes,0,1
CUST-06947,61,One Year,80.04,4816.79,No,Fiber Optic,Bank Transfer,No,0,0
CUST-06948,20,One Year,112.42,2098.82,No,DSL,Bank Transfer,No,2,0
CUST-06949,29,Two Year,93.33,2521.2,Yes,Fiber Optic,Credit Card,Yes,0,0
CUST-06950,65,One Year,61.94,3981.01,No,DSL,Bank Transfer,No,2,0
CUST-06951,5,Two Year,95.35,441.04,No,Fiber Optic,Mailed Check,No,2,1
CUST-06952,36,Month-to-Month,78.67,2730.86,Yes,No,Electronic Check,Yes,1,1
CUST-06953,35,One Year,68.98,2251.73,No,DSL,Mailed Check,No,0,1
CUST-06954,33,One Year,67.42,2214.06,Yes,DSL,Electronic Check,Yes,1,0
CUST-06955,32,Month-to-Month,65.0,1911.44,No,No,Bank Transfer,No,3,1
CUST-06956,54,Month-to-Month,86.28,4530.5,No,Fiber Optic,Credit Card,No,2,1
CUST-06957,15,One Year,73.49,1052.75,No,DSL,Electronic Check,No,0,0
CUST-06958,65,Month-to-Month,51.79,3359.18,No,No,Mailed Check,Yes,0,0
CUST-06959,65,Two Year,50.58,3285.75,Yes,DSL,Bank Transfer,No,2,0
CUST-06960,13,Month-to-Month,77.65,988.62,No,Fiber Optic,Electronic Check,Yes,0,1
CUST-06961,71,Month-to-Month,80.72,5217.3,No,DSL,Mailed Check,No,2,1
CUST-06962,19,One Year,62.17,1118.51,Yes,No,Credit Card,Yes,0,0
CUST-06963,4,Month-to-Month,41.7,164.37,No,Fiber Optic,Electronic Check,Yes,0,1
CUST-06964,29,Month-to-Month,101.27,2830.66,Yes,DSL,Bank Transfer,No,0,0
CUST-06965,58,One Year,95.97,5498.89,Yes,No,Bank Transfer,Yes,1,1
CUST-06966,61,Month-to-Month,20.32,1214.65,No,DSL,Bank Transfer,No,2,0
CUST-06967,47,Month-to-Month,103.49,4529.85,Yes,No,Electronic Check,Yes,3,1
CUST-06968,59,One Year,64.78,3514.37,Yes,Fiber Optic,Electronic Check,Yes,1,0
CUST-06969,19,One Year,74.75,1324.04,Yes,DSL,Electronic Check,No,1,0
CUST-06970,64,One Year,98.46,6109.84,No,Fiber Optic,Mailed Check,No,1,0
CUST-06971,46,Month-to-Month,111.31,4854.55,Yes,DSL,Electronic Check,Yes,2,1
CUST-06972,10,Month-to-Month,95.07,859.8,Yes,Fiber Optic,Bank Transfer,No,1,1
CUST-06973,10,Two Year,76.03,740.72,Yes,Fiber Optic,Mailed Check,Yes,2,0
CUST-06974,20,One Year,35.61,644.16,Yes,Fiber Optic,Credit Card,No,0,0
CUST-06975,5,Month-to-Month,19.34,90.99,Yes,No,Credit Card,No,0,0
CUST-06976,21,Two Year,91.95,1827.12,No,No,Mailed Check,Yes,1,0
CUST-06977,72,Month-to-Month,103.55,7085.08,No,Fiber Optic,Electronic Check,Yes,0,0
CUST-06978,18,One Year,49.63,816.43,No,Fiber Optic,Electronic Check,Yes,3,0
CUST-06979,46,One Year,63.26,2836.57,No,DSL,Bank Transfer,No,1,0
CUST-06980,71,Two Year,56.07,3921.01,Yes,No,Mailed Check,Yes,2,0
CUST-06981,19,Two Year,55.4,1020.8,Yes,No,Electronic Check,Yes,1,0
CUST-06982,51,Month-to-Month,96.87,4916.2,No,No,Bank Transfer,Yes,2,0
CUST-06983,33,One Year,75.46,2305.28,Yes,Fiber Optic,Electronic Check,No,3,0
CUST-06984,21,Month-to-Month,64.27,1236.4,No,DSL,Mailed Check,No,3,0
CUST-06985,69,One Year,136.44,8536.28,Yes,DSL,Mailed Check,Yes,0,0
CUST-06986,48,One Year,34.14,1593.08,No,Fiber Optic,Electronic Check,Yes,1,0
CUST-06987,32,Month-to-Month,83.7,2453.98,Yes,DSL,Credit Card,Yes,4,0
CUST-06988,59,Month-to-Month,43.78,2567.05,No,Fiber Optic,Bank Transfer,No,1,0
CUST-06989,65,Month-to-Month,66.06,4121.44,No,Fiber Optic,Mailed Check,No,3,0
CUST-06990,57,Month-to-Month,73.72,4119.74,Yes,Fiber Optic,Bank Transfer,No,1,0
CUST-06991,63,Month-to-Month,91.11,5415.45,Yes,Fiber Optic,Electronic Check,Yes,0,0
CUST-06992,24,Two Year,63.47,1482.89,Yes,DSL,Mailed Check,Yes,0,0
CUST-06993,25,Month-to-Month,60.83,1436.14,Yes,Fiber Optic,Bank Transfer,Yes,0,1
CUST-06994,17,One Year,63.02,1021.93,No,DSL,Mailed Check,No,0,0
CUST-06995,51,Two Year,43.0,2143.35,No,DSL,Bank Transfer,No,3,0
CUST-06996,58,One Year,85.81,4597.81,No,Fiber Optic,Mailed Check,Yes,4,0
CUST-06997,48,Month-to-Month,77.03,3654.74,No,DSL,Mailed Check,Yes,1,0
CUST-06998,44,Two Year,80.88,3457.76,No,DSL,Mailed Check,Yes,0,0
CUST-06999,56,One Year,68.26,3725.67,Yes,DSL,Bank Transfer,Yes,0,0
